EEEEEEEEEEEEEEEEEEEEEEEEEEEEEEEEEEEEEEEEEEEEEEEEEEEEEEE                  [100%]
=================================== ERRORS ====================================
_ ERROR at setup of test_intact_proposal_redacted_display_and_replay_after_reopen _

fixturedef = <FixtureDef argname='onboarding' scope='function' baseid='test_native_request_ingress.py'>
request = <SubRequest 'onboarding' for <Function test_intact_proposal_redacted_display_and_replay_after_reopen>>

    @pytest.hookimpl(wrapper=True)
    def pytest_fixture_setup(fixturedef: FixtureDef, request) -> object | None:
        if (
            fixturedef.argname == "event_loop_policy"
            and fixturedef.func.__module__ != __name__
        ):
            warnings.warn(
                PytestDeprecationWarning(_EVENT_LOOP_POLICY_FIXTURE_DEPRECATION_WARNING),
            )
        asyncio_mode = _get_asyncio_mode(request.config)
        if not _is_asyncio_fixture_function(fixturedef.func):
            if asyncio_mode == Mode.STRICT:
                # Ignore async fixtures without explicit asyncio mark in strict mode
                # This applies to pytest_trio fixtures, for example
                return (yield)
            if not _is_coroutine_or_asyncgen(fixturedef.func):
>               return (yield)
                        ^^^^^

..\okto-r4-native-installed-zk_r383i\Lib\site-packages\pytest_asyncio\plugin.py:926: 
_ _ _ _ _ _ _ _ _ _ _ _ _ _ _ _ _ _ _ _ _ _ _ _ _ _ _ _ _ _ _ _ _ _ _ _ _ _ _ _
D:\Projetos\Techridy\okto_labs_okto_nexus\tests\execution_r4\test_binding_operator.py:32: in onboarding
    with TestClient(app, raise_server_exceptions=False) as client:
         ^^^^^^^^^^^^^^^^^^^^^^^^^^^^^^^^^^^^^^^^^^^^^^
..\okto-r4-native-installed-zk_r383i\Lib\site-packages\starlette\testclient.py:517: in __enter__
    portal.call(self.wait_startup)
..\okto-r4-native-installed-zk_r383i\Lib\site-packages\anyio\from_thread.py:340: in call
    return cast(T_Retval, self.start_task_soon(func, *args).result())
                          ^^^^^^^^^^^^^^^^^^^^^^^^^^^^^^^^^^^^^^^^^^
C:\Python313\Lib\concurrent\futures\_base.py:456: in result
    return self.__get_result()
           ^^^^^^^^^^^^^^^^^^^
C:\Python313\Lib\concurrent\futures\_base.py:401: in __get_result
    raise self._exception
..\okto-r4-native-installed-zk_r383i\Lib\site-packages\anyio\from_thread.py:265: in _call_func
    retval = await retval_or_awaitable
             ^^^^^^^^^^^^^^^^^^^^^^^^^
..\okto-r4-native-installed-zk_r383i\Lib\site-packages\starlette\testclient.py:552: in wait_startup
    await receive()
..\okto-r4-native-installed-zk_r383i\Lib\site-packages\starlette\testclient.py:543: in receive
    self.task.result()
C:\Python313\Lib\concurrent\futures\_base.py:449: in result
    return self.__get_result()
           ^^^^^^^^^^^^^^^^^^^
C:\Python313\Lib\concurrent\futures\_base.py:401: in __get_result
    raise self._exception
..\okto-r4-native-installed-zk_r383i\Lib\site-packages\anyio\from_thread.py:265: in _call_func
    retval = await retval_or_awaitable
             ^^^^^^^^^^^^^^^^^^^^^^^^^
..\okto-r4-native-installed-zk_r383i\Lib\site-packages\starlette\testclient.py:533: in lifespan
    await self.app(scope, self.stream_receive.receive, self.stream_send.send)
..\okto-r4-native-installed-zk_r383i\Lib\site-packages\fastapi\applications.py:1202: in __call__
    await lifespan(
..\okto-r4-native-installed-zk_r383i\Lib\site-packages\fastapi\telemetry\_runtime.py:239: in lifespan
    await app(scope, wrapped_receive, wrapped_send)
..\okto-r4-native-installed-zk_r383i\Lib\site-packages\starlette\applications.py:96: in __call__
    await self.middleware_stack(scope, receive, send)
..\okto-r4-native-installed-zk_r383i\Lib\site-packages\starlette\middleware\errors.py:151: in __call__
    await self.app(scope, receive, send)
..\okto-r4-native-installed-zk_r383i\Lib\site-packages\fastapi\telemetry\_asgi.py:151: in __call__
    await self.app(scope, receive, send)
..\okto-r4-native-installed-zk_r383i\Lib\site-packages\starlette\middleware\base.py:103: in __call__
    await self.app(scope, receive, send)
..\okto-r4-native-installed-zk_r383i\Lib\site-packages\starlette\middleware\base.py:103: in __call__
    await self.app(scope, receive, send)
..\okto-r4-native-installed-zk_r383i\Lib\site-packages\starlette\middleware\base.py:103: in __call__
    await self.app(scope, receive, send)
..\okto-r4-native-installed-zk_r383i\Lib\site-packages\starlette\middleware\exceptions.py:49: in __call__
    await self.app(scope, receive, send)
..\okto-r4-native-installed-zk_r383i\Lib\site-packages\fastapi\middleware\asyncexitstack.py:18: in __call__
    await self.app(scope, receive, send)
..\okto-r4-native-installed-zk_r383i\Lib\site-packages\starlette\routing.py:676: in __call__
    await self.middleware_stack(scope, receive, send)
..\okto-r4-native-installed-zk_r383i\Lib\site-packages\fastapi\routing.py:2773: in app
    await self.lifespan(scope, receive, send)
..\okto-r4-native-installed-zk_r383i\Lib\site-packages\starlette\routing.py:654: in lifespan
    async with self.lifespan_context(app) as maybe_state:
               ^^^^^^^^^^^^^^^^^^^^^^^^^^
C:\Python313\Lib\contextlib.py:214: in __aenter__
    return await anext(self.gen)
           ^^^^^^^^^^^^^^^^^^^^^
..\okto-r4-native-installed-zk_r383i\Lib\site-packages\fastapi\routing.py:247: in merged_lifespan
    async with original_context(app) as maybe_original_state:
               ^^^^^^^^^^^^^^^^^^^^^
C:\Python313\Lib\contextlib.py:214: in __aenter__
    return await anext(self.gen)
           ^^^^^^^^^^^^^^^^^^^^^
..\okto-r4-native-installed-zk_r383i\Lib\site-packages\fastapi\routing.py:247: in merged_lifespan
    async with original_context(app) as maybe_original_state:
               ^^^^^^^^^^^^^^^^^^^^^
C:\Python313\Lib\contextlib.py:214: in __aenter__
    return await anext(self.gen)
           ^^^^^^^^^^^^^^^^^^^^^
..\okto-r4-native-installed-zk_r383i\Lib\site-packages\fastapi\routing.py:247: in merged_lifespan
    async with original_context(app) as maybe_original_state:
               ^^^^^^^^^^^^^^^^^^^^^
C:\Python313\Lib\contextlib.py:214: in __aenter__
    return await anext(self.gen)
           ^^^^^^^^^^^^^^^^^^^^^
..\okto-r4-native-installed-zk_r383i\Lib\site-packages\fastapi\routing.py:247: in merged_lifespan
    async with original_context(app) as maybe_original_state:
               ^^^^^^^^^^^^^^^^^^^^^
C:\Python313\Lib\contextlib.py:214: in __aenter__
    return await anext(self.gen)
           ^^^^^^^^^^^^^^^^^^^^^
..\okto-r4-native-installed-zk_r383i\Lib\site-packages\fastapi\routing.py:247: in merged_lifespan
    async with original_context(app) as maybe_original_state:
               ^^^^^^^^^^^^^^^^^^^^^
C:\Python313\Lib\contextlib.py:214: in __aenter__
    return await anext(self.gen)
           ^^^^^^^^^^^^^^^^^^^^^
..\okto-r4-native-installed-zk_r383i\Lib\site-packages\fastapi\routing.py:247: in merged_lifespan
    async with original_context(app) as maybe_original_state:
               ^^^^^^^^^^^^^^^^^^^^^
C:\Python313\Lib\contextlib.py:214: in __aenter__
    return await anext(self.gen)
           ^^^^^^^^^^^^^^^^^^^^^
..\okto-r4-native-installed-zk_r383i\Lib\site-packages\fastapi\routing.py:247: in merged_lifespan
    async with original_context(app) as maybe_original_state:
               ^^^^^^^^^^^^^^^^^^^^^
C:\Python313\Lib\contextlib.py:214: in __aenter__
    return await anext(self.gen)
           ^^^^^^^^^^^^^^^^^^^^^
..\okto-r4-native-installed-zk_r383i\Lib\site-packages\okto_nexus\adapters\inbound\http\app.py:603: in lifespan
    await embedded_inventory.start()
..\okto-r4-native-installed-zk_r383i\Lib\site-packages\okto_nexus\bootstrap\embedded_inventory.py:57: in start
    return await asyncio.shield(self._startup_task)
           ^^^^^^^^^^^^^^^^^^^^^^^^^^^^^^^^^^^^^^^^
..\okto-r4-native-installed-zk_r383i\Lib\site-packages\okto_nexus\bootstrap\embedded_inventory.py:61: in _start
    await self.refresh()
..\okto-r4-native-installed-zk_r383i\Lib\site-packages\okto_nexus\bootstrap\embedded_inventory.py:71: in refresh
    return await asyncio.shield(self._refresh_task)
           ^^^^^^^^^^^^^^^^^^^^^^^^^^^^^^^^^^^^^^^^
..\okto-r4-native-installed-zk_r383i\Lib\site-packages\okto_nexus\bootstrap\embedded_inventory.py:75: in _refresh_owned
    return await self._refresh()
           ^^^^^^^^^^^^^^^^^^^^^
..\okto-r4-native-installed-zk_r383i\Lib\site-packages\okto_nexus\bootstrap\embedded_inventory.py:84: in _refresh
    discovery = await asyncio.to_thread(discover_local_candidates,
C:\Python313\Lib\asyncio\threads.py:25: in to_thread
    return await loop.run_in_executor(None, func_call)
           ^^^^^^^^^^^^^^^^^^^^^^^^^^^^^^^^^^^^^^^^^^^
C:\Python313\Lib\concurrent\futures\thread.py:59: in run
    result = self.fn(*self.args, **self.kwargs)
             ^^^^^^^^^^^^^^^^^^^^^^^^^^^^^^^^^^
..\okto-r4-native-installed-zk_r383i\Lib\site-packages\okto_nexus\adapters\outbound\execution\core_inventory.py:83: in discover_local_candidates
    return _core().discover_installations(
           ^^^^^^^
_ _ _ _ _ _ _ _ _ _ _ _ _ _ _ _ _ _ _ _ _ _ _ _ _ _ _ _ _ _ _ _ _ _ _ _ _ _ _ _

    def _core():
        import nexus_connector_core as core
    
        if core.__version__ != CORE_INVENTORY_VERSION:
>           raise RuntimeError(
                f"Core {CORE_INVENTORY_VERSION} is required for R4 inventory; "
                f"installed {core.__version__}"
            )
E           RuntimeError: Core 0.2.40.dev0 is required for R4 inventory; installed 0.2.41.dev0

..\okto-r4-native-installed-zk_r383i\Lib\site-packages\okto_nexus\adapters\outbound\execution\core_inventory.py:27: RuntimeError
__ ERROR at setup of test_gap_does_not_publish_request_or_refresh_its_expiry __

fixturedef = <FixtureDef argname='onboarding' scope='function' baseid='test_native_request_ingress.py'>
request = <SubRequest 'onboarding' for <Function test_gap_does_not_publish_request_or_refresh_its_expiry>>

    @pytest.hookimpl(wrapper=True)
    def pytest_fixture_setup(fixturedef: FixtureDef, request) -> object | None:
        if (
            fixturedef.argname == "event_loop_policy"
            and fixturedef.func.__module__ != __name__
        ):
            warnings.warn(
                PytestDeprecationWarning(_EVENT_LOOP_POLICY_FIXTURE_DEPRECATION_WARNING),
            )
        asyncio_mode = _get_asyncio_mode(request.config)
        if not _is_asyncio_fixture_function(fixturedef.func):
            if asyncio_mode == Mode.STRICT:
                # Ignore async fixtures without explicit asyncio mark in strict mode
                # This applies to pytest_trio fixtures, for example
                return (yield)
            if not _is_coroutine_or_asyncgen(fixturedef.func):
>               return (yield)
                        ^^^^^

..\okto-r4-native-installed-zk_r383i\Lib\site-packages\pytest_asyncio\plugin.py:926: 
_ _ _ _ _ _ _ _ _ _ _ _ _ _ _ _ _ _ _ _ _ _ _ _ _ _ _ _ _ _ _ _ _ _ _ _ _ _ _ _
D:\Projetos\Techridy\okto_labs_okto_nexus\tests\execution_r4\test_binding_operator.py:32: in onboarding
    with TestClient(app, raise_server_exceptions=False) as client:
         ^^^^^^^^^^^^^^^^^^^^^^^^^^^^^^^^^^^^^^^^^^^^^^
..\okto-r4-native-installed-zk_r383i\Lib\site-packages\starlette\testclient.py:517: in __enter__
    portal.call(self.wait_startup)
..\okto-r4-native-installed-zk_r383i\Lib\site-packages\anyio\from_thread.py:340: in call
    return cast(T_Retval, self.start_task_soon(func, *args).result())
                          ^^^^^^^^^^^^^^^^^^^^^^^^^^^^^^^^^^^^^^^^^^
C:\Python313\Lib\concurrent\futures\_base.py:456: in result
    return self.__get_result()
           ^^^^^^^^^^^^^^^^^^^
C:\Python313\Lib\concurrent\futures\_base.py:401: in __get_result
    raise self._exception
..\okto-r4-native-installed-zk_r383i\Lib\site-packages\anyio\from_thread.py:265: in _call_func
    retval = await retval_or_awaitable
             ^^^^^^^^^^^^^^^^^^^^^^^^^
..\okto-r4-native-installed-zk_r383i\Lib\site-packages\starlette\testclient.py:552: in wait_startup
    await receive()
..\okto-r4-native-installed-zk_r383i\Lib\site-packages\starlette\testclient.py:543: in receive
    self.task.result()
C:\Python313\Lib\concurrent\futures\_base.py:449: in result
    return self.__get_result()
           ^^^^^^^^^^^^^^^^^^^
C:\Python313\Lib\concurrent\futures\_base.py:401: in __get_result
    raise self._exception
..\okto-r4-native-installed-zk_r383i\Lib\site-packages\anyio\from_thread.py:265: in _call_func
    retval = await retval_or_awaitable
             ^^^^^^^^^^^^^^^^^^^^^^^^^
..\okto-r4-native-installed-zk_r383i\Lib\site-packages\starlette\testclient.py:533: in lifespan
    await self.app(scope, self.stream_receive.receive, self.stream_send.send)
..\okto-r4-native-installed-zk_r383i\Lib\site-packages\fastapi\applications.py:1202: in __call__
    await lifespan(
..\okto-r4-native-installed-zk_r383i\Lib\site-packages\fastapi\telemetry\_runtime.py:239: in lifespan
    await app(scope, wrapped_receive, wrapped_send)
..\okto-r4-native-installed-zk_r383i\Lib\site-packages\starlette\applications.py:96: in __call__
    await self.middleware_stack(scope, receive, send)
..\okto-r4-native-installed-zk_r383i\Lib\site-packages\starlette\middleware\errors.py:151: in __call__
    await self.app(scope, receive, send)
..\okto-r4-native-installed-zk_r383i\Lib\site-packages\fastapi\telemetry\_asgi.py:151: in __call__
    await self.app(scope, receive, send)
..\okto-r4-native-installed-zk_r383i\Lib\site-packages\starlette\middleware\base.py:103: in __call__
    await self.app(scope, receive, send)
..\okto-r4-native-installed-zk_r383i\Lib\site-packages\starlette\middleware\base.py:103: in __call__
    await self.app(scope, receive, send)
..\okto-r4-native-installed-zk_r383i\Lib\site-packages\starlette\middleware\base.py:103: in __call__
    await self.app(scope, receive, send)
..\okto-r4-native-installed-zk_r383i\Lib\site-packages\starlette\middleware\exceptions.py:49: in __call__
    await self.app(scope, receive, send)
..\okto-r4-native-installed-zk_r383i\Lib\site-packages\fastapi\middleware\asyncexitstack.py:18: in __call__
    await self.app(scope, receive, send)
..\okto-r4-native-installed-zk_r383i\Lib\site-packages\starlette\routing.py:676: in __call__
    await self.middleware_stack(scope, receive, send)
..\okto-r4-native-installed-zk_r383i\Lib\site-packages\fastapi\routing.py:2773: in app
    await self.lifespan(scope, receive, send)
..\okto-r4-native-installed-zk_r383i\Lib\site-packages\starlette\routing.py:654: in lifespan
    async with self.lifespan_context(app) as maybe_state:
               ^^^^^^^^^^^^^^^^^^^^^^^^^^
C:\Python313\Lib\contextlib.py:214: in __aenter__
    return await anext(self.gen)
           ^^^^^^^^^^^^^^^^^^^^^
..\okto-r4-native-installed-zk_r383i\Lib\site-packages\fastapi\routing.py:247: in merged_lifespan
    async with original_context(app) as maybe_original_state:
               ^^^^^^^^^^^^^^^^^^^^^
C:\Python313\Lib\contextlib.py:214: in __aenter__
    return await anext(self.gen)
           ^^^^^^^^^^^^^^^^^^^^^
..\okto-r4-native-installed-zk_r383i\Lib\site-packages\fastapi\routing.py:247: in merged_lifespan
    async with original_context(app) as maybe_original_state:
               ^^^^^^^^^^^^^^^^^^^^^
C:\Python313\Lib\contextlib.py:214: in __aenter__
    return await anext(self.gen)
           ^^^^^^^^^^^^^^^^^^^^^
..\okto-r4-native-installed-zk_r383i\Lib\site-packages\fastapi\routing.py:247: in merged_lifespan
    async with original_context(app) as maybe_original_state:
               ^^^^^^^^^^^^^^^^^^^^^
C:\Python313\Lib\contextlib.py:214: in __aenter__
    return await anext(self.gen)
           ^^^^^^^^^^^^^^^^^^^^^
..\okto-r4-native-installed-zk_r383i\Lib\site-packages\fastapi\routing.py:247: in merged_lifespan
    async with original_context(app) as maybe_original_state:
               ^^^^^^^^^^^^^^^^^^^^^
C:\Python313\Lib\contextlib.py:214: in __aenter__
    return await anext(self.gen)
           ^^^^^^^^^^^^^^^^^^^^^
..\okto-r4-native-installed-zk_r383i\Lib\site-packages\fastapi\routing.py:247: in merged_lifespan
    async with original_context(app) as maybe_original_state:
               ^^^^^^^^^^^^^^^^^^^^^
C:\Python313\Lib\contextlib.py:214: in __aenter__
    return await anext(self.gen)
           ^^^^^^^^^^^^^^^^^^^^^
..\okto-r4-native-installed-zk_r383i\Lib\site-packages\fastapi\routing.py:247: in merged_lifespan
    async with original_context(app) as maybe_original_state:
               ^^^^^^^^^^^^^^^^^^^^^
C:\Python313\Lib\contextlib.py:214: in __aenter__
    return await anext(self.gen)
           ^^^^^^^^^^^^^^^^^^^^^
..\okto-r4-native-installed-zk_r383i\Lib\site-packages\fastapi\routing.py:247: in merged_lifespan
    async with original_context(app) as maybe_original_state:
               ^^^^^^^^^^^^^^^^^^^^^
C:\Python313\Lib\contextlib.py:214: in __aenter__
    return await anext(self.gen)
           ^^^^^^^^^^^^^^^^^^^^^
..\okto-r4-native-installed-zk_r383i\Lib\site-packages\okto_nexus\adapters\inbound\http\app.py:603: in lifespan
    await embedded_inventory.start()
..\okto-r4-native-installed-zk_r383i\Lib\site-packages\okto_nexus\bootstrap\embedded_inventory.py:57: in start
    return await asyncio.shield(self._startup_task)
           ^^^^^^^^^^^^^^^^^^^^^^^^^^^^^^^^^^^^^^^^
..\okto-r4-native-installed-zk_r383i\Lib\site-packages\okto_nexus\bootstrap\embedded_inventory.py:61: in _start
    await self.refresh()
..\okto-r4-native-installed-zk_r383i\Lib\site-packages\okto_nexus\bootstrap\embedded_inventory.py:71: in refresh
    return await asyncio.shield(self._refresh_task)
           ^^^^^^^^^^^^^^^^^^^^^^^^^^^^^^^^^^^^^^^^
..\okto-r4-native-installed-zk_r383i\Lib\site-packages\okto_nexus\bootstrap\embedded_inventory.py:75: in _refresh_owned
    return await self._refresh()
           ^^^^^^^^^^^^^^^^^^^^^
..\okto-r4-native-installed-zk_r383i\Lib\site-packages\okto_nexus\bootstrap\embedded_inventory.py:84: in _refresh
    discovery = await asyncio.to_thread(discover_local_candidates,
C:\Python313\Lib\asyncio\threads.py:25: in to_thread
    return await loop.run_in_executor(None, func_call)
           ^^^^^^^^^^^^^^^^^^^^^^^^^^^^^^^^^^^^^^^^^^^
C:\Python313\Lib\concurrent\futures\thread.py:59: in run
    result = self.fn(*self.args, **self.kwargs)
             ^^^^^^^^^^^^^^^^^^^^^^^^^^^^^^^^^^
..\okto-r4-native-installed-zk_r383i\Lib\site-packages\okto_nexus\adapters\outbound\execution\core_inventory.py:83: in discover_local_candidates
    return _core().discover_installations(
           ^^^^^^^
_ _ _ _ _ _ _ _ _ _ _ _ _ _ _ _ _ _ _ _ _ _ _ _ _ _ _ _ _ _ _ _ _ _ _ _ _ _ _ _

    def _core():
        import nexus_connector_core as core
    
        if core.__version__ != CORE_INVENTORY_VERSION:
>           raise RuntimeError(
                f"Core {CORE_INVENTORY_VERSION} is required for R4 inventory; "
                f"installed {core.__version__}"
            )
E           RuntimeError: Core 0.2.40.dev0 is required for R4 inventory; installed 0.2.41.dev0

..\okto-r4-native-installed-zk_r383i\Lib\site-packages\okto_nexus\adapters\outbound\execution\core_inventory.py:27: RuntimeError
_ ERROR at setup of test_reused_native_id_with_different_content_rolls_back_entire_ack[params] _

fixturedef = <FixtureDef argname='onboarding' scope='function' baseid='test_native_request_ingress.py'>
request = <SubRequest 'onboarding' for <Function test_reused_native_id_with_different_content_rolls_back_entire_ack[params]>>

    @pytest.hookimpl(wrapper=True)
    def pytest_fixture_setup(fixturedef: FixtureDef, request) -> object | None:
        if (
            fixturedef.argname == "event_loop_policy"
            and fixturedef.func.__module__ != __name__
        ):
            warnings.warn(
                PytestDeprecationWarning(_EVENT_LOOP_POLICY_FIXTURE_DEPRECATION_WARNING),
            )
        asyncio_mode = _get_asyncio_mode(request.config)
        if not _is_asyncio_fixture_function(fixturedef.func):
            if asyncio_mode == Mode.STRICT:
                # Ignore async fixtures without explicit asyncio mark in strict mode
                # This applies to pytest_trio fixtures, for example
                return (yield)
            if not _is_coroutine_or_asyncgen(fixturedef.func):
>               return (yield)
                        ^^^^^

..\okto-r4-native-installed-zk_r383i\Lib\site-packages\pytest_asyncio\plugin.py:926: 
_ _ _ _ _ _ _ _ _ _ _ _ _ _ _ _ _ _ _ _ _ _ _ _ _ _ _ _ _ _ _ _ _ _ _ _ _ _ _ _
D:\Projetos\Techridy\okto_labs_okto_nexus\tests\execution_r4\test_binding_operator.py:32: in onboarding
    with TestClient(app, raise_server_exceptions=False) as client:
         ^^^^^^^^^^^^^^^^^^^^^^^^^^^^^^^^^^^^^^^^^^^^^^
..\okto-r4-native-installed-zk_r383i\Lib\site-packages\starlette\testclient.py:517: in __enter__
    portal.call(self.wait_startup)
..\okto-r4-native-installed-zk_r383i\Lib\site-packages\anyio\from_thread.py:340: in call
    return cast(T_Retval, self.start_task_soon(func, *args).result())
                          ^^^^^^^^^^^^^^^^^^^^^^^^^^^^^^^^^^^^^^^^^^
C:\Python313\Lib\concurrent\futures\_base.py:456: in result
    return self.__get_result()
           ^^^^^^^^^^^^^^^^^^^
C:\Python313\Lib\concurrent\futures\_base.py:401: in __get_result
    raise self._exception
..\okto-r4-native-installed-zk_r383i\Lib\site-packages\anyio\from_thread.py:265: in _call_func
    retval = await retval_or_awaitable
             ^^^^^^^^^^^^^^^^^^^^^^^^^
..\okto-r4-native-installed-zk_r383i\Lib\site-packages\starlette\testclient.py:552: in wait_startup
    await receive()
..\okto-r4-native-installed-zk_r383i\Lib\site-packages\starlette\testclient.py:543: in receive
    self.task.result()
C:\Python313\Lib\concurrent\futures\_base.py:449: in result
    return self.__get_result()
           ^^^^^^^^^^^^^^^^^^^
C:\Python313\Lib\concurrent\futures\_base.py:401: in __get_result
    raise self._exception
..\okto-r4-native-installed-zk_r383i\Lib\site-packages\anyio\from_thread.py:265: in _call_func
    retval = await retval_or_awaitable
             ^^^^^^^^^^^^^^^^^^^^^^^^^
..\okto-r4-native-installed-zk_r383i\Lib\site-packages\starlette\testclient.py:533: in lifespan
    await self.app(scope, self.stream_receive.receive, self.stream_send.send)
..\okto-r4-native-installed-zk_r383i\Lib\site-packages\fastapi\applications.py:1202: in __call__
    await lifespan(
..\okto-r4-native-installed-zk_r383i\Lib\site-packages\fastapi\telemetry\_runtime.py:239: in lifespan
    await app(scope, wrapped_receive, wrapped_send)
..\okto-r4-native-installed-zk_r383i\Lib\site-packages\starlette\applications.py:96: in __call__
    await self.middleware_stack(scope, receive, send)
..\okto-r4-native-installed-zk_r383i\Lib\site-packages\starlette\middleware\errors.py:151: in __call__
    await self.app(scope, receive, send)
..\okto-r4-native-installed-zk_r383i\Lib\site-packages\fastapi\telemetry\_asgi.py:151: in __call__
    await self.app(scope, receive, send)
..\okto-r4-native-installed-zk_r383i\Lib\site-packages\starlette\middleware\base.py:103: in __call__
    await self.app(scope, receive, send)
..\okto-r4-native-installed-zk_r383i\Lib\site-packages\starlette\middleware\base.py:103: in __call__
    await self.app(scope, receive, send)
..\okto-r4-native-installed-zk_r383i\Lib\site-packages\starlette\middleware\base.py:103: in __call__
    await self.app(scope, receive, send)
..\okto-r4-native-installed-zk_r383i\Lib\site-packages\starlette\middleware\exceptions.py:49: in __call__
    await self.app(scope, receive, send)
..\okto-r4-native-installed-zk_r383i\Lib\site-packages\fastapi\middleware\asyncexitstack.py:18: in __call__
    await self.app(scope, receive, send)
..\okto-r4-native-installed-zk_r383i\Lib\site-packages\starlette\routing.py:676: in __call__
    await self.middleware_stack(scope, receive, send)
..\okto-r4-native-installed-zk_r383i\Lib\site-packages\fastapi\routing.py:2773: in app
    await self.lifespan(scope, receive, send)
..\okto-r4-native-installed-zk_r383i\Lib\site-packages\starlette\routing.py:654: in lifespan
    async with self.lifespan_context(app) as maybe_state:
               ^^^^^^^^^^^^^^^^^^^^^^^^^^
C:\Python313\Lib\contextlib.py:214: in __aenter__
    return await anext(self.gen)
           ^^^^^^^^^^^^^^^^^^^^^
..\okto-r4-native-installed-zk_r383i\Lib\site-packages\fastapi\routing.py:247: in merged_lifespan
    async with original_context(app) as maybe_original_state:
               ^^^^^^^^^^^^^^^^^^^^^
C:\Python313\Lib\contextlib.py:214: in __aenter__
    return await anext(self.gen)
           ^^^^^^^^^^^^^^^^^^^^^
..\okto-r4-native-installed-zk_r383i\Lib\site-packages\fastapi\routing.py:247: in merged_lifespan
    async with original_context(app) as maybe_original_state:
               ^^^^^^^^^^^^^^^^^^^^^
C:\Python313\Lib\contextlib.py:214: in __aenter__
    return await anext(self.gen)
           ^^^^^^^^^^^^^^^^^^^^^
..\okto-r4-native-installed-zk_r383i\Lib\site-packages\fastapi\routing.py:247: in merged_lifespan
    async with original_context(app) as maybe_original_state:
               ^^^^^^^^^^^^^^^^^^^^^
C:\Python313\Lib\contextlib.py:214: in __aenter__
    return await anext(self.gen)
           ^^^^^^^^^^^^^^^^^^^^^
..\okto-r4-native-installed-zk_r383i\Lib\site-packages\fastapi\routing.py:247: in merged_lifespan
    async with original_context(app) as maybe_original_state:
               ^^^^^^^^^^^^^^^^^^^^^
C:\Python313\Lib\contextlib.py:214: in __aenter__
    return await anext(self.gen)
           ^^^^^^^^^^^^^^^^^^^^^
..\okto-r4-native-installed-zk_r383i\Lib\site-packages\fastapi\routing.py:247: in merged_lifespan
    async with original_context(app) as maybe_original_state:
               ^^^^^^^^^^^^^^^^^^^^^
C:\Python313\Lib\contextlib.py:214: in __aenter__
    return await anext(self.gen)
           ^^^^^^^^^^^^^^^^^^^^^
..\okto-r4-native-installed-zk_r383i\Lib\site-packages\fastapi\routing.py:247: in merged_lifespan
    async with original_context(app) as maybe_original_state:
               ^^^^^^^^^^^^^^^^^^^^^
C:\Python313\Lib\contextlib.py:214: in __aenter__
    return await anext(self.gen)
           ^^^^^^^^^^^^^^^^^^^^^
..\okto-r4-native-installed-zk_r383i\Lib\site-packages\fastapi\routing.py:247: in merged_lifespan
    async with original_context(app) as maybe_original_state:
               ^^^^^^^^^^^^^^^^^^^^^
C:\Python313\Lib\contextlib.py:214: in __aenter__
    return await anext(self.gen)
           ^^^^^^^^^^^^^^^^^^^^^
..\okto-r4-native-installed-zk_r383i\Lib\site-packages\okto_nexus\adapters\inbound\http\app.py:603: in lifespan
    await embedded_inventory.start()
..\okto-r4-native-installed-zk_r383i\Lib\site-packages\okto_nexus\bootstrap\embedded_inventory.py:57: in start
    return await asyncio.shield(self._startup_task)
           ^^^^^^^^^^^^^^^^^^^^^^^^^^^^^^^^^^^^^^^^
..\okto-r4-native-installed-zk_r383i\Lib\site-packages\okto_nexus\bootstrap\embedded_inventory.py:61: in _start
    await self.refresh()
..\okto-r4-native-installed-zk_r383i\Lib\site-packages\okto_nexus\bootstrap\embedded_inventory.py:71: in refresh
    return await asyncio.shield(self._refresh_task)
           ^^^^^^^^^^^^^^^^^^^^^^^^^^^^^^^^^^^^^^^^
..\okto-r4-native-installed-zk_r383i\Lib\site-packages\okto_nexus\bootstrap\embedded_inventory.py:75: in _refresh_owned
    return await self._refresh()
           ^^^^^^^^^^^^^^^^^^^^^
..\okto-r4-native-installed-zk_r383i\Lib\site-packages\okto_nexus\bootstrap\embedded_inventory.py:84: in _refresh
    discovery = await asyncio.to_thread(discover_local_candidates,
C:\Python313\Lib\asyncio\threads.py:25: in to_thread
    return await loop.run_in_executor(None, func_call)
           ^^^^^^^^^^^^^^^^^^^^^^^^^^^^^^^^^^^^^^^^^^^
C:\Python313\Lib\concurrent\futures\thread.py:59: in run
    result = self.fn(*self.args, **self.kwargs)
             ^^^^^^^^^^^^^^^^^^^^^^^^^^^^^^^^^^
..\okto-r4-native-installed-zk_r383i\Lib\site-packages\okto_nexus\adapters\outbound\execution\core_inventory.py:83: in discover_local_candidates
    return _core().discover_installations(
           ^^^^^^^
_ _ _ _ _ _ _ _ _ _ _ _ _ _ _ _ _ _ _ _ _ _ _ _ _ _ _ _ _ _ _ _ _ _ _ _ _ _ _ _

    def _core():
        import nexus_connector_core as core
    
        if core.__version__ != CORE_INVENTORY_VERSION:
>           raise RuntimeError(
                f"Core {CORE_INVENTORY_VERSION} is required for R4 inventory; "
                f"installed {core.__version__}"
            )
E           RuntimeError: Core 0.2.40.dev0 is required for R4 inventory; installed 0.2.41.dev0

..\okto-r4-native-installed-zk_r383i\Lib\site-packages\okto_nexus\adapters\outbound\execution\core_inventory.py:27: RuntimeError
_ ERROR at setup of test_reused_native_id_with_different_content_rolls_back_entire_ack[hash] _

fixturedef = <FixtureDef argname='onboarding' scope='function' baseid='test_native_request_ingress.py'>
request = <SubRequest 'onboarding' for <Function test_reused_native_id_with_different_content_rolls_back_entire_ack[hash]>>

    @pytest.hookimpl(wrapper=True)
    def pytest_fixture_setup(fixturedef: FixtureDef, request) -> object | None:
        if (
            fixturedef.argname == "event_loop_policy"
            and fixturedef.func.__module__ != __name__
        ):
            warnings.warn(
                PytestDeprecationWarning(_EVENT_LOOP_POLICY_FIXTURE_DEPRECATION_WARNING),
            )
        asyncio_mode = _get_asyncio_mode(request.config)
        if not _is_asyncio_fixture_function(fixturedef.func):
            if asyncio_mode == Mode.STRICT:
                # Ignore async fixtures without explicit asyncio mark in strict mode
                # This applies to pytest_trio fixtures, for example
                return (yield)
            if not _is_coroutine_or_asyncgen(fixturedef.func):
>               return (yield)
                        ^^^^^

..\okto-r4-native-installed-zk_r383i\Lib\site-packages\pytest_asyncio\plugin.py:926: 
_ _ _ _ _ _ _ _ _ _ _ _ _ _ _ _ _ _ _ _ _ _ _ _ _ _ _ _ _ _ _ _ _ _ _ _ _ _ _ _
D:\Projetos\Techridy\okto_labs_okto_nexus\tests\execution_r4\test_binding_operator.py:32: in onboarding
    with TestClient(app, raise_server_exceptions=False) as client:
         ^^^^^^^^^^^^^^^^^^^^^^^^^^^^^^^^^^^^^^^^^^^^^^
..\okto-r4-native-installed-zk_r383i\Lib\site-packages\starlette\testclient.py:517: in __enter__
    portal.call(self.wait_startup)
..\okto-r4-native-installed-zk_r383i\Lib\site-packages\anyio\from_thread.py:340: in call
    return cast(T_Retval, self.start_task_soon(func, *args).result())
                          ^^^^^^^^^^^^^^^^^^^^^^^^^^^^^^^^^^^^^^^^^^
C:\Python313\Lib\concurrent\futures\_base.py:456: in result
    return self.__get_result()
           ^^^^^^^^^^^^^^^^^^^
C:\Python313\Lib\concurrent\futures\_base.py:401: in __get_result
    raise self._exception
..\okto-r4-native-installed-zk_r383i\Lib\site-packages\anyio\from_thread.py:265: in _call_func
    retval = await retval_or_awaitable
             ^^^^^^^^^^^^^^^^^^^^^^^^^
..\okto-r4-native-installed-zk_r383i\Lib\site-packages\starlette\testclient.py:552: in wait_startup
    await receive()
..\okto-r4-native-installed-zk_r383i\Lib\site-packages\starlette\testclient.py:543: in receive
    self.task.result()
C:\Python313\Lib\concurrent\futures\_base.py:449: in result
    return self.__get_result()
           ^^^^^^^^^^^^^^^^^^^
C:\Python313\Lib\concurrent\futures\_base.py:401: in __get_result
    raise self._exception
..\okto-r4-native-installed-zk_r383i\Lib\site-packages\anyio\from_thread.py:265: in _call_func
    retval = await retval_or_awaitable
             ^^^^^^^^^^^^^^^^^^^^^^^^^
..\okto-r4-native-installed-zk_r383i\Lib\site-packages\starlette\testclient.py:533: in lifespan
    await self.app(scope, self.stream_receive.receive, self.stream_send.send)
..\okto-r4-native-installed-zk_r383i\Lib\site-packages\fastapi\applications.py:1202: in __call__
    await lifespan(
..\okto-r4-native-installed-zk_r383i\Lib\site-packages\fastapi\telemetry\_runtime.py:239: in lifespan
    await app(scope, wrapped_receive, wrapped_send)
..\okto-r4-native-installed-zk_r383i\Lib\site-packages\starlette\applications.py:96: in __call__
    await self.middleware_stack(scope, receive, send)
..\okto-r4-native-installed-zk_r383i\Lib\site-packages\starlette\middleware\errors.py:151: in __call__
    await self.app(scope, receive, send)
..\okto-r4-native-installed-zk_r383i\Lib\site-packages\fastapi\telemetry\_asgi.py:151: in __call__
    await self.app(scope, receive, send)
..\okto-r4-native-installed-zk_r383i\Lib\site-packages\starlette\middleware\base.py:103: in __call__
    await self.app(scope, receive, send)
..\okto-r4-native-installed-zk_r383i\Lib\site-packages\starlette\middleware\base.py:103: in __call__
    await self.app(scope, receive, send)
..\okto-r4-native-installed-zk_r383i\Lib\site-packages\starlette\middleware\base.py:103: in __call__
    await self.app(scope, receive, send)
..\okto-r4-native-installed-zk_r383i\Lib\site-packages\starlette\middleware\exceptions.py:49: in __call__
    await self.app(scope, receive, send)
..\okto-r4-native-installed-zk_r383i\Lib\site-packages\fastapi\middleware\asyncexitstack.py:18: in __call__
    await self.app(scope, receive, send)
..\okto-r4-native-installed-zk_r383i\Lib\site-packages\starlette\routing.py:676: in __call__
    await self.middleware_stack(scope, receive, send)
..\okto-r4-native-installed-zk_r383i\Lib\site-packages\fastapi\routing.py:2773: in app
    await self.lifespan(scope, receive, send)
..\okto-r4-native-installed-zk_r383i\Lib\site-packages\starlette\routing.py:654: in lifespan
    async with self.lifespan_context(app) as maybe_state:
               ^^^^^^^^^^^^^^^^^^^^^^^^^^
C:\Python313\Lib\contextlib.py:214: in __aenter__
    return await anext(self.gen)
           ^^^^^^^^^^^^^^^^^^^^^
..\okto-r4-native-installed-zk_r383i\Lib\site-packages\fastapi\routing.py:247: in merged_lifespan
    async with original_context(app) as maybe_original_state:
               ^^^^^^^^^^^^^^^^^^^^^
C:\Python313\Lib\contextlib.py:214: in __aenter__
    return await anext(self.gen)
           ^^^^^^^^^^^^^^^^^^^^^
..\okto-r4-native-installed-zk_r383i\Lib\site-packages\fastapi\routing.py:247: in merged_lifespan
    async with original_context(app) as maybe_original_state:
               ^^^^^^^^^^^^^^^^^^^^^
C:\Python313\Lib\contextlib.py:214: in __aenter__
    return await anext(self.gen)
           ^^^^^^^^^^^^^^^^^^^^^
..\okto-r4-native-installed-zk_r383i\Lib\site-packages\fastapi\routing.py:247: in merged_lifespan
    async with original_context(app) as maybe_original_state:
               ^^^^^^^^^^^^^^^^^^^^^
C:\Python313\Lib\contextlib.py:214: in __aenter__
    return await anext(self.gen)
           ^^^^^^^^^^^^^^^^^^^^^
..\okto-r4-native-installed-zk_r383i\Lib\site-packages\fastapi\routing.py:247: in merged_lifespan
    async with original_context(app) as maybe_original_state:
               ^^^^^^^^^^^^^^^^^^^^^
C:\Python313\Lib\contextlib.py:214: in __aenter__
    return await anext(self.gen)
           ^^^^^^^^^^^^^^^^^^^^^
..\okto-r4-native-installed-zk_r383i\Lib\site-packages\fastapi\routing.py:247: in merged_lifespan
    async with original_context(app) as maybe_original_state:
               ^^^^^^^^^^^^^^^^^^^^^
C:\Python313\Lib\contextlib.py:214: in __aenter__
    return await anext(self.gen)
           ^^^^^^^^^^^^^^^^^^^^^
..\okto-r4-native-installed-zk_r383i\Lib\site-packages\fastapi\routing.py:247: in merged_lifespan
    async with original_context(app) as maybe_original_state:
               ^^^^^^^^^^^^^^^^^^^^^
C:\Python313\Lib\contextlib.py:214: in __aenter__
    return await anext(self.gen)
           ^^^^^^^^^^^^^^^^^^^^^
..\okto-r4-native-installed-zk_r383i\Lib\site-packages\fastapi\routing.py:247: in merged_lifespan
    async with original_context(app) as maybe_original_state:
               ^^^^^^^^^^^^^^^^^^^^^
C:\Python313\Lib\contextlib.py:214: in __aenter__
    return await anext(self.gen)
           ^^^^^^^^^^^^^^^^^^^^^
..\okto-r4-native-installed-zk_r383i\Lib\site-packages\okto_nexus\adapters\inbound\http\app.py:603: in lifespan
    await embedded_inventory.start()
..\okto-r4-native-installed-zk_r383i\Lib\site-packages\okto_nexus\bootstrap\embedded_inventory.py:57: in start
    return await asyncio.shield(self._startup_task)
           ^^^^^^^^^^^^^^^^^^^^^^^^^^^^^^^^^^^^^^^^
..\okto-r4-native-installed-zk_r383i\Lib\site-packages\okto_nexus\bootstrap\embedded_inventory.py:61: in _start
    await self.refresh()
..\okto-r4-native-installed-zk_r383i\Lib\site-packages\okto_nexus\bootstrap\embedded_inventory.py:71: in refresh
    return await asyncio.shield(self._refresh_task)
           ^^^^^^^^^^^^^^^^^^^^^^^^^^^^^^^^^^^^^^^^
..\okto-r4-native-installed-zk_r383i\Lib\site-packages\okto_nexus\bootstrap\embedded_inventory.py:75: in _refresh_owned
    return await self._refresh()
           ^^^^^^^^^^^^^^^^^^^^^
..\okto-r4-native-installed-zk_r383i\Lib\site-packages\okto_nexus\bootstrap\embedded_inventory.py:84: in _refresh
    discovery = await asyncio.to_thread(discover_local_candidates,
C:\Python313\Lib\asyncio\threads.py:25: in to_thread
    return await loop.run_in_executor(None, func_call)
           ^^^^^^^^^^^^^^^^^^^^^^^^^^^^^^^^^^^^^^^^^^^
C:\Python313\Lib\concurrent\futures\thread.py:59: in run
    result = self.fn(*self.args, **self.kwargs)
             ^^^^^^^^^^^^^^^^^^^^^^^^^^^^^^^^^^
..\okto-r4-native-installed-zk_r383i\Lib\site-packages\okto_nexus\adapters\outbound\execution\core_inventory.py:83: in discover_local_candidates
    return _core().discover_installations(
           ^^^^^^^
_ _ _ _ _ _ _ _ _ _ _ _ _ _ _ _ _ _ _ _ _ _ _ _ _ _ _ _ _ _ _ _ _ _ _ _ _ _ _ _

    def _core():
        import nexus_connector_core as core
    
        if core.__version__ != CORE_INVENTORY_VERSION:
>           raise RuntimeError(
                f"Core {CORE_INVENTORY_VERSION} is required for R4 inventory; "
                f"installed {core.__version__}"
            )
E           RuntimeError: Core 0.2.40.dev0 is required for R4 inventory; installed 0.2.41.dev0

..\okto-r4-native-installed-zk_r383i\Lib\site-packages\okto_nexus\adapters\outbound\execution\core_inventory.py:27: RuntimeError
_ ERROR at setup of test_reused_native_id_with_different_content_rolls_back_entire_ack[turn] _

fixturedef = <FixtureDef argname='onboarding' scope='function' baseid='test_native_request_ingress.py'>
request = <SubRequest 'onboarding' for <Function test_reused_native_id_with_different_content_rolls_back_entire_ack[turn]>>

    @pytest.hookimpl(wrapper=True)
    def pytest_fixture_setup(fixturedef: FixtureDef, request) -> object | None:
        if (
            fixturedef.argname == "event_loop_policy"
            and fixturedef.func.__module__ != __name__
        ):
            warnings.warn(
                PytestDeprecationWarning(_EVENT_LOOP_POLICY_FIXTURE_DEPRECATION_WARNING),
            )
        asyncio_mode = _get_asyncio_mode(request.config)
        if not _is_asyncio_fixture_function(fixturedef.func):
            if asyncio_mode == Mode.STRICT:
                # Ignore async fixtures without explicit asyncio mark in strict mode
                # This applies to pytest_trio fixtures, for example
                return (yield)
            if not _is_coroutine_or_asyncgen(fixturedef.func):
>               return (yield)
                        ^^^^^

..\okto-r4-native-installed-zk_r383i\Lib\site-packages\pytest_asyncio\plugin.py:926: 
_ _ _ _ _ _ _ _ _ _ _ _ _ _ _ _ _ _ _ _ _ _ _ _ _ _ _ _ _ _ _ _ _ _ _ _ _ _ _ _
D:\Projetos\Techridy\okto_labs_okto_nexus\tests\execution_r4\test_binding_operator.py:32: in onboarding
    with TestClient(app, raise_server_exceptions=False) as client:
         ^^^^^^^^^^^^^^^^^^^^^^^^^^^^^^^^^^^^^^^^^^^^^^
..\okto-r4-native-installed-zk_r383i\Lib\site-packages\starlette\testclient.py:517: in __enter__
    portal.call(self.wait_startup)
..\okto-r4-native-installed-zk_r383i\Lib\site-packages\anyio\from_thread.py:340: in call
    return cast(T_Retval, self.start_task_soon(func, *args).result())
                          ^^^^^^^^^^^^^^^^^^^^^^^^^^^^^^^^^^^^^^^^^^
C:\Python313\Lib\concurrent\futures\_base.py:456: in result
    return self.__get_result()
           ^^^^^^^^^^^^^^^^^^^
C:\Python313\Lib\concurrent\futures\_base.py:401: in __get_result
    raise self._exception
..\okto-r4-native-installed-zk_r383i\Lib\site-packages\anyio\from_thread.py:265: in _call_func
    retval = await retval_or_awaitable
             ^^^^^^^^^^^^^^^^^^^^^^^^^
..\okto-r4-native-installed-zk_r383i\Lib\site-packages\starlette\testclient.py:552: in wait_startup
    await receive()
..\okto-r4-native-installed-zk_r383i\Lib\site-packages\starlette\testclient.py:543: in receive
    self.task.result()
C:\Python313\Lib\concurrent\futures\_base.py:449: in result
    return self.__get_result()
           ^^^^^^^^^^^^^^^^^^^
C:\Python313\Lib\concurrent\futures\_base.py:401: in __get_result
    raise self._exception
..\okto-r4-native-installed-zk_r383i\Lib\site-packages\anyio\from_thread.py:265: in _call_func
    retval = await retval_or_awaitable
             ^^^^^^^^^^^^^^^^^^^^^^^^^
..\okto-r4-native-installed-zk_r383i\Lib\site-packages\starlette\testclient.py:533: in lifespan
    await self.app(scope, self.stream_receive.receive, self.stream_send.send)
..\okto-r4-native-installed-zk_r383i\Lib\site-packages\fastapi\applications.py:1202: in __call__
    await lifespan(
..\okto-r4-native-installed-zk_r383i\Lib\site-packages\fastapi\telemetry\_runtime.py:239: in lifespan
    await app(scope, wrapped_receive, wrapped_send)
..\okto-r4-native-installed-zk_r383i\Lib\site-packages\starlette\applications.py:96: in __call__
    await self.middleware_stack(scope, receive, send)
..\okto-r4-native-installed-zk_r383i\Lib\site-packages\starlette\middleware\errors.py:151: in __call__
    await self.app(scope, receive, send)
..\okto-r4-native-installed-zk_r383i\Lib\site-packages\fastapi\telemetry\_asgi.py:151: in __call__
    await self.app(scope, receive, send)
..\okto-r4-native-installed-zk_r383i\Lib\site-packages\starlette\middleware\base.py:103: in __call__
    await self.app(scope, receive, send)
..\okto-r4-native-installed-zk_r383i\Lib\site-packages\starlette\middleware\base.py:103: in __call__
    await self.app(scope, receive, send)
..\okto-r4-native-installed-zk_r383i\Lib\site-packages\starlette\middleware\base.py:103: in __call__
    await self.app(scope, receive, send)
..\okto-r4-native-installed-zk_r383i\Lib\site-packages\starlette\middleware\exceptions.py:49: in __call__
    await self.app(scope, receive, send)
..\okto-r4-native-installed-zk_r383i\Lib\site-packages\fastapi\middleware\asyncexitstack.py:18: in __call__
    await self.app(scope, receive, send)
..\okto-r4-native-installed-zk_r383i\Lib\site-packages\starlette\routing.py:676: in __call__
    await self.middleware_stack(scope, receive, send)
..\okto-r4-native-installed-zk_r383i\Lib\site-packages\fastapi\routing.py:2773: in app
    await self.lifespan(scope, receive, send)
..\okto-r4-native-installed-zk_r383i\Lib\site-packages\starlette\routing.py:654: in lifespan
    async with self.lifespan_context(app) as maybe_state:
               ^^^^^^^^^^^^^^^^^^^^^^^^^^
C:\Python313\Lib\contextlib.py:214: in __aenter__
    return await anext(self.gen)
           ^^^^^^^^^^^^^^^^^^^^^
..\okto-r4-native-installed-zk_r383i\Lib\site-packages\fastapi\routing.py:247: in merged_lifespan
    async with original_context(app) as maybe_original_state:
               ^^^^^^^^^^^^^^^^^^^^^
C:\Python313\Lib\contextlib.py:214: in __aenter__
    return await anext(self.gen)
           ^^^^^^^^^^^^^^^^^^^^^
..\okto-r4-native-installed-zk_r383i\Lib\site-packages\fastapi\routing.py:247: in merged_lifespan
    async with original_context(app) as maybe_original_state:
               ^^^^^^^^^^^^^^^^^^^^^
C:\Python313\Lib\contextlib.py:214: in __aenter__
    return await anext(self.gen)
           ^^^^^^^^^^^^^^^^^^^^^
..\okto-r4-native-installed-zk_r383i\Lib\site-packages\fastapi\routing.py:247: in merged_lifespan
    async with original_context(app) as maybe_original_state:
               ^^^^^^^^^^^^^^^^^^^^^
C:\Python313\Lib\contextlib.py:214: in __aenter__
    return await anext(self.gen)
           ^^^^^^^^^^^^^^^^^^^^^
..\okto-r4-native-installed-zk_r383i\Lib\site-packages\fastapi\routing.py:247: in merged_lifespan
    async with original_context(app) as maybe_original_state:
               ^^^^^^^^^^^^^^^^^^^^^
C:\Python313\Lib\contextlib.py:214: in __aenter__
    return await anext(self.gen)
           ^^^^^^^^^^^^^^^^^^^^^
..\okto-r4-native-installed-zk_r383i\Lib\site-packages\fastapi\routing.py:247: in merged_lifespan
    async with original_context(app) as maybe_original_state:
               ^^^^^^^^^^^^^^^^^^^^^
C:\Python313\Lib\contextlib.py:214: in __aenter__
    return await anext(self.gen)
           ^^^^^^^^^^^^^^^^^^^^^
..\okto-r4-native-installed-zk_r383i\Lib\site-packages\fastapi\routing.py:247: in merged_lifespan
    async with original_context(app) as maybe_original_state:
               ^^^^^^^^^^^^^^^^^^^^^
C:\Python313\Lib\contextlib.py:214: in __aenter__
    return await anext(self.gen)
           ^^^^^^^^^^^^^^^^^^^^^
..\okto-r4-native-installed-zk_r383i\Lib\site-packages\fastapi\routing.py:247: in merged_lifespan
    async with original_context(app) as maybe_original_state:
               ^^^^^^^^^^^^^^^^^^^^^
C:\Python313\Lib\contextlib.py:214: in __aenter__
    return await anext(self.gen)
           ^^^^^^^^^^^^^^^^^^^^^
..\okto-r4-native-installed-zk_r383i\Lib\site-packages\okto_nexus\adapters\inbound\http\app.py:603: in lifespan
    await embedded_inventory.start()
..\okto-r4-native-installed-zk_r383i\Lib\site-packages\okto_nexus\bootstrap\embedded_inventory.py:57: in start
    return await asyncio.shield(self._startup_task)
           ^^^^^^^^^^^^^^^^^^^^^^^^^^^^^^^^^^^^^^^^
..\okto-r4-native-installed-zk_r383i\Lib\site-packages\okto_nexus\bootstrap\embedded_inventory.py:61: in _start
    await self.refresh()
..\okto-r4-native-installed-zk_r383i\Lib\site-packages\okto_nexus\bootstrap\embedded_inventory.py:71: in refresh
    return await asyncio.shield(self._refresh_task)
           ^^^^^^^^^^^^^^^^^^^^^^^^^^^^^^^^^^^^^^^^
..\okto-r4-native-installed-zk_r383i\Lib\site-packages\okto_nexus\bootstrap\embedded_inventory.py:75: in _refresh_owned
    return await self._refresh()
           ^^^^^^^^^^^^^^^^^^^^^
..\okto-r4-native-installed-zk_r383i\Lib\site-packages\okto_nexus\bootstrap\embedded_inventory.py:84: in _refresh
    discovery = await asyncio.to_thread(discover_local_candidates,
C:\Python313\Lib\asyncio\threads.py:25: in to_thread
    return await loop.run_in_executor(None, func_call)
           ^^^^^^^^^^^^^^^^^^^^^^^^^^^^^^^^^^^^^^^^^^^
C:\Python313\Lib\concurrent\futures\thread.py:59: in run
    result = self.fn(*self.args, **self.kwargs)
             ^^^^^^^^^^^^^^^^^^^^^^^^^^^^^^^^^^
..\okto-r4-native-installed-zk_r383i\Lib\site-packages\okto_nexus\adapters\outbound\execution\core_inventory.py:83: in discover_local_candidates
    return _core().discover_installations(
           ^^^^^^^
_ _ _ _ _ _ _ _ _ _ _ _ _ _ _ _ _ _ _ _ _ _ _ _ _ _ _ _ _ _ _ _ _ _ _ _ _ _ _ _

    def _core():
        import nexus_connector_core as core
    
        if core.__version__ != CORE_INVENTORY_VERSION:
>           raise RuntimeError(
                f"Core {CORE_INVENTORY_VERSION} is required for R4 inventory; "
                f"installed {core.__version__}"
            )
E           RuntimeError: Core 0.2.40.dev0 is required for R4 inventory; installed 0.2.41.dev0

..\okto-r4-native-installed-zk_r383i\Lib\site-packages\okto_nexus\adapters\outbound\execution\core_inventory.py:27: RuntimeError
_ ERROR at setup of test_reused_native_id_with_different_content_rolls_back_entire_ack[category] _

fixturedef = <FixtureDef argname='onboarding' scope='function' baseid='test_native_request_ingress.py'>
request = <SubRequest 'onboarding' for <Function test_reused_native_id_with_different_content_rolls_back_entire_ack[category]>>

    @pytest.hookimpl(wrapper=True)
    def pytest_fixture_setup(fixturedef: FixtureDef, request) -> object | None:
        if (
            fixturedef.argname == "event_loop_policy"
            and fixturedef.func.__module__ != __name__
        ):
            warnings.warn(
                PytestDeprecationWarning(_EVENT_LOOP_POLICY_FIXTURE_DEPRECATION_WARNING),
            )
        asyncio_mode = _get_asyncio_mode(request.config)
        if not _is_asyncio_fixture_function(fixturedef.func):
            if asyncio_mode == Mode.STRICT:
                # Ignore async fixtures without explicit asyncio mark in strict mode
                # This applies to pytest_trio fixtures, for example
                return (yield)
            if not _is_coroutine_or_asyncgen(fixturedef.func):
>               return (yield)
                        ^^^^^

..\okto-r4-native-installed-zk_r383i\Lib\site-packages\pytest_asyncio\plugin.py:926: 
_ _ _ _ _ _ _ _ _ _ _ _ _ _ _ _ _ _ _ _ _ _ _ _ _ _ _ _ _ _ _ _ _ _ _ _ _ _ _ _
D:\Projetos\Techridy\okto_labs_okto_nexus\tests\execution_r4\test_binding_operator.py:32: in onboarding
    with TestClient(app, raise_server_exceptions=False) as client:
         ^^^^^^^^^^^^^^^^^^^^^^^^^^^^^^^^^^^^^^^^^^^^^^
..\okto-r4-native-installed-zk_r383i\Lib\site-packages\starlette\testclient.py:517: in __enter__
    portal.call(self.wait_startup)
..\okto-r4-native-installed-zk_r383i\Lib\site-packages\anyio\from_thread.py:340: in call
    return cast(T_Retval, self.start_task_soon(func, *args).result())
                          ^^^^^^^^^^^^^^^^^^^^^^^^^^^^^^^^^^^^^^^^^^
C:\Python313\Lib\concurrent\futures\_base.py:456: in result
    return self.__get_result()
           ^^^^^^^^^^^^^^^^^^^
C:\Python313\Lib\concurrent\futures\_base.py:401: in __get_result
    raise self._exception
..\okto-r4-native-installed-zk_r383i\Lib\site-packages\anyio\from_thread.py:265: in _call_func
    retval = await retval_or_awaitable
             ^^^^^^^^^^^^^^^^^^^^^^^^^
..\okto-r4-native-installed-zk_r383i\Lib\site-packages\starlette\testclient.py:552: in wait_startup
    await receive()
..\okto-r4-native-installed-zk_r383i\Lib\site-packages\starlette\testclient.py:543: in receive
    self.task.result()
C:\Python313\Lib\concurrent\futures\_base.py:449: in result
    return self.__get_result()
           ^^^^^^^^^^^^^^^^^^^
C:\Python313\Lib\concurrent\futures\_base.py:401: in __get_result
    raise self._exception
..\okto-r4-native-installed-zk_r383i\Lib\site-packages\anyio\from_thread.py:265: in _call_func
    retval = await retval_or_awaitable
             ^^^^^^^^^^^^^^^^^^^^^^^^^
..\okto-r4-native-installed-zk_r383i\Lib\site-packages\starlette\testclient.py:533: in lifespan
    await self.app(scope, self.stream_receive.receive, self.stream_send.send)
..\okto-r4-native-installed-zk_r383i\Lib\site-packages\fastapi\applications.py:1202: in __call__
    await lifespan(
..\okto-r4-native-installed-zk_r383i\Lib\site-packages\fastapi\telemetry\_runtime.py:239: in lifespan
    await app(scope, wrapped_receive, wrapped_send)
..\okto-r4-native-installed-zk_r383i\Lib\site-packages\starlette\applications.py:96: in __call__
    await self.middleware_stack(scope, receive, send)
..\okto-r4-native-installed-zk_r383i\Lib\site-packages\starlette\middleware\errors.py:151: in __call__
    await self.app(scope, receive, send)
..\okto-r4-native-installed-zk_r383i\Lib\site-packages\fastapi\telemetry\_asgi.py:151: in __call__
    await self.app(scope, receive, send)
..\okto-r4-native-installed-zk_r383i\Lib\site-packages\starlette\middleware\base.py:103: in __call__
    await self.app(scope, receive, send)
..\okto-r4-native-installed-zk_r383i\Lib\site-packages\starlette\middleware\base.py:103: in __call__
    await self.app(scope, receive, send)
..\okto-r4-native-installed-zk_r383i\Lib\site-packages\starlette\middleware\base.py:103: in __call__
    await self.app(scope, receive, send)
..\okto-r4-native-installed-zk_r383i\Lib\site-packages\starlette\middleware\exceptions.py:49: in __call__
    await self.app(scope, receive, send)
..\okto-r4-native-installed-zk_r383i\Lib\site-packages\fastapi\middleware\asyncexitstack.py:18: in __call__
    await self.app(scope, receive, send)
..\okto-r4-native-installed-zk_r383i\Lib\site-packages\starlette\routing.py:676: in __call__
    await self.middleware_stack(scope, receive, send)
..\okto-r4-native-installed-zk_r383i\Lib\site-packages\fastapi\routing.py:2773: in app
    await self.lifespan(scope, receive, send)
..\okto-r4-native-installed-zk_r383i\Lib\site-packages\starlette\routing.py:654: in lifespan
    async with self.lifespan_context(app) as maybe_state:
               ^^^^^^^^^^^^^^^^^^^^^^^^^^
C:\Python313\Lib\contextlib.py:214: in __aenter__
    return await anext(self.gen)
           ^^^^^^^^^^^^^^^^^^^^^
..\okto-r4-native-installed-zk_r383i\Lib\site-packages\fastapi\routing.py:247: in merged_lifespan
    async with original_context(app) as maybe_original_state:
               ^^^^^^^^^^^^^^^^^^^^^
C:\Python313\Lib\contextlib.py:214: in __aenter__
    return await anext(self.gen)
           ^^^^^^^^^^^^^^^^^^^^^
..\okto-r4-native-installed-zk_r383i\Lib\site-packages\fastapi\routing.py:247: in merged_lifespan
    async with original_context(app) as maybe_original_state:
               ^^^^^^^^^^^^^^^^^^^^^
C:\Python313\Lib\contextlib.py:214: in __aenter__
    return await anext(self.gen)
           ^^^^^^^^^^^^^^^^^^^^^
..\okto-r4-native-installed-zk_r383i\Lib\site-packages\fastapi\routing.py:247: in merged_lifespan
    async with original_context(app) as maybe_original_state:
               ^^^^^^^^^^^^^^^^^^^^^
C:\Python313\Lib\contextlib.py:214: in __aenter__
    return await anext(self.gen)
           ^^^^^^^^^^^^^^^^^^^^^
..\okto-r4-native-installed-zk_r383i\Lib\site-packages\fastapi\routing.py:247: in merged_lifespan
    async with original_context(app) as maybe_original_state:
               ^^^^^^^^^^^^^^^^^^^^^
C:\Python313\Lib\contextlib.py:214: in __aenter__
    return await anext(self.gen)
           ^^^^^^^^^^^^^^^^^^^^^
..\okto-r4-native-installed-zk_r383i\Lib\site-packages\fastapi\routing.py:247: in merged_lifespan
    async with original_context(app) as maybe_original_state:
               ^^^^^^^^^^^^^^^^^^^^^
C:\Python313\Lib\contextlib.py:214: in __aenter__
    return await anext(self.gen)
           ^^^^^^^^^^^^^^^^^^^^^
..\okto-r4-native-installed-zk_r383i\Lib\site-packages\fastapi\routing.py:247: in merged_lifespan
    async with original_context(app) as maybe_original_state:
               ^^^^^^^^^^^^^^^^^^^^^
C:\Python313\Lib\contextlib.py:214: in __aenter__
    return await anext(self.gen)
           ^^^^^^^^^^^^^^^^^^^^^
..\okto-r4-native-installed-zk_r383i\Lib\site-packages\fastapi\routing.py:247: in merged_lifespan
    async with original_context(app) as maybe_original_state:
               ^^^^^^^^^^^^^^^^^^^^^
C:\Python313\Lib\contextlib.py:214: in __aenter__
    return await anext(self.gen)
           ^^^^^^^^^^^^^^^^^^^^^
..\okto-r4-native-installed-zk_r383i\Lib\site-packages\okto_nexus\adapters\inbound\http\app.py:603: in lifespan
    await embedded_inventory.start()
..\okto-r4-native-installed-zk_r383i\Lib\site-packages\okto_nexus\bootstrap\embedded_inventory.py:57: in start
    return await asyncio.shield(self._startup_task)
           ^^^^^^^^^^^^^^^^^^^^^^^^^^^^^^^^^^^^^^^^
..\okto-r4-native-installed-zk_r383i\Lib\site-packages\okto_nexus\bootstrap\embedded_inventory.py:61: in _start
    await self.refresh()
..\okto-r4-native-installed-zk_r383i\Lib\site-packages\okto_nexus\bootstrap\embedded_inventory.py:71: in refresh
    return await asyncio.shield(self._refresh_task)
           ^^^^^^^^^^^^^^^^^^^^^^^^^^^^^^^^^^^^^^^^
..\okto-r4-native-installed-zk_r383i\Lib\site-packages\okto_nexus\bootstrap\embedded_inventory.py:75: in _refresh_owned
    return await self._refresh()
           ^^^^^^^^^^^^^^^^^^^^^
..\okto-r4-native-installed-zk_r383i\Lib\site-packages\okto_nexus\bootstrap\embedded_inventory.py:84: in _refresh
    discovery = await asyncio.to_thread(discover_local_candidates,
C:\Python313\Lib\asyncio\threads.py:25: in to_thread
    return await loop.run_in_executor(None, func_call)
           ^^^^^^^^^^^^^^^^^^^^^^^^^^^^^^^^^^^^^^^^^^^
C:\Python313\Lib\concurrent\futures\thread.py:59: in run
    result = self.fn(*self.args, **self.kwargs)
             ^^^^^^^^^^^^^^^^^^^^^^^^^^^^^^^^^^
..\okto-r4-native-installed-zk_r383i\Lib\site-packages\okto_nexus\adapters\outbound\execution\core_inventory.py:83: in discover_local_candidates
    return _core().discover_installations(
           ^^^^^^^
_ _ _ _ _ _ _ _ _ _ _ _ _ _ _ _ _ _ _ _ _ _ _ _ _ _ _ _ _ _ _ _ _ _ _ _ _ _ _ _

    def _core():
        import nexus_connector_core as core
    
        if core.__version__ != CORE_INVENTORY_VERSION:
>           raise RuntimeError(
                f"Core {CORE_INVENTORY_VERSION} is required for R4 inventory; "
                f"installed {core.__version__}"
            )
E           RuntimeError: Core 0.2.40.dev0 is required for R4 inventory; installed 0.2.41.dev0

..\okto-r4-native-installed-zk_r383i\Lib\site-packages\okto_nexus\adapters\outbound\execution\core_inventory.py:27: RuntimeError
_ ERROR at setup of test_reused_native_id_with_different_content_rolls_back_entire_ack[operation] _

fixturedef = <FixtureDef argname='onboarding' scope='function' baseid='test_native_request_ingress.py'>
request = <SubRequest 'onboarding' for <Function test_reused_native_id_with_different_content_rolls_back_entire_ack[operation]>>

    @pytest.hookimpl(wrapper=True)
    def pytest_fixture_setup(fixturedef: FixtureDef, request) -> object | None:
        if (
            fixturedef.argname == "event_loop_policy"
            and fixturedef.func.__module__ != __name__
        ):
            warnings.warn(
                PytestDeprecationWarning(_EVENT_LOOP_POLICY_FIXTURE_DEPRECATION_WARNING),
            )
        asyncio_mode = _get_asyncio_mode(request.config)
        if not _is_asyncio_fixture_function(fixturedef.func):
            if asyncio_mode == Mode.STRICT:
                # Ignore async fixtures without explicit asyncio mark in strict mode
                # This applies to pytest_trio fixtures, for example
                return (yield)
            if not _is_coroutine_or_asyncgen(fixturedef.func):
>               return (yield)
                        ^^^^^

..\okto-r4-native-installed-zk_r383i\Lib\site-packages\pytest_asyncio\plugin.py:926: 
_ _ _ _ _ _ _ _ _ _ _ _ _ _ _ _ _ _ _ _ _ _ _ _ _ _ _ _ _ _ _ _ _ _ _ _ _ _ _ _
D:\Projetos\Techridy\okto_labs_okto_nexus\tests\execution_r4\test_binding_operator.py:32: in onboarding
    with TestClient(app, raise_server_exceptions=False) as client:
         ^^^^^^^^^^^^^^^^^^^^^^^^^^^^^^^^^^^^^^^^^^^^^^
..\okto-r4-native-installed-zk_r383i\Lib\site-packages\starlette\testclient.py:517: in __enter__
    portal.call(self.wait_startup)
..\okto-r4-native-installed-zk_r383i\Lib\site-packages\anyio\from_thread.py:340: in call
    return cast(T_Retval, self.start_task_soon(func, *args).result())
                          ^^^^^^^^^^^^^^^^^^^^^^^^^^^^^^^^^^^^^^^^^^
C:\Python313\Lib\concurrent\futures\_base.py:456: in result
    return self.__get_result()
           ^^^^^^^^^^^^^^^^^^^
C:\Python313\Lib\concurrent\futures\_base.py:401: in __get_result
    raise self._exception
..\okto-r4-native-installed-zk_r383i\Lib\site-packages\anyio\from_thread.py:265: in _call_func
    retval = await retval_or_awaitable
             ^^^^^^^^^^^^^^^^^^^^^^^^^
..\okto-r4-native-installed-zk_r383i\Lib\site-packages\starlette\testclient.py:552: in wait_startup
    await receive()
..\okto-r4-native-installed-zk_r383i\Lib\site-packages\starlette\testclient.py:543: in receive
    self.task.result()
C:\Python313\Lib\concurrent\futures\_base.py:449: in result
    return self.__get_result()
           ^^^^^^^^^^^^^^^^^^^
C:\Python313\Lib\concurrent\futures\_base.py:401: in __get_result
    raise self._exception
..\okto-r4-native-installed-zk_r383i\Lib\site-packages\anyio\from_thread.py:265: in _call_func
    retval = await retval_or_awaitable
             ^^^^^^^^^^^^^^^^^^^^^^^^^
..\okto-r4-native-installed-zk_r383i\Lib\site-packages\starlette\testclient.py:533: in lifespan
    await self.app(scope, self.stream_receive.receive, self.stream_send.send)
..\okto-r4-native-installed-zk_r383i\Lib\site-packages\fastapi\applications.py:1202: in __call__
    await lifespan(
..\okto-r4-native-installed-zk_r383i\Lib\site-packages\fastapi\telemetry\_runtime.py:239: in lifespan
    await app(scope, wrapped_receive, wrapped_send)
..\okto-r4-native-installed-zk_r383i\Lib\site-packages\starlette\applications.py:96: in __call__
    await self.middleware_stack(scope, receive, send)
..\okto-r4-native-installed-zk_r383i\Lib\site-packages\starlette\middleware\errors.py:151: in __call__
    await self.app(scope, receive, send)
..\okto-r4-native-installed-zk_r383i\Lib\site-packages\fastapi\telemetry\_asgi.py:151: in __call__
    await self.app(scope, receive, send)
..\okto-r4-native-installed-zk_r383i\Lib\site-packages\starlette\middleware\base.py:103: in __call__
    await self.app(scope, receive, send)
..\okto-r4-native-installed-zk_r383i\Lib\site-packages\starlette\middleware\base.py:103: in __call__
    await self.app(scope, receive, send)
..\okto-r4-native-installed-zk_r383i\Lib\site-packages\starlette\middleware\base.py:103: in __call__
    await self.app(scope, receive, send)
..\okto-r4-native-installed-zk_r383i\Lib\site-packages\starlette\middleware\exceptions.py:49: in __call__
    await self.app(scope, receive, send)
..\okto-r4-native-installed-zk_r383i\Lib\site-packages\fastapi\middleware\asyncexitstack.py:18: in __call__
    await self.app(scope, receive, send)
..\okto-r4-native-installed-zk_r383i\Lib\site-packages\starlette\routing.py:676: in __call__
    await self.middleware_stack(scope, receive, send)
..\okto-r4-native-installed-zk_r383i\Lib\site-packages\fastapi\routing.py:2773: in app
    await self.lifespan(scope, receive, send)
..\okto-r4-native-installed-zk_r383i\Lib\site-packages\starlette\routing.py:654: in lifespan
    async with self.lifespan_context(app) as maybe_state:
               ^^^^^^^^^^^^^^^^^^^^^^^^^^
C:\Python313\Lib\contextlib.py:214: in __aenter__
    return await anext(self.gen)
           ^^^^^^^^^^^^^^^^^^^^^
..\okto-r4-native-installed-zk_r383i\Lib\site-packages\fastapi\routing.py:247: in merged_lifespan
    async with original_context(app) as maybe_original_state:
               ^^^^^^^^^^^^^^^^^^^^^
C:\Python313\Lib\contextlib.py:214: in __aenter__
    return await anext(self.gen)
           ^^^^^^^^^^^^^^^^^^^^^
..\okto-r4-native-installed-zk_r383i\Lib\site-packages\fastapi\routing.py:247: in merged_lifespan
    async with original_context(app) as maybe_original_state:
               ^^^^^^^^^^^^^^^^^^^^^
C:\Python313\Lib\contextlib.py:214: in __aenter__
    return await anext(self.gen)
           ^^^^^^^^^^^^^^^^^^^^^
..\okto-r4-native-installed-zk_r383i\Lib\site-packages\fastapi\routing.py:247: in merged_lifespan
    async with original_context(app) as maybe_original_state:
               ^^^^^^^^^^^^^^^^^^^^^
C:\Python313\Lib\contextlib.py:214: in __aenter__
    return await anext(self.gen)
           ^^^^^^^^^^^^^^^^^^^^^
..\okto-r4-native-installed-zk_r383i\Lib\site-packages\fastapi\routing.py:247: in merged_lifespan
    async with original_context(app) as maybe_original_state:
               ^^^^^^^^^^^^^^^^^^^^^
C:\Python313\Lib\contextlib.py:214: in __aenter__
    return await anext(self.gen)
           ^^^^^^^^^^^^^^^^^^^^^
..\okto-r4-native-installed-zk_r383i\Lib\site-packages\fastapi\routing.py:247: in merged_lifespan
    async with original_context(app) as maybe_original_state:
               ^^^^^^^^^^^^^^^^^^^^^
C:\Python313\Lib\contextlib.py:214: in __aenter__
    return await anext(self.gen)
           ^^^^^^^^^^^^^^^^^^^^^
..\okto-r4-native-installed-zk_r383i\Lib\site-packages\fastapi\routing.py:247: in merged_lifespan
    async with original_context(app) as maybe_original_state:
               ^^^^^^^^^^^^^^^^^^^^^
C:\Python313\Lib\contextlib.py:214: in __aenter__
    return await anext(self.gen)
           ^^^^^^^^^^^^^^^^^^^^^
..\okto-r4-native-installed-zk_r383i\Lib\site-packages\fastapi\routing.py:247: in merged_lifespan
    async with original_context(app) as maybe_original_state:
               ^^^^^^^^^^^^^^^^^^^^^
C:\Python313\Lib\contextlib.py:214: in __aenter__
    return await anext(self.gen)
           ^^^^^^^^^^^^^^^^^^^^^
..\okto-r4-native-installed-zk_r383i\Lib\site-packages\okto_nexus\adapters\inbound\http\app.py:603: in lifespan
    await embedded_inventory.start()
..\okto-r4-native-installed-zk_r383i\Lib\site-packages\okto_nexus\bootstrap\embedded_inventory.py:57: in start
    return await asyncio.shield(self._startup_task)
           ^^^^^^^^^^^^^^^^^^^^^^^^^^^^^^^^^^^^^^^^
..\okto-r4-native-installed-zk_r383i\Lib\site-packages\okto_nexus\bootstrap\embedded_inventory.py:61: in _start
    await self.refresh()
..\okto-r4-native-installed-zk_r383i\Lib\site-packages\okto_nexus\bootstrap\embedded_inventory.py:71: in refresh
    return await asyncio.shield(self._refresh_task)
           ^^^^^^^^^^^^^^^^^^^^^^^^^^^^^^^^^^^^^^^^
..\okto-r4-native-installed-zk_r383i\Lib\site-packages\okto_nexus\bootstrap\embedded_inventory.py:75: in _refresh_owned
    return await self._refresh()
           ^^^^^^^^^^^^^^^^^^^^^
..\okto-r4-native-installed-zk_r383i\Lib\site-packages\okto_nexus\bootstrap\embedded_inventory.py:84: in _refresh
    discovery = await asyncio.to_thread(discover_local_candidates,
C:\Python313\Lib\asyncio\threads.py:25: in to_thread
    return await loop.run_in_executor(None, func_call)
           ^^^^^^^^^^^^^^^^^^^^^^^^^^^^^^^^^^^^^^^^^^^
C:\Python313\Lib\concurrent\futures\thread.py:59: in run
    result = self.fn(*self.args, **self.kwargs)
             ^^^^^^^^^^^^^^^^^^^^^^^^^^^^^^^^^^
..\okto-r4-native-installed-zk_r383i\Lib\site-packages\okto_nexus\adapters\outbound\execution\core_inventory.py:83: in discover_local_candidates
    return _core().discover_installations(
           ^^^^^^^
_ _ _ _ _ _ _ _ _ _ _ _ _ _ _ _ _ _ _ _ _ _ _ _ _ _ _ _ _ _ _ _ _ _ _ _ _ _ _ _

    def _core():
        import nexus_connector_core as core
    
        if core.__version__ != CORE_INVENTORY_VERSION:
>           raise RuntimeError(
                f"Core {CORE_INVENTORY_VERSION} is required for R4 inventory; "
                f"installed {core.__version__}"
            )
E           RuntimeError: Core 0.2.40.dev0 is required for R4 inventory; installed 0.2.41.dev0

..\okto-r4-native-installed-zk_r383i\Lib\site-packages\okto_nexus\adapters\outbound\execution\core_inventory.py:27: RuntimeError
_ ERROR at setup of test_invalid_request_never_commits_event_or_request[no_operation] _

fixturedef = <FixtureDef argname='onboarding' scope='function' baseid='test_native_request_ingress.py'>
request = <SubRequest 'onboarding' for <Function test_invalid_request_never_commits_event_or_request[no_operation]>>

    @pytest.hookimpl(wrapper=True)
    def pytest_fixture_setup(fixturedef: FixtureDef, request) -> object | None:
        if (
            fixturedef.argname == "event_loop_policy"
            and fixturedef.func.__module__ != __name__
        ):
            warnings.warn(
                PytestDeprecationWarning(_EVENT_LOOP_POLICY_FIXTURE_DEPRECATION_WARNING),
            )
        asyncio_mode = _get_asyncio_mode(request.config)
        if not _is_asyncio_fixture_function(fixturedef.func):
            if asyncio_mode == Mode.STRICT:
                # Ignore async fixtures without explicit asyncio mark in strict mode
                # This applies to pytest_trio fixtures, for example
                return (yield)
            if not _is_coroutine_or_asyncgen(fixturedef.func):
>               return (yield)
                        ^^^^^

..\okto-r4-native-installed-zk_r383i\Lib\site-packages\pytest_asyncio\plugin.py:926: 
_ _ _ _ _ _ _ _ _ _ _ _ _ _ _ _ _ _ _ _ _ _ _ _ _ _ _ _ _ _ _ _ _ _ _ _ _ _ _ _
D:\Projetos\Techridy\okto_labs_okto_nexus\tests\execution_r4\test_binding_operator.py:32: in onboarding
    with TestClient(app, raise_server_exceptions=False) as client:
         ^^^^^^^^^^^^^^^^^^^^^^^^^^^^^^^^^^^^^^^^^^^^^^
..\okto-r4-native-installed-zk_r383i\Lib\site-packages\starlette\testclient.py:517: in __enter__
    portal.call(self.wait_startup)
..\okto-r4-native-installed-zk_r383i\Lib\site-packages\anyio\from_thread.py:340: in call
    return cast(T_Retval, self.start_task_soon(func, *args).result())
                          ^^^^^^^^^^^^^^^^^^^^^^^^^^^^^^^^^^^^^^^^^^
C:\Python313\Lib\concurrent\futures\_base.py:456: in result
    return self.__get_result()
           ^^^^^^^^^^^^^^^^^^^
C:\Python313\Lib\concurrent\futures\_base.py:401: in __get_result
    raise self._exception
..\okto-r4-native-installed-zk_r383i\Lib\site-packages\anyio\from_thread.py:265: in _call_func
    retval = await retval_or_awaitable
             ^^^^^^^^^^^^^^^^^^^^^^^^^
..\okto-r4-native-installed-zk_r383i\Lib\site-packages\starlette\testclient.py:552: in wait_startup
    await receive()
..\okto-r4-native-installed-zk_r383i\Lib\site-packages\starlette\testclient.py:543: in receive
    self.task.result()
C:\Python313\Lib\concurrent\futures\_base.py:449: in result
    return self.__get_result()
           ^^^^^^^^^^^^^^^^^^^
C:\Python313\Lib\concurrent\futures\_base.py:401: in __get_result
    raise self._exception
..\okto-r4-native-installed-zk_r383i\Lib\site-packages\anyio\from_thread.py:265: in _call_func
    retval = await retval_or_awaitable
             ^^^^^^^^^^^^^^^^^^^^^^^^^
..\okto-r4-native-installed-zk_r383i\Lib\site-packages\starlette\testclient.py:533: in lifespan
    await self.app(scope, self.stream_receive.receive, self.stream_send.send)
..\okto-r4-native-installed-zk_r383i\Lib\site-packages\fastapi\applications.py:1202: in __call__
    await lifespan(
..\okto-r4-native-installed-zk_r383i\Lib\site-packages\fastapi\telemetry\_runtime.py:239: in lifespan
    await app(scope, wrapped_receive, wrapped_send)
..\okto-r4-native-installed-zk_r383i\Lib\site-packages\starlette\applications.py:96: in __call__
    await self.middleware_stack(scope, receive, send)
..\okto-r4-native-installed-zk_r383i\Lib\site-packages\starlette\middleware\errors.py:151: in __call__
    await self.app(scope, receive, send)
..\okto-r4-native-installed-zk_r383i\Lib\site-packages\fastapi\telemetry\_asgi.py:151: in __call__
    await self.app(scope, receive, send)
..\okto-r4-native-installed-zk_r383i\Lib\site-packages\starlette\middleware\base.py:103: in __call__
    await self.app(scope, receive, send)
..\okto-r4-native-installed-zk_r383i\Lib\site-packages\starlette\middleware\base.py:103: in __call__
    await self.app(scope, receive, send)
..\okto-r4-native-installed-zk_r383i\Lib\site-packages\starlette\middleware\base.py:103: in __call__
    await self.app(scope, receive, send)
..\okto-r4-native-installed-zk_r383i\Lib\site-packages\starlette\middleware\exceptions.py:49: in __call__
    await self.app(scope, receive, send)
..\okto-r4-native-installed-zk_r383i\Lib\site-packages\fastapi\middleware\asyncexitstack.py:18: in __call__
    await self.app(scope, receive, send)
..\okto-r4-native-installed-zk_r383i\Lib\site-packages\starlette\routing.py:676: in __call__
    await self.middleware_stack(scope, receive, send)
..\okto-r4-native-installed-zk_r383i\Lib\site-packages\fastapi\routing.py:2773: in app
    await self.lifespan(scope, receive, send)
..\okto-r4-native-installed-zk_r383i\Lib\site-packages\starlette\routing.py:654: in lifespan
    async with self.lifespan_context(app) as maybe_state:
               ^^^^^^^^^^^^^^^^^^^^^^^^^^
C:\Python313\Lib\contextlib.py:214: in __aenter__
    return await anext(self.gen)
           ^^^^^^^^^^^^^^^^^^^^^
..\okto-r4-native-installed-zk_r383i\Lib\site-packages\fastapi\routing.py:247: in merged_lifespan
    async with original_context(app) as maybe_original_state:
               ^^^^^^^^^^^^^^^^^^^^^
C:\Python313\Lib\contextlib.py:214: in __aenter__
    return await anext(self.gen)
           ^^^^^^^^^^^^^^^^^^^^^
..\okto-r4-native-installed-zk_r383i\Lib\site-packages\fastapi\routing.py:247: in merged_lifespan
    async with original_context(app) as maybe_original_state:
               ^^^^^^^^^^^^^^^^^^^^^
C:\Python313\Lib\contextlib.py:214: in __aenter__
    return await anext(self.gen)
           ^^^^^^^^^^^^^^^^^^^^^
..\okto-r4-native-installed-zk_r383i\Lib\site-packages\fastapi\routing.py:247: in merged_lifespan
    async with original_context(app) as maybe_original_state:
               ^^^^^^^^^^^^^^^^^^^^^
C:\Python313\Lib\contextlib.py:214: in __aenter__
    return await anext(self.gen)
           ^^^^^^^^^^^^^^^^^^^^^
..\okto-r4-native-installed-zk_r383i\Lib\site-packages\fastapi\routing.py:247: in merged_lifespan
    async with original_context(app) as maybe_original_state:
               ^^^^^^^^^^^^^^^^^^^^^
C:\Python313\Lib\contextlib.py:214: in __aenter__
    return await anext(self.gen)
           ^^^^^^^^^^^^^^^^^^^^^
..\okto-r4-native-installed-zk_r383i\Lib\site-packages\fastapi\routing.py:247: in merged_lifespan
    async with original_context(app) as maybe_original_state:
               ^^^^^^^^^^^^^^^^^^^^^
C:\Python313\Lib\contextlib.py:214: in __aenter__
    return await anext(self.gen)
           ^^^^^^^^^^^^^^^^^^^^^
..\okto-r4-native-installed-zk_r383i\Lib\site-packages\fastapi\routing.py:247: in merged_lifespan
    async with original_context(app) as maybe_original_state:
               ^^^^^^^^^^^^^^^^^^^^^
C:\Python313\Lib\contextlib.py:214: in __aenter__
    return await anext(self.gen)
           ^^^^^^^^^^^^^^^^^^^^^
..\okto-r4-native-installed-zk_r383i\Lib\site-packages\fastapi\routing.py:247: in merged_lifespan
    async with original_context(app) as maybe_original_state:
               ^^^^^^^^^^^^^^^^^^^^^
C:\Python313\Lib\contextlib.py:214: in __aenter__
    return await anext(self.gen)
           ^^^^^^^^^^^^^^^^^^^^^
..\okto-r4-native-installed-zk_r383i\Lib\site-packages\okto_nexus\adapters\inbound\http\app.py:603: in lifespan
    await embedded_inventory.start()
..\okto-r4-native-installed-zk_r383i\Lib\site-packages\okto_nexus\bootstrap\embedded_inventory.py:57: in start
    return await asyncio.shield(self._startup_task)
           ^^^^^^^^^^^^^^^^^^^^^^^^^^^^^^^^^^^^^^^^
..\okto-r4-native-installed-zk_r383i\Lib\site-packages\okto_nexus\bootstrap\embedded_inventory.py:61: in _start
    await self.refresh()
..\okto-r4-native-installed-zk_r383i\Lib\site-packages\okto_nexus\bootstrap\embedded_inventory.py:71: in refresh
    return await asyncio.shield(self._refresh_task)
           ^^^^^^^^^^^^^^^^^^^^^^^^^^^^^^^^^^^^^^^^
..\okto-r4-native-installed-zk_r383i\Lib\site-packages\okto_nexus\bootstrap\embedded_inventory.py:75: in _refresh_owned
    return await self._refresh()
           ^^^^^^^^^^^^^^^^^^^^^
..\okto-r4-native-installed-zk_r383i\Lib\site-packages\okto_nexus\bootstrap\embedded_inventory.py:84: in _refresh
    discovery = await asyncio.to_thread(discover_local_candidates,
C:\Python313\Lib\asyncio\threads.py:25: in to_thread
    return await loop.run_in_executor(None, func_call)
           ^^^^^^^^^^^^^^^^^^^^^^^^^^^^^^^^^^^^^^^^^^^
C:\Python313\Lib\concurrent\futures\thread.py:59: in run
    result = self.fn(*self.args, **self.kwargs)
             ^^^^^^^^^^^^^^^^^^^^^^^^^^^^^^^^^^
..\okto-r4-native-installed-zk_r383i\Lib\site-packages\okto_nexus\adapters\outbound\execution\core_inventory.py:83: in discover_local_candidates
    return _core().discover_installations(
           ^^^^^^^
_ _ _ _ _ _ _ _ _ _ _ _ _ _ _ _ _ _ _ _ _ _ _ _ _ _ _ _ _ _ _ _ _ _ _ _ _ _ _ _

    def _core():
        import nexus_connector_core as core
    
        if core.__version__ != CORE_INVENTORY_VERSION:
>           raise RuntimeError(
                f"Core {CORE_INVENTORY_VERSION} is required for R4 inventory; "
                f"installed {core.__version__}"
            )
E           RuntimeError: Core 0.2.40.dev0 is required for R4 inventory; installed 0.2.41.dev0

..\okto-r4-native-installed-zk_r383i\Lib\site-packages\okto_nexus\adapters\outbound\execution\core_inventory.py:27: RuntimeError
_ ERROR at setup of test_invalid_request_never_commits_event_or_request[not_turn] _

fixturedef = <FixtureDef argname='onboarding' scope='function' baseid='test_native_request_ingress.py'>
request = <SubRequest 'onboarding' for <Function test_invalid_request_never_commits_event_or_request[not_turn]>>

    @pytest.hookimpl(wrapper=True)
    def pytest_fixture_setup(fixturedef: FixtureDef, request) -> object | None:
        if (
            fixturedef.argname == "event_loop_policy"
            and fixturedef.func.__module__ != __name__
        ):
            warnings.warn(
                PytestDeprecationWarning(_EVENT_LOOP_POLICY_FIXTURE_DEPRECATION_WARNING),
            )
        asyncio_mode = _get_asyncio_mode(request.config)
        if not _is_asyncio_fixture_function(fixturedef.func):
            if asyncio_mode == Mode.STRICT:
                # Ignore async fixtures without explicit asyncio mark in strict mode
                # This applies to pytest_trio fixtures, for example
                return (yield)
            if not _is_coroutine_or_asyncgen(fixturedef.func):
>               return (yield)
                        ^^^^^

..\okto-r4-native-installed-zk_r383i\Lib\site-packages\pytest_asyncio\plugin.py:926: 
_ _ _ _ _ _ _ _ _ _ _ _ _ _ _ _ _ _ _ _ _ _ _ _ _ _ _ _ _ _ _ _ _ _ _ _ _ _ _ _
D:\Projetos\Techridy\okto_labs_okto_nexus\tests\execution_r4\test_binding_operator.py:32: in onboarding
    with TestClient(app, raise_server_exceptions=False) as client:
         ^^^^^^^^^^^^^^^^^^^^^^^^^^^^^^^^^^^^^^^^^^^^^^
..\okto-r4-native-installed-zk_r383i\Lib\site-packages\starlette\testclient.py:517: in __enter__
    portal.call(self.wait_startup)
..\okto-r4-native-installed-zk_r383i\Lib\site-packages\anyio\from_thread.py:340: in call
    return cast(T_Retval, self.start_task_soon(func, *args).result())
                          ^^^^^^^^^^^^^^^^^^^^^^^^^^^^^^^^^^^^^^^^^^
C:\Python313\Lib\concurrent\futures\_base.py:456: in result
    return self.__get_result()
           ^^^^^^^^^^^^^^^^^^^
C:\Python313\Lib\concurrent\futures\_base.py:401: in __get_result
    raise self._exception
..\okto-r4-native-installed-zk_r383i\Lib\site-packages\anyio\from_thread.py:265: in _call_func
    retval = await retval_or_awaitable
             ^^^^^^^^^^^^^^^^^^^^^^^^^
..\okto-r4-native-installed-zk_r383i\Lib\site-packages\starlette\testclient.py:552: in wait_startup
    await receive()
..\okto-r4-native-installed-zk_r383i\Lib\site-packages\starlette\testclient.py:543: in receive
    self.task.result()
C:\Python313\Lib\concurrent\futures\_base.py:449: in result
    return self.__get_result()
           ^^^^^^^^^^^^^^^^^^^
C:\Python313\Lib\concurrent\futures\_base.py:401: in __get_result
    raise self._exception
..\okto-r4-native-installed-zk_r383i\Lib\site-packages\anyio\from_thread.py:265: in _call_func
    retval = await retval_or_awaitable
             ^^^^^^^^^^^^^^^^^^^^^^^^^
..\okto-r4-native-installed-zk_r383i\Lib\site-packages\starlette\testclient.py:533: in lifespan
    await self.app(scope, self.stream_receive.receive, self.stream_send.send)
..\okto-r4-native-installed-zk_r383i\Lib\site-packages\fastapi\applications.py:1202: in __call__
    await lifespan(
..\okto-r4-native-installed-zk_r383i\Lib\site-packages\fastapi\telemetry\_runtime.py:239: in lifespan
    await app(scope, wrapped_receive, wrapped_send)
..\okto-r4-native-installed-zk_r383i\Lib\site-packages\starlette\applications.py:96: in __call__
    await self.middleware_stack(scope, receive, send)
..\okto-r4-native-installed-zk_r383i\Lib\site-packages\starlette\middleware\errors.py:151: in __call__
    await self.app(scope, receive, send)
..\okto-r4-native-installed-zk_r383i\Lib\site-packages\fastapi\telemetry\_asgi.py:151: in __call__
    await self.app(scope, receive, send)
..\okto-r4-native-installed-zk_r383i\Lib\site-packages\starlette\middleware\base.py:103: in __call__
    await self.app(scope, receive, send)
..\okto-r4-native-installed-zk_r383i\Lib\site-packages\starlette\middleware\base.py:103: in __call__
    await self.app(scope, receive, send)
..\okto-r4-native-installed-zk_r383i\Lib\site-packages\starlette\middleware\base.py:103: in __call__
    await self.app(scope, receive, send)
..\okto-r4-native-installed-zk_r383i\Lib\site-packages\starlette\middleware\exceptions.py:49: in __call__
    await self.app(scope, receive, send)
..\okto-r4-native-installed-zk_r383i\Lib\site-packages\fastapi\middleware\asyncexitstack.py:18: in __call__
    await self.app(scope, receive, send)
..\okto-r4-native-installed-zk_r383i\Lib\site-packages\starlette\routing.py:676: in __call__
    await self.middleware_stack(scope, receive, send)
..\okto-r4-native-installed-zk_r383i\Lib\site-packages\fastapi\routing.py:2773: in app
    await self.lifespan(scope, receive, send)
..\okto-r4-native-installed-zk_r383i\Lib\site-packages\starlette\routing.py:654: in lifespan
    async with self.lifespan_context(app) as maybe_state:
               ^^^^^^^^^^^^^^^^^^^^^^^^^^
C:\Python313\Lib\contextlib.py:214: in __aenter__
    return await anext(self.gen)
           ^^^^^^^^^^^^^^^^^^^^^
..\okto-r4-native-installed-zk_r383i\Lib\site-packages\fastapi\routing.py:247: in merged_lifespan
    async with original_context(app) as maybe_original_state:
               ^^^^^^^^^^^^^^^^^^^^^
C:\Python313\Lib\contextlib.py:214: in __aenter__
    return await anext(self.gen)
           ^^^^^^^^^^^^^^^^^^^^^
..\okto-r4-native-installed-zk_r383i\Lib\site-packages\fastapi\routing.py:247: in merged_lifespan
    async with original_context(app) as maybe_original_state:
               ^^^^^^^^^^^^^^^^^^^^^
C:\Python313\Lib\contextlib.py:214: in __aenter__
    return await anext(self.gen)
           ^^^^^^^^^^^^^^^^^^^^^
..\okto-r4-native-installed-zk_r383i\Lib\site-packages\fastapi\routing.py:247: in merged_lifespan
    async with original_context(app) as maybe_original_state:
               ^^^^^^^^^^^^^^^^^^^^^
C:\Python313\Lib\contextlib.py:214: in __aenter__
    return await anext(self.gen)
           ^^^^^^^^^^^^^^^^^^^^^
..\okto-r4-native-installed-zk_r383i\Lib\site-packages\fastapi\routing.py:247: in merged_lifespan
    async with original_context(app) as maybe_original_state:
               ^^^^^^^^^^^^^^^^^^^^^
C:\Python313\Lib\contextlib.py:214: in __aenter__
    return await anext(self.gen)
           ^^^^^^^^^^^^^^^^^^^^^
..\okto-r4-native-installed-zk_r383i\Lib\site-packages\fastapi\routing.py:247: in merged_lifespan
    async with original_context(app) as maybe_original_state:
               ^^^^^^^^^^^^^^^^^^^^^
C:\Python313\Lib\contextlib.py:214: in __aenter__
    return await anext(self.gen)
           ^^^^^^^^^^^^^^^^^^^^^
..\okto-r4-native-installed-zk_r383i\Lib\site-packages\fastapi\routing.py:247: in merged_lifespan
    async with original_context(app) as maybe_original_state:
               ^^^^^^^^^^^^^^^^^^^^^
C:\Python313\Lib\contextlib.py:214: in __aenter__
    return await anext(self.gen)
           ^^^^^^^^^^^^^^^^^^^^^
..\okto-r4-native-installed-zk_r383i\Lib\site-packages\fastapi\routing.py:247: in merged_lifespan
    async with original_context(app) as maybe_original_state:
               ^^^^^^^^^^^^^^^^^^^^^
C:\Python313\Lib\contextlib.py:214: in __aenter__
    return await anext(self.gen)
           ^^^^^^^^^^^^^^^^^^^^^
..\okto-r4-native-installed-zk_r383i\Lib\site-packages\okto_nexus\adapters\inbound\http\app.py:603: in lifespan
    await embedded_inventory.start()
..\okto-r4-native-installed-zk_r383i\Lib\site-packages\okto_nexus\bootstrap\embedded_inventory.py:57: in start
    return await asyncio.shield(self._startup_task)
           ^^^^^^^^^^^^^^^^^^^^^^^^^^^^^^^^^^^^^^^^
..\okto-r4-native-installed-zk_r383i\Lib\site-packages\okto_nexus\bootstrap\embedded_inventory.py:61: in _start
    await self.refresh()
..\okto-r4-native-installed-zk_r383i\Lib\site-packages\okto_nexus\bootstrap\embedded_inventory.py:71: in refresh
    return await asyncio.shield(self._refresh_task)
           ^^^^^^^^^^^^^^^^^^^^^^^^^^^^^^^^^^^^^^^^
..\okto-r4-native-installed-zk_r383i\Lib\site-packages\okto_nexus\bootstrap\embedded_inventory.py:75: in _refresh_owned
    return await self._refresh()
           ^^^^^^^^^^^^^^^^^^^^^
..\okto-r4-native-installed-zk_r383i\Lib\site-packages\okto_nexus\bootstrap\embedded_inventory.py:84: in _refresh
    discovery = await asyncio.to_thread(discover_local_candidates,
C:\Python313\Lib\asyncio\threads.py:25: in to_thread
    return await loop.run_in_executor(None, func_call)
           ^^^^^^^^^^^^^^^^^^^^^^^^^^^^^^^^^^^^^^^^^^^
C:\Python313\Lib\concurrent\futures\thread.py:59: in run
    result = self.fn(*self.args, **self.kwargs)
             ^^^^^^^^^^^^^^^^^^^^^^^^^^^^^^^^^^
..\okto-r4-native-installed-zk_r383i\Lib\site-packages\okto_nexus\adapters\outbound\execution\core_inventory.py:83: in discover_local_candidates
    return _core().discover_installations(
           ^^^^^^^
_ _ _ _ _ _ _ _ _ _ _ _ _ _ _ _ _ _ _ _ _ _ _ _ _ _ _ _ _ _ _ _ _ _ _ _ _ _ _ _

    def _core():
        import nexus_connector_core as core
    
        if core.__version__ != CORE_INVENTORY_VERSION:
>           raise RuntimeError(
                f"Core {CORE_INVENTORY_VERSION} is required for R4 inventory; "
                f"installed {core.__version__}"
            )
E           RuntimeError: Core 0.2.40.dev0 is required for R4 inventory; installed 0.2.41.dev0

..\okto-r4-native-installed-zk_r383i\Lib\site-packages\okto_nexus\adapters\outbound\execution\core_inventory.py:27: RuntimeError
_ ERROR at setup of test_invalid_request_never_commits_event_or_request[scope] _

fixturedef = <FixtureDef argname='onboarding' scope='function' baseid='test_native_request_ingress.py'>
request = <SubRequest 'onboarding' for <Function test_invalid_request_never_commits_event_or_request[scope]>>

    @pytest.hookimpl(wrapper=True)
    def pytest_fixture_setup(fixturedef: FixtureDef, request) -> object | None:
        if (
            fixturedef.argname == "event_loop_policy"
            and fixturedef.func.__module__ != __name__
        ):
            warnings.warn(
                PytestDeprecationWarning(_EVENT_LOOP_POLICY_FIXTURE_DEPRECATION_WARNING),
            )
        asyncio_mode = _get_asyncio_mode(request.config)
        if not _is_asyncio_fixture_function(fixturedef.func):
            if asyncio_mode == Mode.STRICT:
                # Ignore async fixtures without explicit asyncio mark in strict mode
                # This applies to pytest_trio fixtures, for example
                return (yield)
            if not _is_coroutine_or_asyncgen(fixturedef.func):
>               return (yield)
                        ^^^^^

..\okto-r4-native-installed-zk_r383i\Lib\site-packages\pytest_asyncio\plugin.py:926: 
_ _ _ _ _ _ _ _ _ _ _ _ _ _ _ _ _ _ _ _ _ _ _ _ _ _ _ _ _ _ _ _ _ _ _ _ _ _ _ _
D:\Projetos\Techridy\okto_labs_okto_nexus\tests\execution_r4\test_binding_operator.py:32: in onboarding
    with TestClient(app, raise_server_exceptions=False) as client:
         ^^^^^^^^^^^^^^^^^^^^^^^^^^^^^^^^^^^^^^^^^^^^^^
..\okto-r4-native-installed-zk_r383i\Lib\site-packages\starlette\testclient.py:517: in __enter__
    portal.call(self.wait_startup)
..\okto-r4-native-installed-zk_r383i\Lib\site-packages\anyio\from_thread.py:340: in call
    return cast(T_Retval, self.start_task_soon(func, *args).result())
                          ^^^^^^^^^^^^^^^^^^^^^^^^^^^^^^^^^^^^^^^^^^
C:\Python313\Lib\concurrent\futures\_base.py:456: in result
    return self.__get_result()
           ^^^^^^^^^^^^^^^^^^^
C:\Python313\Lib\concurrent\futures\_base.py:401: in __get_result
    raise self._exception
..\okto-r4-native-installed-zk_r383i\Lib\site-packages\anyio\from_thread.py:265: in _call_func
    retval = await retval_or_awaitable
             ^^^^^^^^^^^^^^^^^^^^^^^^^
..\okto-r4-native-installed-zk_r383i\Lib\site-packages\starlette\testclient.py:552: in wait_startup
    await receive()
..\okto-r4-native-installed-zk_r383i\Lib\site-packages\starlette\testclient.py:543: in receive
    self.task.result()
C:\Python313\Lib\concurrent\futures\_base.py:449: in result
    return self.__get_result()
           ^^^^^^^^^^^^^^^^^^^
C:\Python313\Lib\concurrent\futures\_base.py:401: in __get_result
    raise self._exception
..\okto-r4-native-installed-zk_r383i\Lib\site-packages\anyio\from_thread.py:265: in _call_func
    retval = await retval_or_awaitable
             ^^^^^^^^^^^^^^^^^^^^^^^^^
..\okto-r4-native-installed-zk_r383i\Lib\site-packages\starlette\testclient.py:533: in lifespan
    await self.app(scope, self.stream_receive.receive, self.stream_send.send)
..\okto-r4-native-installed-zk_r383i\Lib\site-packages\fastapi\applications.py:1202: in __call__
    await lifespan(
..\okto-r4-native-installed-zk_r383i\Lib\site-packages\fastapi\telemetry\_runtime.py:239: in lifespan
    await app(scope, wrapped_receive, wrapped_send)
..\okto-r4-native-installed-zk_r383i\Lib\site-packages\starlette\applications.py:96: in __call__
    await self.middleware_stack(scope, receive, send)
..\okto-r4-native-installed-zk_r383i\Lib\site-packages\starlette\middleware\errors.py:151: in __call__
    await self.app(scope, receive, send)
..\okto-r4-native-installed-zk_r383i\Lib\site-packages\fastapi\telemetry\_asgi.py:151: in __call__
    await self.app(scope, receive, send)
..\okto-r4-native-installed-zk_r383i\Lib\site-packages\starlette\middleware\base.py:103: in __call__
    await self.app(scope, receive, send)
..\okto-r4-native-installed-zk_r383i\Lib\site-packages\starlette\middleware\base.py:103: in __call__
    await self.app(scope, receive, send)
..\okto-r4-native-installed-zk_r383i\Lib\site-packages\starlette\middleware\base.py:103: in __call__
    await self.app(scope, receive, send)
..\okto-r4-native-installed-zk_r383i\Lib\site-packages\starlette\middleware\exceptions.py:49: in __call__
    await self.app(scope, receive, send)
..\okto-r4-native-installed-zk_r383i\Lib\site-packages\fastapi\middleware\asyncexitstack.py:18: in __call__
    await self.app(scope, receive, send)
..\okto-r4-native-installed-zk_r383i\Lib\site-packages\starlette\routing.py:676: in __call__
    await self.middleware_stack(scope, receive, send)
..\okto-r4-native-installed-zk_r383i\Lib\site-packages\fastapi\routing.py:2773: in app
    await self.lifespan(scope, receive, send)
..\okto-r4-native-installed-zk_r383i\Lib\site-packages\starlette\routing.py:654: in lifespan
    async with self.lifespan_context(app) as maybe_state:
               ^^^^^^^^^^^^^^^^^^^^^^^^^^
C:\Python313\Lib\contextlib.py:214: in __aenter__
    return await anext(self.gen)
           ^^^^^^^^^^^^^^^^^^^^^
..\okto-r4-native-installed-zk_r383i\Lib\site-packages\fastapi\routing.py:247: in merged_lifespan
    async with original_context(app) as maybe_original_state:
               ^^^^^^^^^^^^^^^^^^^^^
C:\Python313\Lib\contextlib.py:214: in __aenter__
    return await anext(self.gen)
           ^^^^^^^^^^^^^^^^^^^^^
..\okto-r4-native-installed-zk_r383i\Lib\site-packages\fastapi\routing.py:247: in merged_lifespan
    async with original_context(app) as maybe_original_state:
               ^^^^^^^^^^^^^^^^^^^^^
C:\Python313\Lib\contextlib.py:214: in __aenter__
    return await anext(self.gen)
           ^^^^^^^^^^^^^^^^^^^^^
..\okto-r4-native-installed-zk_r383i\Lib\site-packages\fastapi\routing.py:247: in merged_lifespan
    async with original_context(app) as maybe_original_state:
               ^^^^^^^^^^^^^^^^^^^^^
C:\Python313\Lib\contextlib.py:214: in __aenter__
    return await anext(self.gen)
           ^^^^^^^^^^^^^^^^^^^^^
..\okto-r4-native-installed-zk_r383i\Lib\site-packages\fastapi\routing.py:247: in merged_lifespan
    async with original_context(app) as maybe_original_state:
               ^^^^^^^^^^^^^^^^^^^^^
C:\Python313\Lib\contextlib.py:214: in __aenter__
    return await anext(self.gen)
           ^^^^^^^^^^^^^^^^^^^^^
..\okto-r4-native-installed-zk_r383i\Lib\site-packages\fastapi\routing.py:247: in merged_lifespan
    async with original_context(app) as maybe_original_state:
               ^^^^^^^^^^^^^^^^^^^^^
C:\Python313\Lib\contextlib.py:214: in __aenter__
    return await anext(self.gen)
           ^^^^^^^^^^^^^^^^^^^^^
..\okto-r4-native-installed-zk_r383i\Lib\site-packages\fastapi\routing.py:247: in merged_lifespan
    async with original_context(app) as maybe_original_state:
               ^^^^^^^^^^^^^^^^^^^^^
C:\Python313\Lib\contextlib.py:214: in __aenter__
    return await anext(self.gen)
           ^^^^^^^^^^^^^^^^^^^^^
..\okto-r4-native-installed-zk_r383i\Lib\site-packages\fastapi\routing.py:247: in merged_lifespan
    async with original_context(app) as maybe_original_state:
               ^^^^^^^^^^^^^^^^^^^^^
C:\Python313\Lib\contextlib.py:214: in __aenter__
    return await anext(self.gen)
           ^^^^^^^^^^^^^^^^^^^^^
..\okto-r4-native-installed-zk_r383i\Lib\site-packages\okto_nexus\adapters\inbound\http\app.py:603: in lifespan
    await embedded_inventory.start()
..\okto-r4-native-installed-zk_r383i\Lib\site-packages\okto_nexus\bootstrap\embedded_inventory.py:57: in start
    return await asyncio.shield(self._startup_task)
           ^^^^^^^^^^^^^^^^^^^^^^^^^^^^^^^^^^^^^^^^
..\okto-r4-native-installed-zk_r383i\Lib\site-packages\okto_nexus\bootstrap\embedded_inventory.py:61: in _start
    await self.refresh()
..\okto-r4-native-installed-zk_r383i\Lib\site-packages\okto_nexus\bootstrap\embedded_inventory.py:71: in refresh
    return await asyncio.shield(self._refresh_task)
           ^^^^^^^^^^^^^^^^^^^^^^^^^^^^^^^^^^^^^^^^
..\okto-r4-native-installed-zk_r383i\Lib\site-packages\okto_nexus\bootstrap\embedded_inventory.py:75: in _refresh_owned
    return await self._refresh()
           ^^^^^^^^^^^^^^^^^^^^^
..\okto-r4-native-installed-zk_r383i\Lib\site-packages\okto_nexus\bootstrap\embedded_inventory.py:84: in _refresh
    discovery = await asyncio.to_thread(discover_local_candidates,
C:\Python313\Lib\asyncio\threads.py:25: in to_thread
    return await loop.run_in_executor(None, func_call)
           ^^^^^^^^^^^^^^^^^^^^^^^^^^^^^^^^^^^^^^^^^^^
C:\Python313\Lib\concurrent\futures\thread.py:59: in run
    result = self.fn(*self.args, **self.kwargs)
             ^^^^^^^^^^^^^^^^^^^^^^^^^^^^^^^^^^
..\okto-r4-native-installed-zk_r383i\Lib\site-packages\okto_nexus\adapters\outbound\execution\core_inventory.py:83: in discover_local_candidates
    return _core().discover_installations(
           ^^^^^^^
_ _ _ _ _ _ _ _ _ _ _ _ _ _ _ _ _ _ _ _ _ _ _ _ _ _ _ _ _ _ _ _ _ _ _ _ _ _ _ _

    def _core():
        import nexus_connector_core as core
    
        if core.__version__ != CORE_INVENTORY_VERSION:
>           raise RuntimeError(
                f"Core {CORE_INVENTORY_VERSION} is required for R4 inventory; "
                f"installed {core.__version__}"
            )
E           RuntimeError: Core 0.2.40.dev0 is required for R4 inventory; installed 0.2.41.dev0

..\okto-r4-native-installed-zk_r383i\Lib\site-packages\okto_nexus\adapters\outbound\execution\core_inventory.py:27: RuntimeError
_ ERROR at setup of test_invalid_request_never_commits_event_or_request[future_generation] _

fixturedef = <FixtureDef argname='onboarding' scope='function' baseid='test_native_request_ingress.py'>
request = <SubRequest 'onboarding' for <Function test_invalid_request_never_commits_event_or_request[future_generation]>>

    @pytest.hookimpl(wrapper=True)
    def pytest_fixture_setup(fixturedef: FixtureDef, request) -> object | None:
        if (
            fixturedef.argname == "event_loop_policy"
            and fixturedef.func.__module__ != __name__
        ):
            warnings.warn(
                PytestDeprecationWarning(_EVENT_LOOP_POLICY_FIXTURE_DEPRECATION_WARNING),
            )
        asyncio_mode = _get_asyncio_mode(request.config)
        if not _is_asyncio_fixture_function(fixturedef.func):
            if asyncio_mode == Mode.STRICT:
                # Ignore async fixtures without explicit asyncio mark in strict mode
                # This applies to pytest_trio fixtures, for example
                return (yield)
            if not _is_coroutine_or_asyncgen(fixturedef.func):
>               return (yield)
                        ^^^^^

..\okto-r4-native-installed-zk_r383i\Lib\site-packages\pytest_asyncio\plugin.py:926: 
_ _ _ _ _ _ _ _ _ _ _ _ _ _ _ _ _ _ _ _ _ _ _ _ _ _ _ _ _ _ _ _ _ _ _ _ _ _ _ _
D:\Projetos\Techridy\okto_labs_okto_nexus\tests\execution_r4\test_binding_operator.py:32: in onboarding
    with TestClient(app, raise_server_exceptions=False) as client:
         ^^^^^^^^^^^^^^^^^^^^^^^^^^^^^^^^^^^^^^^^^^^^^^
..\okto-r4-native-installed-zk_r383i\Lib\site-packages\starlette\testclient.py:517: in __enter__
    portal.call(self.wait_startup)
..\okto-r4-native-installed-zk_r383i\Lib\site-packages\anyio\from_thread.py:340: in call
    return cast(T_Retval, self.start_task_soon(func, *args).result())
                          ^^^^^^^^^^^^^^^^^^^^^^^^^^^^^^^^^^^^^^^^^^
C:\Python313\Lib\concurrent\futures\_base.py:456: in result
    return self.__get_result()
           ^^^^^^^^^^^^^^^^^^^
C:\Python313\Lib\concurrent\futures\_base.py:401: in __get_result
    raise self._exception
..\okto-r4-native-installed-zk_r383i\Lib\site-packages\anyio\from_thread.py:265: in _call_func
    retval = await retval_or_awaitable
             ^^^^^^^^^^^^^^^^^^^^^^^^^
..\okto-r4-native-installed-zk_r383i\Lib\site-packages\starlette\testclient.py:552: in wait_startup
    await receive()
..\okto-r4-native-installed-zk_r383i\Lib\site-packages\starlette\testclient.py:543: in receive
    self.task.result()
C:\Python313\Lib\concurrent\futures\_base.py:449: in result
    return self.__get_result()
           ^^^^^^^^^^^^^^^^^^^
C:\Python313\Lib\concurrent\futures\_base.py:401: in __get_result
    raise self._exception
..\okto-r4-native-installed-zk_r383i\Lib\site-packages\anyio\from_thread.py:265: in _call_func
    retval = await retval_or_awaitable
             ^^^^^^^^^^^^^^^^^^^^^^^^^
..\okto-r4-native-installed-zk_r383i\Lib\site-packages\starlette\testclient.py:533: in lifespan
    await self.app(scope, self.stream_receive.receive, self.stream_send.send)
..\okto-r4-native-installed-zk_r383i\Lib\site-packages\fastapi\applications.py:1202: in __call__
    await lifespan(
..\okto-r4-native-installed-zk_r383i\Lib\site-packages\fastapi\telemetry\_runtime.py:239: in lifespan
    await app(scope, wrapped_receive, wrapped_send)
..\okto-r4-native-installed-zk_r383i\Lib\site-packages\starlette\applications.py:96: in __call__
    await self.middleware_stack(scope, receive, send)
..\okto-r4-native-installed-zk_r383i\Lib\site-packages\starlette\middleware\errors.py:151: in __call__
    await self.app(scope, receive, send)
..\okto-r4-native-installed-zk_r383i\Lib\site-packages\fastapi\telemetry\_asgi.py:151: in __call__
    await self.app(scope, receive, send)
..\okto-r4-native-installed-zk_r383i\Lib\site-packages\starlette\middleware\base.py:103: in __call__
    await self.app(scope, receive, send)
..\okto-r4-native-installed-zk_r383i\Lib\site-packages\starlette\middleware\base.py:103: in __call__
    await self.app(scope, receive, send)
..\okto-r4-native-installed-zk_r383i\Lib\site-packages\starlette\middleware\base.py:103: in __call__
    await self.app(scope, receive, send)
..\okto-r4-native-installed-zk_r383i\Lib\site-packages\starlette\middleware\exceptions.py:49: in __call__
    await self.app(scope, receive, send)
..\okto-r4-native-installed-zk_r383i\Lib\site-packages\fastapi\middleware\asyncexitstack.py:18: in __call__
    await self.app(scope, receive, send)
..\okto-r4-native-installed-zk_r383i\Lib\site-packages\starlette\routing.py:676: in __call__
    await self.middleware_stack(scope, receive, send)
..\okto-r4-native-installed-zk_r383i\Lib\site-packages\fastapi\routing.py:2773: in app
    await self.lifespan(scope, receive, send)
..\okto-r4-native-installed-zk_r383i\Lib\site-packages\starlette\routing.py:654: in lifespan
    async with self.lifespan_context(app) as maybe_state:
               ^^^^^^^^^^^^^^^^^^^^^^^^^^
C:\Python313\Lib\contextlib.py:214: in __aenter__
    return await anext(self.gen)
           ^^^^^^^^^^^^^^^^^^^^^
..\okto-r4-native-installed-zk_r383i\Lib\site-packages\fastapi\routing.py:247: in merged_lifespan
    async with original_context(app) as maybe_original_state:
               ^^^^^^^^^^^^^^^^^^^^^
C:\Python313\Lib\contextlib.py:214: in __aenter__
    return await anext(self.gen)
           ^^^^^^^^^^^^^^^^^^^^^
..\okto-r4-native-installed-zk_r383i\Lib\site-packages\fastapi\routing.py:247: in merged_lifespan
    async with original_context(app) as maybe_original_state:
               ^^^^^^^^^^^^^^^^^^^^^
C:\Python313\Lib\contextlib.py:214: in __aenter__
    return await anext(self.gen)
           ^^^^^^^^^^^^^^^^^^^^^
..\okto-r4-native-installed-zk_r383i\Lib\site-packages\fastapi\routing.py:247: in merged_lifespan
    async with original_context(app) as maybe_original_state:
               ^^^^^^^^^^^^^^^^^^^^^
C:\Python313\Lib\contextlib.py:214: in __aenter__
    return await anext(self.gen)
           ^^^^^^^^^^^^^^^^^^^^^
..\okto-r4-native-installed-zk_r383i\Lib\site-packages\fastapi\routing.py:247: in merged_lifespan
    async with original_context(app) as maybe_original_state:
               ^^^^^^^^^^^^^^^^^^^^^
C:\Python313\Lib\contextlib.py:214: in __aenter__
    return await anext(self.gen)
           ^^^^^^^^^^^^^^^^^^^^^
..\okto-r4-native-installed-zk_r383i\Lib\site-packages\fastapi\routing.py:247: in merged_lifespan
    async with original_context(app) as maybe_original_state:
               ^^^^^^^^^^^^^^^^^^^^^
C:\Python313\Lib\contextlib.py:214: in __aenter__
    return await anext(self.gen)
           ^^^^^^^^^^^^^^^^^^^^^
..\okto-r4-native-installed-zk_r383i\Lib\site-packages\fastapi\routing.py:247: in merged_lifespan
    async with original_context(app) as maybe_original_state:
               ^^^^^^^^^^^^^^^^^^^^^
C:\Python313\Lib\contextlib.py:214: in __aenter__
    return await anext(self.gen)
           ^^^^^^^^^^^^^^^^^^^^^
..\okto-r4-native-installed-zk_r383i\Lib\site-packages\fastapi\routing.py:247: in merged_lifespan
    async with original_context(app) as maybe_original_state:
               ^^^^^^^^^^^^^^^^^^^^^
C:\Python313\Lib\contextlib.py:214: in __aenter__
    return await anext(self.gen)
           ^^^^^^^^^^^^^^^^^^^^^
..\okto-r4-native-installed-zk_r383i\Lib\site-packages\okto_nexus\adapters\inbound\http\app.py:603: in lifespan
    await embedded_inventory.start()
..\okto-r4-native-installed-zk_r383i\Lib\site-packages\okto_nexus\bootstrap\embedded_inventory.py:57: in start
    return await asyncio.shield(self._startup_task)
           ^^^^^^^^^^^^^^^^^^^^^^^^^^^^^^^^^^^^^^^^
..\okto-r4-native-installed-zk_r383i\Lib\site-packages\okto_nexus\bootstrap\embedded_inventory.py:61: in _start
    await self.refresh()
..\okto-r4-native-installed-zk_r383i\Lib\site-packages\okto_nexus\bootstrap\embedded_inventory.py:71: in refresh
    return await asyncio.shield(self._refresh_task)
           ^^^^^^^^^^^^^^^^^^^^^^^^^^^^^^^^^^^^^^^^
..\okto-r4-native-installed-zk_r383i\Lib\site-packages\okto_nexus\bootstrap\embedded_inventory.py:75: in _refresh_owned
    return await self._refresh()
           ^^^^^^^^^^^^^^^^^^^^^
..\okto-r4-native-installed-zk_r383i\Lib\site-packages\okto_nexus\bootstrap\embedded_inventory.py:84: in _refresh
    discovery = await asyncio.to_thread(discover_local_candidates,
C:\Python313\Lib\asyncio\threads.py:25: in to_thread
    return await loop.run_in_executor(None, func_call)
           ^^^^^^^^^^^^^^^^^^^^^^^^^^^^^^^^^^^^^^^^^^^
C:\Python313\Lib\concurrent\futures\thread.py:59: in run
    result = self.fn(*self.args, **self.kwargs)
             ^^^^^^^^^^^^^^^^^^^^^^^^^^^^^^^^^^
..\okto-r4-native-installed-zk_r383i\Lib\site-packages\okto_nexus\adapters\outbound\execution\core_inventory.py:83: in discover_local_candidates
    return _core().discover_installations(
           ^^^^^^^
_ _ _ _ _ _ _ _ _ _ _ _ _ _ _ _ _ _ _ _ _ _ _ _ _ _ _ _ _ _ _ _ _ _ _ _ _ _ _ _

    def _core():
        import nexus_connector_core as core
    
        if core.__version__ != CORE_INVENTORY_VERSION:
>           raise RuntimeError(
                f"Core {CORE_INVENTORY_VERSION} is required for R4 inventory; "
                f"installed {core.__version__}"
            )
E           RuntimeError: Core 0.2.40.dev0 is required for R4 inventory; installed 0.2.41.dev0

..\okto-r4-native-installed-zk_r383i\Lib\site-packages\okto_nexus\adapters\outbound\execution\core_inventory.py:27: RuntimeError
_ ERROR at setup of test_invalid_request_never_commits_event_or_request[bool_id] _

fixturedef = <FixtureDef argname='onboarding' scope='function' baseid='test_native_request_ingress.py'>
request = <SubRequest 'onboarding' for <Function test_invalid_request_never_commits_event_or_request[bool_id]>>

    @pytest.hookimpl(wrapper=True)
    def pytest_fixture_setup(fixturedef: FixtureDef, request) -> object | None:
        if (
            fixturedef.argname == "event_loop_policy"
            and fixturedef.func.__module__ != __name__
        ):
            warnings.warn(
                PytestDeprecationWarning(_EVENT_LOOP_POLICY_FIXTURE_DEPRECATION_WARNING),
            )
        asyncio_mode = _get_asyncio_mode(request.config)
        if not _is_asyncio_fixture_function(fixturedef.func):
            if asyncio_mode == Mode.STRICT:
                # Ignore async fixtures without explicit asyncio mark in strict mode
                # This applies to pytest_trio fixtures, for example
                return (yield)
            if not _is_coroutine_or_asyncgen(fixturedef.func):
>               return (yield)
                        ^^^^^

..\okto-r4-native-installed-zk_r383i\Lib\site-packages\pytest_asyncio\plugin.py:926: 
_ _ _ _ _ _ _ _ _ _ _ _ _ _ _ _ _ _ _ _ _ _ _ _ _ _ _ _ _ _ _ _ _ _ _ _ _ _ _ _
D:\Projetos\Techridy\okto_labs_okto_nexus\tests\execution_r4\test_binding_operator.py:32: in onboarding
    with TestClient(app, raise_server_exceptions=False) as client:
         ^^^^^^^^^^^^^^^^^^^^^^^^^^^^^^^^^^^^^^^^^^^^^^
..\okto-r4-native-installed-zk_r383i\Lib\site-packages\starlette\testclient.py:517: in __enter__
    portal.call(self.wait_startup)
..\okto-r4-native-installed-zk_r383i\Lib\site-packages\anyio\from_thread.py:340: in call
    return cast(T_Retval, self.start_task_soon(func, *args).result())
                          ^^^^^^^^^^^^^^^^^^^^^^^^^^^^^^^^^^^^^^^^^^
C:\Python313\Lib\concurrent\futures\_base.py:456: in result
    return self.__get_result()
           ^^^^^^^^^^^^^^^^^^^
C:\Python313\Lib\concurrent\futures\_base.py:401: in __get_result
    raise self._exception
..\okto-r4-native-installed-zk_r383i\Lib\site-packages\anyio\from_thread.py:265: in _call_func
    retval = await retval_or_awaitable
             ^^^^^^^^^^^^^^^^^^^^^^^^^
..\okto-r4-native-installed-zk_r383i\Lib\site-packages\starlette\testclient.py:552: in wait_startup
    await receive()
..\okto-r4-native-installed-zk_r383i\Lib\site-packages\starlette\testclient.py:543: in receive
    self.task.result()
C:\Python313\Lib\concurrent\futures\_base.py:449: in result
    return self.__get_result()
           ^^^^^^^^^^^^^^^^^^^
C:\Python313\Lib\concurrent\futures\_base.py:401: in __get_result
    raise self._exception
..\okto-r4-native-installed-zk_r383i\Lib\site-packages\anyio\from_thread.py:265: in _call_func
    retval = await retval_or_awaitable
             ^^^^^^^^^^^^^^^^^^^^^^^^^
..\okto-r4-native-installed-zk_r383i\Lib\site-packages\starlette\testclient.py:533: in lifespan
    await self.app(scope, self.stream_receive.receive, self.stream_send.send)
..\okto-r4-native-installed-zk_r383i\Lib\site-packages\fastapi\applications.py:1202: in __call__
    await lifespan(
..\okto-r4-native-installed-zk_r383i\Lib\site-packages\fastapi\telemetry\_runtime.py:239: in lifespan
    await app(scope, wrapped_receive, wrapped_send)
..\okto-r4-native-installed-zk_r383i\Lib\site-packages\starlette\applications.py:96: in __call__
    await self.middleware_stack(scope, receive, send)
..\okto-r4-native-installed-zk_r383i\Lib\site-packages\starlette\middleware\errors.py:151: in __call__
    await self.app(scope, receive, send)
..\okto-r4-native-installed-zk_r383i\Lib\site-packages\fastapi\telemetry\_asgi.py:151: in __call__
    await self.app(scope, receive, send)
..\okto-r4-native-installed-zk_r383i\Lib\site-packages\starlette\middleware\base.py:103: in __call__
    await self.app(scope, receive, send)
..\okto-r4-native-installed-zk_r383i\Lib\site-packages\starlette\middleware\base.py:103: in __call__
    await self.app(scope, receive, send)
..\okto-r4-native-installed-zk_r383i\Lib\site-packages\starlette\middleware\base.py:103: in __call__
    await self.app(scope, receive, send)
..\okto-r4-native-installed-zk_r383i\Lib\site-packages\starlette\middleware\exceptions.py:49: in __call__
    await self.app(scope, receive, send)
..\okto-r4-native-installed-zk_r383i\Lib\site-packages\fastapi\middleware\asyncexitstack.py:18: in __call__
    await self.app(scope, receive, send)
..\okto-r4-native-installed-zk_r383i\Lib\site-packages\starlette\routing.py:676: in __call__
    await self.middleware_stack(scope, receive, send)
..\okto-r4-native-installed-zk_r383i\Lib\site-packages\fastapi\routing.py:2773: in app
    await self.lifespan(scope, receive, send)
..\okto-r4-native-installed-zk_r383i\Lib\site-packages\starlette\routing.py:654: in lifespan
    async with self.lifespan_context(app) as maybe_state:
               ^^^^^^^^^^^^^^^^^^^^^^^^^^
C:\Python313\Lib\contextlib.py:214: in __aenter__
    return await anext(self.gen)
           ^^^^^^^^^^^^^^^^^^^^^
..\okto-r4-native-installed-zk_r383i\Lib\site-packages\fastapi\routing.py:247: in merged_lifespan
    async with original_context(app) as maybe_original_state:
               ^^^^^^^^^^^^^^^^^^^^^
C:\Python313\Lib\contextlib.py:214: in __aenter__
    return await anext(self.gen)
           ^^^^^^^^^^^^^^^^^^^^^
..\okto-r4-native-installed-zk_r383i\Lib\site-packages\fastapi\routing.py:247: in merged_lifespan
    async with original_context(app) as maybe_original_state:
               ^^^^^^^^^^^^^^^^^^^^^
C:\Python313\Lib\contextlib.py:214: in __aenter__
    return await anext(self.gen)
           ^^^^^^^^^^^^^^^^^^^^^
..\okto-r4-native-installed-zk_r383i\Lib\site-packages\fastapi\routing.py:247: in merged_lifespan
    async with original_context(app) as maybe_original_state:
               ^^^^^^^^^^^^^^^^^^^^^
C:\Python313\Lib\contextlib.py:214: in __aenter__
    return await anext(self.gen)
           ^^^^^^^^^^^^^^^^^^^^^
..\okto-r4-native-installed-zk_r383i\Lib\site-packages\fastapi\routing.py:247: in merged_lifespan
    async with original_context(app) as maybe_original_state:
               ^^^^^^^^^^^^^^^^^^^^^
C:\Python313\Lib\contextlib.py:214: in __aenter__
    return await anext(self.gen)
           ^^^^^^^^^^^^^^^^^^^^^
..\okto-r4-native-installed-zk_r383i\Lib\site-packages\fastapi\routing.py:247: in merged_lifespan
    async with original_context(app) as maybe_original_state:
               ^^^^^^^^^^^^^^^^^^^^^
C:\Python313\Lib\contextlib.py:214: in __aenter__
    return await anext(self.gen)
           ^^^^^^^^^^^^^^^^^^^^^
..\okto-r4-native-installed-zk_r383i\Lib\site-packages\fastapi\routing.py:247: in merged_lifespan
    async with original_context(app) as maybe_original_state:
               ^^^^^^^^^^^^^^^^^^^^^
C:\Python313\Lib\contextlib.py:214: in __aenter__
    return await anext(self.gen)
           ^^^^^^^^^^^^^^^^^^^^^
..\okto-r4-native-installed-zk_r383i\Lib\site-packages\fastapi\routing.py:247: in merged_lifespan
    async with original_context(app) as maybe_original_state:
               ^^^^^^^^^^^^^^^^^^^^^
C:\Python313\Lib\contextlib.py:214: in __aenter__
    return await anext(self.gen)
           ^^^^^^^^^^^^^^^^^^^^^
..\okto-r4-native-installed-zk_r383i\Lib\site-packages\okto_nexus\adapters\inbound\http\app.py:603: in lifespan
    await embedded_inventory.start()
..\okto-r4-native-installed-zk_r383i\Lib\site-packages\okto_nexus\bootstrap\embedded_inventory.py:57: in start
    return await asyncio.shield(self._startup_task)
           ^^^^^^^^^^^^^^^^^^^^^^^^^^^^^^^^^^^^^^^^
..\okto-r4-native-installed-zk_r383i\Lib\site-packages\okto_nexus\bootstrap\embedded_inventory.py:61: in _start
    await self.refresh()
..\okto-r4-native-installed-zk_r383i\Lib\site-packages\okto_nexus\bootstrap\embedded_inventory.py:71: in refresh
    return await asyncio.shield(self._refresh_task)
           ^^^^^^^^^^^^^^^^^^^^^^^^^^^^^^^^^^^^^^^^
..\okto-r4-native-installed-zk_r383i\Lib\site-packages\okto_nexus\bootstrap\embedded_inventory.py:75: in _refresh_owned
    return await self._refresh()
           ^^^^^^^^^^^^^^^^^^^^^
..\okto-r4-native-installed-zk_r383i\Lib\site-packages\okto_nexus\bootstrap\embedded_inventory.py:84: in _refresh
    discovery = await asyncio.to_thread(discover_local_candidates,
C:\Python313\Lib\asyncio\threads.py:25: in to_thread
    return await loop.run_in_executor(None, func_call)
           ^^^^^^^^^^^^^^^^^^^^^^^^^^^^^^^^^^^^^^^^^^^
C:\Python313\Lib\concurrent\futures\thread.py:59: in run
    result = self.fn(*self.args, **self.kwargs)
             ^^^^^^^^^^^^^^^^^^^^^^^^^^^^^^^^^^
..\okto-r4-native-installed-zk_r383i\Lib\site-packages\okto_nexus\adapters\outbound\execution\core_inventory.py:83: in discover_local_candidates
    return _core().discover_installations(
           ^^^^^^^
_ _ _ _ _ _ _ _ _ _ _ _ _ _ _ _ _ _ _ _ _ _ _ _ _ _ _ _ _ _ _ _ _ _ _ _ _ _ _ _

    def _core():
        import nexus_connector_core as core
    
        if core.__version__ != CORE_INVENTORY_VERSION:
>           raise RuntimeError(
                f"Core {CORE_INVENTORY_VERSION} is required for R4 inventory; "
                f"installed {core.__version__}"
            )
E           RuntimeError: Core 0.2.40.dev0 is required for R4 inventory; installed 0.2.41.dev0

..\okto-r4-native-installed-zk_r383i\Lib\site-packages\okto_nexus\adapters\outbound\execution\core_inventory.py:27: RuntimeError
_ ERROR at setup of test_invalid_request_never_commits_event_or_request[bad_hash] _

fixturedef = <FixtureDef argname='onboarding' scope='function' baseid='test_native_request_ingress.py'>
request = <SubRequest 'onboarding' for <Function test_invalid_request_never_commits_event_or_request[bad_hash]>>

    @pytest.hookimpl(wrapper=True)
    def pytest_fixture_setup(fixturedef: FixtureDef, request) -> object | None:
        if (
            fixturedef.argname == "event_loop_policy"
            and fixturedef.func.__module__ != __name__
        ):
            warnings.warn(
                PytestDeprecationWarning(_EVENT_LOOP_POLICY_FIXTURE_DEPRECATION_WARNING),
            )
        asyncio_mode = _get_asyncio_mode(request.config)
        if not _is_asyncio_fixture_function(fixturedef.func):
            if asyncio_mode == Mode.STRICT:
                # Ignore async fixtures without explicit asyncio mark in strict mode
                # This applies to pytest_trio fixtures, for example
                return (yield)
            if not _is_coroutine_or_asyncgen(fixturedef.func):
>               return (yield)
                        ^^^^^

..\okto-r4-native-installed-zk_r383i\Lib\site-packages\pytest_asyncio\plugin.py:926: 
_ _ _ _ _ _ _ _ _ _ _ _ _ _ _ _ _ _ _ _ _ _ _ _ _ _ _ _ _ _ _ _ _ _ _ _ _ _ _ _
D:\Projetos\Techridy\okto_labs_okto_nexus\tests\execution_r4\test_binding_operator.py:32: in onboarding
    with TestClient(app, raise_server_exceptions=False) as client:
         ^^^^^^^^^^^^^^^^^^^^^^^^^^^^^^^^^^^^^^^^^^^^^^
..\okto-r4-native-installed-zk_r383i\Lib\site-packages\starlette\testclient.py:517: in __enter__
    portal.call(self.wait_startup)
..\okto-r4-native-installed-zk_r383i\Lib\site-packages\anyio\from_thread.py:340: in call
    return cast(T_Retval, self.start_task_soon(func, *args).result())
                          ^^^^^^^^^^^^^^^^^^^^^^^^^^^^^^^^^^^^^^^^^^
C:\Python313\Lib\concurrent\futures\_base.py:456: in result
    return self.__get_result()
           ^^^^^^^^^^^^^^^^^^^
C:\Python313\Lib\concurrent\futures\_base.py:401: in __get_result
    raise self._exception
..\okto-r4-native-installed-zk_r383i\Lib\site-packages\anyio\from_thread.py:265: in _call_func
    retval = await retval_or_awaitable
             ^^^^^^^^^^^^^^^^^^^^^^^^^
..\okto-r4-native-installed-zk_r383i\Lib\site-packages\starlette\testclient.py:552: in wait_startup
    await receive()
..\okto-r4-native-installed-zk_r383i\Lib\site-packages\starlette\testclient.py:543: in receive
    self.task.result()
C:\Python313\Lib\concurrent\futures\_base.py:449: in result
    return self.__get_result()
           ^^^^^^^^^^^^^^^^^^^
C:\Python313\Lib\concurrent\futures\_base.py:401: in __get_result
    raise self._exception
..\okto-r4-native-installed-zk_r383i\Lib\site-packages\anyio\from_thread.py:265: in _call_func
    retval = await retval_or_awaitable
             ^^^^^^^^^^^^^^^^^^^^^^^^^
..\okto-r4-native-installed-zk_r383i\Lib\site-packages\starlette\testclient.py:533: in lifespan
    await self.app(scope, self.stream_receive.receive, self.stream_send.send)
..\okto-r4-native-installed-zk_r383i\Lib\site-packages\fastapi\applications.py:1202: in __call__
    await lifespan(
..\okto-r4-native-installed-zk_r383i\Lib\site-packages\fastapi\telemetry\_runtime.py:239: in lifespan
    await app(scope, wrapped_receive, wrapped_send)
..\okto-r4-native-installed-zk_r383i\Lib\site-packages\starlette\applications.py:96: in __call__
    await self.middleware_stack(scope, receive, send)
..\okto-r4-native-installed-zk_r383i\Lib\site-packages\starlette\middleware\errors.py:151: in __call__
    await self.app(scope, receive, send)
..\okto-r4-native-installed-zk_r383i\Lib\site-packages\fastapi\telemetry\_asgi.py:151: in __call__
    await self.app(scope, receive, send)
..\okto-r4-native-installed-zk_r383i\Lib\site-packages\starlette\middleware\base.py:103: in __call__
    await self.app(scope, receive, send)
..\okto-r4-native-installed-zk_r383i\Lib\site-packages\starlette\middleware\base.py:103: in __call__
    await self.app(scope, receive, send)
..\okto-r4-native-installed-zk_r383i\Lib\site-packages\starlette\middleware\base.py:103: in __call__
    await self.app(scope, receive, send)
..\okto-r4-native-installed-zk_r383i\Lib\site-packages\starlette\middleware\exceptions.py:49: in __call__
    await self.app(scope, receive, send)
..\okto-r4-native-installed-zk_r383i\Lib\site-packages\fastapi\middleware\asyncexitstack.py:18: in __call__
    await self.app(scope, receive, send)
..\okto-r4-native-installed-zk_r383i\Lib\site-packages\starlette\routing.py:676: in __call__
    await self.middleware_stack(scope, receive, send)
..\okto-r4-native-installed-zk_r383i\Lib\site-packages\fastapi\routing.py:2773: in app
    await self.lifespan(scope, receive, send)
..\okto-r4-native-installed-zk_r383i\Lib\site-packages\starlette\routing.py:654: in lifespan
    async with self.lifespan_context(app) as maybe_state:
               ^^^^^^^^^^^^^^^^^^^^^^^^^^
C:\Python313\Lib\contextlib.py:214: in __aenter__
    return await anext(self.gen)
           ^^^^^^^^^^^^^^^^^^^^^
..\okto-r4-native-installed-zk_r383i\Lib\site-packages\fastapi\routing.py:247: in merged_lifespan
    async with original_context(app) as maybe_original_state:
               ^^^^^^^^^^^^^^^^^^^^^
C:\Python313\Lib\contextlib.py:214: in __aenter__
    return await anext(self.gen)
           ^^^^^^^^^^^^^^^^^^^^^
..\okto-r4-native-installed-zk_r383i\Lib\site-packages\fastapi\routing.py:247: in merged_lifespan
    async with original_context(app) as maybe_original_state:
               ^^^^^^^^^^^^^^^^^^^^^
C:\Python313\Lib\contextlib.py:214: in __aenter__
    return await anext(self.gen)
           ^^^^^^^^^^^^^^^^^^^^^
..\okto-r4-native-installed-zk_r383i\Lib\site-packages\fastapi\routing.py:247: in merged_lifespan
    async with original_context(app) as maybe_original_state:
               ^^^^^^^^^^^^^^^^^^^^^
C:\Python313\Lib\contextlib.py:214: in __aenter__
    return await anext(self.gen)
           ^^^^^^^^^^^^^^^^^^^^^
..\okto-r4-native-installed-zk_r383i\Lib\site-packages\fastapi\routing.py:247: in merged_lifespan
    async with original_context(app) as maybe_original_state:
               ^^^^^^^^^^^^^^^^^^^^^
C:\Python313\Lib\contextlib.py:214: in __aenter__
    return await anext(self.gen)
           ^^^^^^^^^^^^^^^^^^^^^
..\okto-r4-native-installed-zk_r383i\Lib\site-packages\fastapi\routing.py:247: in merged_lifespan
    async with original_context(app) as maybe_original_state:
               ^^^^^^^^^^^^^^^^^^^^^
C:\Python313\Lib\contextlib.py:214: in __aenter__
    return await anext(self.gen)
           ^^^^^^^^^^^^^^^^^^^^^
..\okto-r4-native-installed-zk_r383i\Lib\site-packages\fastapi\routing.py:247: in merged_lifespan
    async with original_context(app) as maybe_original_state:
               ^^^^^^^^^^^^^^^^^^^^^
C:\Python313\Lib\contextlib.py:214: in __aenter__
    return await anext(self.gen)
           ^^^^^^^^^^^^^^^^^^^^^
..\okto-r4-native-installed-zk_r383i\Lib\site-packages\fastapi\routing.py:247: in merged_lifespan
    async with original_context(app) as maybe_original_state:
               ^^^^^^^^^^^^^^^^^^^^^
C:\Python313\Lib\contextlib.py:214: in __aenter__
    return await anext(self.gen)
           ^^^^^^^^^^^^^^^^^^^^^
..\okto-r4-native-installed-zk_r383i\Lib\site-packages\okto_nexus\adapters\inbound\http\app.py:603: in lifespan
    await embedded_inventory.start()
..\okto-r4-native-installed-zk_r383i\Lib\site-packages\okto_nexus\bootstrap\embedded_inventory.py:57: in start
    return await asyncio.shield(self._startup_task)
           ^^^^^^^^^^^^^^^^^^^^^^^^^^^^^^^^^^^^^^^^
..\okto-r4-native-installed-zk_r383i\Lib\site-packages\okto_nexus\bootstrap\embedded_inventory.py:61: in _start
    await self.refresh()
..\okto-r4-native-installed-zk_r383i\Lib\site-packages\okto_nexus\bootstrap\embedded_inventory.py:71: in refresh
    return await asyncio.shield(self._refresh_task)
           ^^^^^^^^^^^^^^^^^^^^^^^^^^^^^^^^^^^^^^^^
..\okto-r4-native-installed-zk_r383i\Lib\site-packages\okto_nexus\bootstrap\embedded_inventory.py:75: in _refresh_owned
    return await self._refresh()
           ^^^^^^^^^^^^^^^^^^^^^
..\okto-r4-native-installed-zk_r383i\Lib\site-packages\okto_nexus\bootstrap\embedded_inventory.py:84: in _refresh
    discovery = await asyncio.to_thread(discover_local_candidates,
C:\Python313\Lib\asyncio\threads.py:25: in to_thread
    return await loop.run_in_executor(None, func_call)
           ^^^^^^^^^^^^^^^^^^^^^^^^^^^^^^^^^^^^^^^^^^^
C:\Python313\Lib\concurrent\futures\thread.py:59: in run
    result = self.fn(*self.args, **self.kwargs)
             ^^^^^^^^^^^^^^^^^^^^^^^^^^^^^^^^^^
..\okto-r4-native-installed-zk_r383i\Lib\site-packages\okto_nexus\adapters\outbound\execution\core_inventory.py:83: in discover_local_candidates
    return _core().discover_installations(
           ^^^^^^^
_ _ _ _ _ _ _ _ _ _ _ _ _ _ _ _ _ _ _ _ _ _ _ _ _ _ _ _ _ _ _ _ _ _ _ _ _ _ _ _

    def _core():
        import nexus_connector_core as core
    
        if core.__version__ != CORE_INVENTORY_VERSION:
>           raise RuntimeError(
                f"Core {CORE_INVENTORY_VERSION} is required for R4 inventory; "
                f"installed {core.__version__}"
            )
E           RuntimeError: Core 0.2.40.dev0 is required for R4 inventory; installed 0.2.41.dev0

..\okto-r4-native-installed-zk_r383i\Lib\site-packages\okto_nexus\adapters\outbound\execution\core_inventory.py:27: RuntimeError
_ ERROR at setup of test_invalid_request_never_commits_event_or_request[no_display] _

fixturedef = <FixtureDef argname='onboarding' scope='function' baseid='test_native_request_ingress.py'>
request = <SubRequest 'onboarding' for <Function test_invalid_request_never_commits_event_or_request[no_display]>>

    @pytest.hookimpl(wrapper=True)
    def pytest_fixture_setup(fixturedef: FixtureDef, request) -> object | None:
        if (
            fixturedef.argname == "event_loop_policy"
            and fixturedef.func.__module__ != __name__
        ):
            warnings.warn(
                PytestDeprecationWarning(_EVENT_LOOP_POLICY_FIXTURE_DEPRECATION_WARNING),
            )
        asyncio_mode = _get_asyncio_mode(request.config)
        if not _is_asyncio_fixture_function(fixturedef.func):
            if asyncio_mode == Mode.STRICT:
                # Ignore async fixtures without explicit asyncio mark in strict mode
                # This applies to pytest_trio fixtures, for example
                return (yield)
            if not _is_coroutine_or_asyncgen(fixturedef.func):
>               return (yield)
                        ^^^^^

..\okto-r4-native-installed-zk_r383i\Lib\site-packages\pytest_asyncio\plugin.py:926: 
_ _ _ _ _ _ _ _ _ _ _ _ _ _ _ _ _ _ _ _ _ _ _ _ _ _ _ _ _ _ _ _ _ _ _ _ _ _ _ _
D:\Projetos\Techridy\okto_labs_okto_nexus\tests\execution_r4\test_binding_operator.py:32: in onboarding
    with TestClient(app, raise_server_exceptions=False) as client:
         ^^^^^^^^^^^^^^^^^^^^^^^^^^^^^^^^^^^^^^^^^^^^^^
..\okto-r4-native-installed-zk_r383i\Lib\site-packages\starlette\testclient.py:517: in __enter__
    portal.call(self.wait_startup)
..\okto-r4-native-installed-zk_r383i\Lib\site-packages\anyio\from_thread.py:340: in call
    return cast(T_Retval, self.start_task_soon(func, *args).result())
                          ^^^^^^^^^^^^^^^^^^^^^^^^^^^^^^^^^^^^^^^^^^
C:\Python313\Lib\concurrent\futures\_base.py:456: in result
    return self.__get_result()
           ^^^^^^^^^^^^^^^^^^^
C:\Python313\Lib\concurrent\futures\_base.py:401: in __get_result
    raise self._exception
..\okto-r4-native-installed-zk_r383i\Lib\site-packages\anyio\from_thread.py:265: in _call_func
    retval = await retval_or_awaitable
             ^^^^^^^^^^^^^^^^^^^^^^^^^
..\okto-r4-native-installed-zk_r383i\Lib\site-packages\starlette\testclient.py:552: in wait_startup
    await receive()
..\okto-r4-native-installed-zk_r383i\Lib\site-packages\starlette\testclient.py:543: in receive
    self.task.result()
C:\Python313\Lib\concurrent\futures\_base.py:449: in result
    return self.__get_result()
           ^^^^^^^^^^^^^^^^^^^
C:\Python313\Lib\concurrent\futures\_base.py:401: in __get_result
    raise self._exception
..\okto-r4-native-installed-zk_r383i\Lib\site-packages\anyio\from_thread.py:265: in _call_func
    retval = await retval_or_awaitable
             ^^^^^^^^^^^^^^^^^^^^^^^^^
..\okto-r4-native-installed-zk_r383i\Lib\site-packages\starlette\testclient.py:533: in lifespan
    await self.app(scope, self.stream_receive.receive, self.stream_send.send)
..\okto-r4-native-installed-zk_r383i\Lib\site-packages\fastapi\applications.py:1202: in __call__
    await lifespan(
..\okto-r4-native-installed-zk_r383i\Lib\site-packages\fastapi\telemetry\_runtime.py:239: in lifespan
    await app(scope, wrapped_receive, wrapped_send)
..\okto-r4-native-installed-zk_r383i\Lib\site-packages\starlette\applications.py:96: in __call__
    await self.middleware_stack(scope, receive, send)
..\okto-r4-native-installed-zk_r383i\Lib\site-packages\starlette\middleware\errors.py:151: in __call__
    await self.app(scope, receive, send)
..\okto-r4-native-installed-zk_r383i\Lib\site-packages\fastapi\telemetry\_asgi.py:151: in __call__
    await self.app(scope, receive, send)
..\okto-r4-native-installed-zk_r383i\Lib\site-packages\starlette\middleware\base.py:103: in __call__
    await self.app(scope, receive, send)
..\okto-r4-native-installed-zk_r383i\Lib\site-packages\starlette\middleware\base.py:103: in __call__
    await self.app(scope, receive, send)
..\okto-r4-native-installed-zk_r383i\Lib\site-packages\starlette\middleware\base.py:103: in __call__
    await self.app(scope, receive, send)
..\okto-r4-native-installed-zk_r383i\Lib\site-packages\starlette\middleware\exceptions.py:49: in __call__
    await self.app(scope, receive, send)
..\okto-r4-native-installed-zk_r383i\Lib\site-packages\fastapi\middleware\asyncexitstack.py:18: in __call__
    await self.app(scope, receive, send)
..\okto-r4-native-installed-zk_r383i\Lib\site-packages\starlette\routing.py:676: in __call__
    await self.middleware_stack(scope, receive, send)
..\okto-r4-native-installed-zk_r383i\Lib\site-packages\fastapi\routing.py:2773: in app
    await self.lifespan(scope, receive, send)
..\okto-r4-native-installed-zk_r383i\Lib\site-packages\starlette\routing.py:654: in lifespan
    async with self.lifespan_context(app) as maybe_state:
               ^^^^^^^^^^^^^^^^^^^^^^^^^^
C:\Python313\Lib\contextlib.py:214: in __aenter__
    return await anext(self.gen)
           ^^^^^^^^^^^^^^^^^^^^^
..\okto-r4-native-installed-zk_r383i\Lib\site-packages\fastapi\routing.py:247: in merged_lifespan
    async with original_context(app) as maybe_original_state:
               ^^^^^^^^^^^^^^^^^^^^^
C:\Python313\Lib\contextlib.py:214: in __aenter__
    return await anext(self.gen)
           ^^^^^^^^^^^^^^^^^^^^^
..\okto-r4-native-installed-zk_r383i\Lib\site-packages\fastapi\routing.py:247: in merged_lifespan
    async with original_context(app) as maybe_original_state:
               ^^^^^^^^^^^^^^^^^^^^^
C:\Python313\Lib\contextlib.py:214: in __aenter__
    return await anext(self.gen)
           ^^^^^^^^^^^^^^^^^^^^^
..\okto-r4-native-installed-zk_r383i\Lib\site-packages\fastapi\routing.py:247: in merged_lifespan
    async with original_context(app) as maybe_original_state:
               ^^^^^^^^^^^^^^^^^^^^^
C:\Python313\Lib\contextlib.py:214: in __aenter__
    return await anext(self.gen)
           ^^^^^^^^^^^^^^^^^^^^^
..\okto-r4-native-installed-zk_r383i\Lib\site-packages\fastapi\routing.py:247: in merged_lifespan
    async with original_context(app) as maybe_original_state:
               ^^^^^^^^^^^^^^^^^^^^^
C:\Python313\Lib\contextlib.py:214: in __aenter__
    return await anext(self.gen)
           ^^^^^^^^^^^^^^^^^^^^^
..\okto-r4-native-installed-zk_r383i\Lib\site-packages\fastapi\routing.py:247: in merged_lifespan
    async with original_context(app) as maybe_original_state:
               ^^^^^^^^^^^^^^^^^^^^^
C:\Python313\Lib\contextlib.py:214: in __aenter__
    return await anext(self.gen)
           ^^^^^^^^^^^^^^^^^^^^^
..\okto-r4-native-installed-zk_r383i\Lib\site-packages\fastapi\routing.py:247: in merged_lifespan
    async with original_context(app) as maybe_original_state:
               ^^^^^^^^^^^^^^^^^^^^^
C:\Python313\Lib\contextlib.py:214: in __aenter__
    return await anext(self.gen)
           ^^^^^^^^^^^^^^^^^^^^^
..\okto-r4-native-installed-zk_r383i\Lib\site-packages\fastapi\routing.py:247: in merged_lifespan
    async with original_context(app) as maybe_original_state:
               ^^^^^^^^^^^^^^^^^^^^^
C:\Python313\Lib\contextlib.py:214: in __aenter__
    return await anext(self.gen)
           ^^^^^^^^^^^^^^^^^^^^^
..\okto-r4-native-installed-zk_r383i\Lib\site-packages\okto_nexus\adapters\inbound\http\app.py:603: in lifespan
    await embedded_inventory.start()
..\okto-r4-native-installed-zk_r383i\Lib\site-packages\okto_nexus\bootstrap\embedded_inventory.py:57: in start
    return await asyncio.shield(self._startup_task)
           ^^^^^^^^^^^^^^^^^^^^^^^^^^^^^^^^^^^^^^^^
..\okto-r4-native-installed-zk_r383i\Lib\site-packages\okto_nexus\bootstrap\embedded_inventory.py:61: in _start
    await self.refresh()
..\okto-r4-native-installed-zk_r383i\Lib\site-packages\okto_nexus\bootstrap\embedded_inventory.py:71: in refresh
    return await asyncio.shield(self._refresh_task)
           ^^^^^^^^^^^^^^^^^^^^^^^^^^^^^^^^^^^^^^^^
..\okto-r4-native-installed-zk_r383i\Lib\site-packages\okto_nexus\bootstrap\embedded_inventory.py:75: in _refresh_owned
    return await self._refresh()
           ^^^^^^^^^^^^^^^^^^^^^
..\okto-r4-native-installed-zk_r383i\Lib\site-packages\okto_nexus\bootstrap\embedded_inventory.py:84: in _refresh
    discovery = await asyncio.to_thread(discover_local_candidates,
C:\Python313\Lib\asyncio\threads.py:25: in to_thread
    return await loop.run_in_executor(None, func_call)
           ^^^^^^^^^^^^^^^^^^^^^^^^^^^^^^^^^^^^^^^^^^^
C:\Python313\Lib\concurrent\futures\thread.py:59: in run
    result = self.fn(*self.args, **self.kwargs)
             ^^^^^^^^^^^^^^^^^^^^^^^^^^^^^^^^^^
..\okto-r4-native-installed-zk_r383i\Lib\site-packages\okto_nexus\adapters\outbound\execution\core_inventory.py:83: in discover_local_candidates
    return _core().discover_installations(
           ^^^^^^^
_ _ _ _ _ _ _ _ _ _ _ _ _ _ _ _ _ _ _ _ _ _ _ _ _ _ _ _ _ _ _ _ _ _ _ _ _ _ _ _

    def _core():
        import nexus_connector_core as core
    
        if core.__version__ != CORE_INVENTORY_VERSION:
>           raise RuntimeError(
                f"Core {CORE_INVENTORY_VERSION} is required for R4 inventory; "
                f"installed {core.__version__}"
            )
E           RuntimeError: Core 0.2.40.dev0 is required for R4 inventory; installed 0.2.41.dev0

..\okto-r4-native-installed-zk_r383i\Lib\site-packages\okto_nexus\adapters\outbound\execution\core_inventory.py:27: RuntimeError
_ ERROR at setup of test_invalid_request_never_commits_event_or_request[administrative] _

fixturedef = <FixtureDef argname='onboarding' scope='function' baseid='test_native_request_ingress.py'>
request = <SubRequest 'onboarding' for <Function test_invalid_request_never_commits_event_or_request[administrative]>>

    @pytest.hookimpl(wrapper=True)
    def pytest_fixture_setup(fixturedef: FixtureDef, request) -> object | None:
        if (
            fixturedef.argname == "event_loop_policy"
            and fixturedef.func.__module__ != __name__
        ):
            warnings.warn(
                PytestDeprecationWarning(_EVENT_LOOP_POLICY_FIXTURE_DEPRECATION_WARNING),
            )
        asyncio_mode = _get_asyncio_mode(request.config)
        if not _is_asyncio_fixture_function(fixturedef.func):
            if asyncio_mode == Mode.STRICT:
                # Ignore async fixtures without explicit asyncio mark in strict mode
                # This applies to pytest_trio fixtures, for example
                return (yield)
            if not _is_coroutine_or_asyncgen(fixturedef.func):
>               return (yield)
                        ^^^^^

..\okto-r4-native-installed-zk_r383i\Lib\site-packages\pytest_asyncio\plugin.py:926: 
_ _ _ _ _ _ _ _ _ _ _ _ _ _ _ _ _ _ _ _ _ _ _ _ _ _ _ _ _ _ _ _ _ _ _ _ _ _ _ _
D:\Projetos\Techridy\okto_labs_okto_nexus\tests\execution_r4\test_binding_operator.py:32: in onboarding
    with TestClient(app, raise_server_exceptions=False) as client:
         ^^^^^^^^^^^^^^^^^^^^^^^^^^^^^^^^^^^^^^^^^^^^^^
..\okto-r4-native-installed-zk_r383i\Lib\site-packages\starlette\testclient.py:517: in __enter__
    portal.call(self.wait_startup)
..\okto-r4-native-installed-zk_r383i\Lib\site-packages\anyio\from_thread.py:340: in call
    return cast(T_Retval, self.start_task_soon(func, *args).result())
                          ^^^^^^^^^^^^^^^^^^^^^^^^^^^^^^^^^^^^^^^^^^
C:\Python313\Lib\concurrent\futures\_base.py:456: in result
    return self.__get_result()
           ^^^^^^^^^^^^^^^^^^^
C:\Python313\Lib\concurrent\futures\_base.py:401: in __get_result
    raise self._exception
..\okto-r4-native-installed-zk_r383i\Lib\site-packages\anyio\from_thread.py:265: in _call_func
    retval = await retval_or_awaitable
             ^^^^^^^^^^^^^^^^^^^^^^^^^
..\okto-r4-native-installed-zk_r383i\Lib\site-packages\starlette\testclient.py:552: in wait_startup
    await receive()
..\okto-r4-native-installed-zk_r383i\Lib\site-packages\starlette\testclient.py:543: in receive
    self.task.result()
C:\Python313\Lib\concurrent\futures\_base.py:449: in result
    return self.__get_result()
           ^^^^^^^^^^^^^^^^^^^
C:\Python313\Lib\concurrent\futures\_base.py:401: in __get_result
    raise self._exception
..\okto-r4-native-installed-zk_r383i\Lib\site-packages\anyio\from_thread.py:265: in _call_func
    retval = await retval_or_awaitable
             ^^^^^^^^^^^^^^^^^^^^^^^^^
..\okto-r4-native-installed-zk_r383i\Lib\site-packages\starlette\testclient.py:533: in lifespan
    await self.app(scope, self.stream_receive.receive, self.stream_send.send)
..\okto-r4-native-installed-zk_r383i\Lib\site-packages\fastapi\applications.py:1202: in __call__
    await lifespan(
..\okto-r4-native-installed-zk_r383i\Lib\site-packages\fastapi\telemetry\_runtime.py:239: in lifespan
    await app(scope, wrapped_receive, wrapped_send)
..\okto-r4-native-installed-zk_r383i\Lib\site-packages\starlette\applications.py:96: in __call__
    await self.middleware_stack(scope, receive, send)
..\okto-r4-native-installed-zk_r383i\Lib\site-packages\starlette\middleware\errors.py:151: in __call__
    await self.app(scope, receive, send)
..\okto-r4-native-installed-zk_r383i\Lib\site-packages\fastapi\telemetry\_asgi.py:151: in __call__
    await self.app(scope, receive, send)
..\okto-r4-native-installed-zk_r383i\Lib\site-packages\starlette\middleware\base.py:103: in __call__
    await self.app(scope, receive, send)
..\okto-r4-native-installed-zk_r383i\Lib\site-packages\starlette\middleware\base.py:103: in __call__
    await self.app(scope, receive, send)
..\okto-r4-native-installed-zk_r383i\Lib\site-packages\starlette\middleware\base.py:103: in __call__
    await self.app(scope, receive, send)
..\okto-r4-native-installed-zk_r383i\Lib\site-packages\starlette\middleware\exceptions.py:49: in __call__
    await self.app(scope, receive, send)
..\okto-r4-native-installed-zk_r383i\Lib\site-packages\fastapi\middleware\asyncexitstack.py:18: in __call__
    await self.app(scope, receive, send)
..\okto-r4-native-installed-zk_r383i\Lib\site-packages\starlette\routing.py:676: in __call__
    await self.middleware_stack(scope, receive, send)
..\okto-r4-native-installed-zk_r383i\Lib\site-packages\fastapi\routing.py:2773: in app
    await self.lifespan(scope, receive, send)
..\okto-r4-native-installed-zk_r383i\Lib\site-packages\starlette\routing.py:654: in lifespan
    async with self.lifespan_context(app) as maybe_state:
               ^^^^^^^^^^^^^^^^^^^^^^^^^^
C:\Python313\Lib\contextlib.py:214: in __aenter__
    return await anext(self.gen)
           ^^^^^^^^^^^^^^^^^^^^^
..\okto-r4-native-installed-zk_r383i\Lib\site-packages\fastapi\routing.py:247: in merged_lifespan
    async with original_context(app) as maybe_original_state:
               ^^^^^^^^^^^^^^^^^^^^^
C:\Python313\Lib\contextlib.py:214: in __aenter__
    return await anext(self.gen)
           ^^^^^^^^^^^^^^^^^^^^^
..\okto-r4-native-installed-zk_r383i\Lib\site-packages\fastapi\routing.py:247: in merged_lifespan
    async with original_context(app) as maybe_original_state:
               ^^^^^^^^^^^^^^^^^^^^^
C:\Python313\Lib\contextlib.py:214: in __aenter__
    return await anext(self.gen)
           ^^^^^^^^^^^^^^^^^^^^^
..\okto-r4-native-installed-zk_r383i\Lib\site-packages\fastapi\routing.py:247: in merged_lifespan
    async with original_context(app) as maybe_original_state:
               ^^^^^^^^^^^^^^^^^^^^^
C:\Python313\Lib\contextlib.py:214: in __aenter__
    return await anext(self.gen)
           ^^^^^^^^^^^^^^^^^^^^^
..\okto-r4-native-installed-zk_r383i\Lib\site-packages\fastapi\routing.py:247: in merged_lifespan
    async with original_context(app) as maybe_original_state:
               ^^^^^^^^^^^^^^^^^^^^^
C:\Python313\Lib\contextlib.py:214: in __aenter__
    return await anext(self.gen)
           ^^^^^^^^^^^^^^^^^^^^^
..\okto-r4-native-installed-zk_r383i\Lib\site-packages\fastapi\routing.py:247: in merged_lifespan
    async with original_context(app) as maybe_original_state:
               ^^^^^^^^^^^^^^^^^^^^^
C:\Python313\Lib\contextlib.py:214: in __aenter__
    return await anext(self.gen)
           ^^^^^^^^^^^^^^^^^^^^^
..\okto-r4-native-installed-zk_r383i\Lib\site-packages\fastapi\routing.py:247: in merged_lifespan
    async with original_context(app) as maybe_original_state:
               ^^^^^^^^^^^^^^^^^^^^^
C:\Python313\Lib\contextlib.py:214: in __aenter__
    return await anext(self.gen)
           ^^^^^^^^^^^^^^^^^^^^^
..\okto-r4-native-installed-zk_r383i\Lib\site-packages\fastapi\routing.py:247: in merged_lifespan
    async with original_context(app) as maybe_original_state:
               ^^^^^^^^^^^^^^^^^^^^^
C:\Python313\Lib\contextlib.py:214: in __aenter__
    return await anext(self.gen)
           ^^^^^^^^^^^^^^^^^^^^^
..\okto-r4-native-installed-zk_r383i\Lib\site-packages\okto_nexus\adapters\inbound\http\app.py:603: in lifespan
    await embedded_inventory.start()
..\okto-r4-native-installed-zk_r383i\Lib\site-packages\okto_nexus\bootstrap\embedded_inventory.py:57: in start
    return await asyncio.shield(self._startup_task)
           ^^^^^^^^^^^^^^^^^^^^^^^^^^^^^^^^^^^^^^^^
..\okto-r4-native-installed-zk_r383i\Lib\site-packages\okto_nexus\bootstrap\embedded_inventory.py:61: in _start
    await self.refresh()
..\okto-r4-native-installed-zk_r383i\Lib\site-packages\okto_nexus\bootstrap\embedded_inventory.py:71: in refresh
    return await asyncio.shield(self._refresh_task)
           ^^^^^^^^^^^^^^^^^^^^^^^^^^^^^^^^^^^^^^^^
..\okto-r4-native-installed-zk_r383i\Lib\site-packages\okto_nexus\bootstrap\embedded_inventory.py:75: in _refresh_owned
    return await self._refresh()
           ^^^^^^^^^^^^^^^^^^^^^
..\okto-r4-native-installed-zk_r383i\Lib\site-packages\okto_nexus\bootstrap\embedded_inventory.py:84: in _refresh
    discovery = await asyncio.to_thread(discover_local_candidates,
C:\Python313\Lib\asyncio\threads.py:25: in to_thread
    return await loop.run_in_executor(None, func_call)
           ^^^^^^^^^^^^^^^^^^^^^^^^^^^^^^^^^^^^^^^^^^^
C:\Python313\Lib\concurrent\futures\thread.py:59: in run
    result = self.fn(*self.args, **self.kwargs)
             ^^^^^^^^^^^^^^^^^^^^^^^^^^^^^^^^^^
..\okto-r4-native-installed-zk_r383i\Lib\site-packages\okto_nexus\adapters\outbound\execution\core_inventory.py:83: in discover_local_candidates
    return _core().discover_installations(
           ^^^^^^^
_ _ _ _ _ _ _ _ _ _ _ _ _ _ _ _ _ _ _ _ _ _ _ _ _ _ _ _ _ _ _ _ _ _ _ _ _ _ _ _

    def _core():
        import nexus_connector_core as core
    
        if core.__version__ != CORE_INVENTORY_VERSION:
>           raise RuntimeError(
                f"Core {CORE_INVENTORY_VERSION} is required for R4 inventory; "
                f"installed {core.__version__}"
            )
E           RuntimeError: Core 0.2.40.dev0 is required for R4 inventory; installed 0.2.41.dev0

..\okto-r4-native-installed-zk_r383i\Lib\site-packages\okto_nexus\adapters\outbound\execution\core_inventory.py:27: RuntimeError
________________ ERROR at setup of test_typed_ids_are_distinct ________________

fixturedef = <FixtureDef argname='onboarding' scope='function' baseid='test_native_request_ingress.py'>
request = <SubRequest 'onboarding' for <Function test_typed_ids_are_distinct>>

    @pytest.hookimpl(wrapper=True)
    def pytest_fixture_setup(fixturedef: FixtureDef, request) -> object | None:
        if (
            fixturedef.argname == "event_loop_policy"
            and fixturedef.func.__module__ != __name__
        ):
            warnings.warn(
                PytestDeprecationWarning(_EVENT_LOOP_POLICY_FIXTURE_DEPRECATION_WARNING),
            )
        asyncio_mode = _get_asyncio_mode(request.config)
        if not _is_asyncio_fixture_function(fixturedef.func):
            if asyncio_mode == Mode.STRICT:
                # Ignore async fixtures without explicit asyncio mark in strict mode
                # This applies to pytest_trio fixtures, for example
                return (yield)
            if not _is_coroutine_or_asyncgen(fixturedef.func):
>               return (yield)
                        ^^^^^

..\okto-r4-native-installed-zk_r383i\Lib\site-packages\pytest_asyncio\plugin.py:926: 
_ _ _ _ _ _ _ _ _ _ _ _ _ _ _ _ _ _ _ _ _ _ _ _ _ _ _ _ _ _ _ _ _ _ _ _ _ _ _ _
D:\Projetos\Techridy\okto_labs_okto_nexus\tests\execution_r4\test_binding_operator.py:32: in onboarding
    with TestClient(app, raise_server_exceptions=False) as client:
         ^^^^^^^^^^^^^^^^^^^^^^^^^^^^^^^^^^^^^^^^^^^^^^
..\okto-r4-native-installed-zk_r383i\Lib\site-packages\starlette\testclient.py:517: in __enter__
    portal.call(self.wait_startup)
..\okto-r4-native-installed-zk_r383i\Lib\site-packages\anyio\from_thread.py:340: in call
    return cast(T_Retval, self.start_task_soon(func, *args).result())
                          ^^^^^^^^^^^^^^^^^^^^^^^^^^^^^^^^^^^^^^^^^^
C:\Python313\Lib\concurrent\futures\_base.py:456: in result
    return self.__get_result()
           ^^^^^^^^^^^^^^^^^^^
C:\Python313\Lib\concurrent\futures\_base.py:401: in __get_result
    raise self._exception
..\okto-r4-native-installed-zk_r383i\Lib\site-packages\anyio\from_thread.py:265: in _call_func
    retval = await retval_or_awaitable
             ^^^^^^^^^^^^^^^^^^^^^^^^^
..\okto-r4-native-installed-zk_r383i\Lib\site-packages\starlette\testclient.py:552: in wait_startup
    await receive()
..\okto-r4-native-installed-zk_r383i\Lib\site-packages\starlette\testclient.py:543: in receive
    self.task.result()
C:\Python313\Lib\concurrent\futures\_base.py:449: in result
    return self.__get_result()
           ^^^^^^^^^^^^^^^^^^^
C:\Python313\Lib\concurrent\futures\_base.py:401: in __get_result
    raise self._exception
..\okto-r4-native-installed-zk_r383i\Lib\site-packages\anyio\from_thread.py:265: in _call_func
    retval = await retval_or_awaitable
             ^^^^^^^^^^^^^^^^^^^^^^^^^
..\okto-r4-native-installed-zk_r383i\Lib\site-packages\starlette\testclient.py:533: in lifespan
    await self.app(scope, self.stream_receive.receive, self.stream_send.send)
..\okto-r4-native-installed-zk_r383i\Lib\site-packages\fastapi\applications.py:1202: in __call__
    await lifespan(
..\okto-r4-native-installed-zk_r383i\Lib\site-packages\fastapi\telemetry\_runtime.py:239: in lifespan
    await app(scope, wrapped_receive, wrapped_send)
..\okto-r4-native-installed-zk_r383i\Lib\site-packages\starlette\applications.py:96: in __call__
    await self.middleware_stack(scope, receive, send)
..\okto-r4-native-installed-zk_r383i\Lib\site-packages\starlette\middleware\errors.py:151: in __call__
    await self.app(scope, receive, send)
..\okto-r4-native-installed-zk_r383i\Lib\site-packages\fastapi\telemetry\_asgi.py:151: in __call__
    await self.app(scope, receive, send)
..\okto-r4-native-installed-zk_r383i\Lib\site-packages\starlette\middleware\base.py:103: in __call__
    await self.app(scope, receive, send)
..\okto-r4-native-installed-zk_r383i\Lib\site-packages\starlette\middleware\base.py:103: in __call__
    await self.app(scope, receive, send)
..\okto-r4-native-installed-zk_r383i\Lib\site-packages\starlette\middleware\base.py:103: in __call__
    await self.app(scope, receive, send)
..\okto-r4-native-installed-zk_r383i\Lib\site-packages\starlette\middleware\exceptions.py:49: in __call__
    await self.app(scope, receive, send)
..\okto-r4-native-installed-zk_r383i\Lib\site-packages\fastapi\middleware\asyncexitstack.py:18: in __call__
    await self.app(scope, receive, send)
..\okto-r4-native-installed-zk_r383i\Lib\site-packages\starlette\routing.py:676: in __call__
    await self.middleware_stack(scope, receive, send)
..\okto-r4-native-installed-zk_r383i\Lib\site-packages\fastapi\routing.py:2773: in app
    await self.lifespan(scope, receive, send)
..\okto-r4-native-installed-zk_r383i\Lib\site-packages\starlette\routing.py:654: in lifespan
    async with self.lifespan_context(app) as maybe_state:
               ^^^^^^^^^^^^^^^^^^^^^^^^^^
C:\Python313\Lib\contextlib.py:214: in __aenter__
    return await anext(self.gen)
           ^^^^^^^^^^^^^^^^^^^^^
..\okto-r4-native-installed-zk_r383i\Lib\site-packages\fastapi\routing.py:247: in merged_lifespan
    async with original_context(app) as maybe_original_state:
               ^^^^^^^^^^^^^^^^^^^^^
C:\Python313\Lib\contextlib.py:214: in __aenter__
    return await anext(self.gen)
           ^^^^^^^^^^^^^^^^^^^^^
..\okto-r4-native-installed-zk_r383i\Lib\site-packages\fastapi\routing.py:247: in merged_lifespan
    async with original_context(app) as maybe_original_state:
               ^^^^^^^^^^^^^^^^^^^^^
C:\Python313\Lib\contextlib.py:214: in __aenter__
    return await anext(self.gen)
           ^^^^^^^^^^^^^^^^^^^^^
..\okto-r4-native-installed-zk_r383i\Lib\site-packages\fastapi\routing.py:247: in merged_lifespan
    async with original_context(app) as maybe_original_state:
               ^^^^^^^^^^^^^^^^^^^^^
C:\Python313\Lib\contextlib.py:214: in __aenter__
    return await anext(self.gen)
           ^^^^^^^^^^^^^^^^^^^^^
..\okto-r4-native-installed-zk_r383i\Lib\site-packages\fastapi\routing.py:247: in merged_lifespan
    async with original_context(app) as maybe_original_state:
               ^^^^^^^^^^^^^^^^^^^^^
C:\Python313\Lib\contextlib.py:214: in __aenter__
    return await anext(self.gen)
           ^^^^^^^^^^^^^^^^^^^^^
..\okto-r4-native-installed-zk_r383i\Lib\site-packages\fastapi\routing.py:247: in merged_lifespan
    async with original_context(app) as maybe_original_state:
               ^^^^^^^^^^^^^^^^^^^^^
C:\Python313\Lib\contextlib.py:214: in __aenter__
    return await anext(self.gen)
           ^^^^^^^^^^^^^^^^^^^^^
..\okto-r4-native-installed-zk_r383i\Lib\site-packages\fastapi\routing.py:247: in merged_lifespan
    async with original_context(app) as maybe_original_state:
               ^^^^^^^^^^^^^^^^^^^^^
C:\Python313\Lib\contextlib.py:214: in __aenter__
    return await anext(self.gen)
           ^^^^^^^^^^^^^^^^^^^^^
..\okto-r4-native-installed-zk_r383i\Lib\site-packages\fastapi\routing.py:247: in merged_lifespan
    async with original_context(app) as maybe_original_state:
               ^^^^^^^^^^^^^^^^^^^^^
C:\Python313\Lib\contextlib.py:214: in __aenter__
    return await anext(self.gen)
           ^^^^^^^^^^^^^^^^^^^^^
..\okto-r4-native-installed-zk_r383i\Lib\site-packages\okto_nexus\adapters\inbound\http\app.py:603: in lifespan
    await embedded_inventory.start()
..\okto-r4-native-installed-zk_r383i\Lib\site-packages\okto_nexus\bootstrap\embedded_inventory.py:57: in start
    return await asyncio.shield(self._startup_task)
           ^^^^^^^^^^^^^^^^^^^^^^^^^^^^^^^^^^^^^^^^
..\okto-r4-native-installed-zk_r383i\Lib\site-packages\okto_nexus\bootstrap\embedded_inventory.py:61: in _start
    await self.refresh()
..\okto-r4-native-installed-zk_r383i\Lib\site-packages\okto_nexus\bootstrap\embedded_inventory.py:71: in refresh
    return await asyncio.shield(self._refresh_task)
           ^^^^^^^^^^^^^^^^^^^^^^^^^^^^^^^^^^^^^^^^
..\okto-r4-native-installed-zk_r383i\Lib\site-packages\okto_nexus\bootstrap\embedded_inventory.py:75: in _refresh_owned
    return await self._refresh()
           ^^^^^^^^^^^^^^^^^^^^^
..\okto-r4-native-installed-zk_r383i\Lib\site-packages\okto_nexus\bootstrap\embedded_inventory.py:84: in _refresh
    discovery = await asyncio.to_thread(discover_local_candidates,
C:\Python313\Lib\asyncio\threads.py:25: in to_thread
    return await loop.run_in_executor(None, func_call)
           ^^^^^^^^^^^^^^^^^^^^^^^^^^^^^^^^^^^^^^^^^^^
C:\Python313\Lib\concurrent\futures\thread.py:59: in run
    result = self.fn(*self.args, **self.kwargs)
             ^^^^^^^^^^^^^^^^^^^^^^^^^^^^^^^^^^
..\okto-r4-native-installed-zk_r383i\Lib\site-packages\okto_nexus\adapters\outbound\execution\core_inventory.py:83: in discover_local_candidates
    return _core().discover_installations(
           ^^^^^^^
_ _ _ _ _ _ _ _ _ _ _ _ _ _ _ _ _ _ _ _ _ _ _ _ _ _ _ _ _ _ _ _ _ _ _ _ _ _ _ _

    def _core():
        import nexus_connector_core as core
    
        if core.__version__ != CORE_INVENTORY_VERSION:
>           raise RuntimeError(
                f"Core {CORE_INVENTORY_VERSION} is required for R4 inventory; "
                f"installed {core.__version__}"
            )
E           RuntimeError: Core 0.2.40.dev0 is required for R4 inventory; installed 0.2.41.dev0

..\okto-r4-native-installed-zk_r383i\Lib\site-packages\okto_nexus\adapters\outbound\execution\core_inventory.py:27: RuntimeError
_ ERROR at setup of test_terminal_turn_cannot_leave_or_reopen_a_pending_request[False] _

fixturedef = <FixtureDef argname='onboarding' scope='function' baseid='test_native_request_ingress.py'>
request = <SubRequest 'onboarding' for <Function test_terminal_turn_cannot_leave_or_reopen_a_pending_request[False]>>

    @pytest.hookimpl(wrapper=True)
    def pytest_fixture_setup(fixturedef: FixtureDef, request) -> object | None:
        if (
            fixturedef.argname == "event_loop_policy"
            and fixturedef.func.__module__ != __name__
        ):
            warnings.warn(
                PytestDeprecationWarning(_EVENT_LOOP_POLICY_FIXTURE_DEPRECATION_WARNING),
            )
        asyncio_mode = _get_asyncio_mode(request.config)
        if not _is_asyncio_fixture_function(fixturedef.func):
            if asyncio_mode == Mode.STRICT:
                # Ignore async fixtures without explicit asyncio mark in strict mode
                # This applies to pytest_trio fixtures, for example
                return (yield)
            if not _is_coroutine_or_asyncgen(fixturedef.func):
>               return (yield)
                        ^^^^^

..\okto-r4-native-installed-zk_r383i\Lib\site-packages\pytest_asyncio\plugin.py:926: 
_ _ _ _ _ _ _ _ _ _ _ _ _ _ _ _ _ _ _ _ _ _ _ _ _ _ _ _ _ _ _ _ _ _ _ _ _ _ _ _
D:\Projetos\Techridy\okto_labs_okto_nexus\tests\execution_r4\test_binding_operator.py:32: in onboarding
    with TestClient(app, raise_server_exceptions=False) as client:
         ^^^^^^^^^^^^^^^^^^^^^^^^^^^^^^^^^^^^^^^^^^^^^^
..\okto-r4-native-installed-zk_r383i\Lib\site-packages\starlette\testclient.py:517: in __enter__
    portal.call(self.wait_startup)
..\okto-r4-native-installed-zk_r383i\Lib\site-packages\anyio\from_thread.py:340: in call
    return cast(T_Retval, self.start_task_soon(func, *args).result())
                          ^^^^^^^^^^^^^^^^^^^^^^^^^^^^^^^^^^^^^^^^^^
C:\Python313\Lib\concurrent\futures\_base.py:456: in result
    return self.__get_result()
           ^^^^^^^^^^^^^^^^^^^
C:\Python313\Lib\concurrent\futures\_base.py:401: in __get_result
    raise self._exception
..\okto-r4-native-installed-zk_r383i\Lib\site-packages\anyio\from_thread.py:265: in _call_func
    retval = await retval_or_awaitable
             ^^^^^^^^^^^^^^^^^^^^^^^^^
..\okto-r4-native-installed-zk_r383i\Lib\site-packages\starlette\testclient.py:552: in wait_startup
    await receive()
..\okto-r4-native-installed-zk_r383i\Lib\site-packages\starlette\testclient.py:543: in receive
    self.task.result()
C:\Python313\Lib\concurrent\futures\_base.py:449: in result
    return self.__get_result()
           ^^^^^^^^^^^^^^^^^^^
C:\Python313\Lib\concurrent\futures\_base.py:401: in __get_result
    raise self._exception
..\okto-r4-native-installed-zk_r383i\Lib\site-packages\anyio\from_thread.py:265: in _call_func
    retval = await retval_or_awaitable
             ^^^^^^^^^^^^^^^^^^^^^^^^^
..\okto-r4-native-installed-zk_r383i\Lib\site-packages\starlette\testclient.py:533: in lifespan
    await self.app(scope, self.stream_receive.receive, self.stream_send.send)
..\okto-r4-native-installed-zk_r383i\Lib\site-packages\fastapi\applications.py:1202: in __call__
    await lifespan(
..\okto-r4-native-installed-zk_r383i\Lib\site-packages\fastapi\telemetry\_runtime.py:239: in lifespan
    await app(scope, wrapped_receive, wrapped_send)
..\okto-r4-native-installed-zk_r383i\Lib\site-packages\starlette\applications.py:96: in __call__
    await self.middleware_stack(scope, receive, send)
..\okto-r4-native-installed-zk_r383i\Lib\site-packages\starlette\middleware\errors.py:151: in __call__
    await self.app(scope, receive, send)
..\okto-r4-native-installed-zk_r383i\Lib\site-packages\fastapi\telemetry\_asgi.py:151: in __call__
    await self.app(scope, receive, send)
..\okto-r4-native-installed-zk_r383i\Lib\site-packages\starlette\middleware\base.py:103: in __call__
    await self.app(scope, receive, send)
..\okto-r4-native-installed-zk_r383i\Lib\site-packages\starlette\middleware\base.py:103: in __call__
    await self.app(scope, receive, send)
..\okto-r4-native-installed-zk_r383i\Lib\site-packages\starlette\middleware\base.py:103: in __call__
    await self.app(scope, receive, send)
..\okto-r4-native-installed-zk_r383i\Lib\site-packages\starlette\middleware\exceptions.py:49: in __call__
    await self.app(scope, receive, send)
..\okto-r4-native-installed-zk_r383i\Lib\site-packages\fastapi\middleware\asyncexitstack.py:18: in __call__
    await self.app(scope, receive, send)
..\okto-r4-native-installed-zk_r383i\Lib\site-packages\starlette\routing.py:676: in __call__
    await self.middleware_stack(scope, receive, send)
..\okto-r4-native-installed-zk_r383i\Lib\site-packages\fastapi\routing.py:2773: in app
    await self.lifespan(scope, receive, send)
..\okto-r4-native-installed-zk_r383i\Lib\site-packages\starlette\routing.py:654: in lifespan
    async with self.lifespan_context(app) as maybe_state:
               ^^^^^^^^^^^^^^^^^^^^^^^^^^
C:\Python313\Lib\contextlib.py:214: in __aenter__
    return await anext(self.gen)
           ^^^^^^^^^^^^^^^^^^^^^
..\okto-r4-native-installed-zk_r383i\Lib\site-packages\fastapi\routing.py:247: in merged_lifespan
    async with original_context(app) as maybe_original_state:
               ^^^^^^^^^^^^^^^^^^^^^
C:\Python313\Lib\contextlib.py:214: in __aenter__
    return await anext(self.gen)
           ^^^^^^^^^^^^^^^^^^^^^
..\okto-r4-native-installed-zk_r383i\Lib\site-packages\fastapi\routing.py:247: in merged_lifespan
    async with original_context(app) as maybe_original_state:
               ^^^^^^^^^^^^^^^^^^^^^
C:\Python313\Lib\contextlib.py:214: in __aenter__
    return await anext(self.gen)
           ^^^^^^^^^^^^^^^^^^^^^
..\okto-r4-native-installed-zk_r383i\Lib\site-packages\fastapi\routing.py:247: in merged_lifespan
    async with original_context(app) as maybe_original_state:
               ^^^^^^^^^^^^^^^^^^^^^
C:\Python313\Lib\contextlib.py:214: in __aenter__
    return await anext(self.gen)
           ^^^^^^^^^^^^^^^^^^^^^
..\okto-r4-native-installed-zk_r383i\Lib\site-packages\fastapi\routing.py:247: in merged_lifespan
    async with original_context(app) as maybe_original_state:
               ^^^^^^^^^^^^^^^^^^^^^
C:\Python313\Lib\contextlib.py:214: in __aenter__
    return await anext(self.gen)
           ^^^^^^^^^^^^^^^^^^^^^
..\okto-r4-native-installed-zk_r383i\Lib\site-packages\fastapi\routing.py:247: in merged_lifespan
    async with original_context(app) as maybe_original_state:
               ^^^^^^^^^^^^^^^^^^^^^
C:\Python313\Lib\contextlib.py:214: in __aenter__
    return await anext(self.gen)
           ^^^^^^^^^^^^^^^^^^^^^
..\okto-r4-native-installed-zk_r383i\Lib\site-packages\fastapi\routing.py:247: in merged_lifespan
    async with original_context(app) as maybe_original_state:
               ^^^^^^^^^^^^^^^^^^^^^
C:\Python313\Lib\contextlib.py:214: in __aenter__
    return await anext(self.gen)
           ^^^^^^^^^^^^^^^^^^^^^
..\okto-r4-native-installed-zk_r383i\Lib\site-packages\fastapi\routing.py:247: in merged_lifespan
    async with original_context(app) as maybe_original_state:
               ^^^^^^^^^^^^^^^^^^^^^
C:\Python313\Lib\contextlib.py:214: in __aenter__
    return await anext(self.gen)
           ^^^^^^^^^^^^^^^^^^^^^
..\okto-r4-native-installed-zk_r383i\Lib\site-packages\okto_nexus\adapters\inbound\http\app.py:603: in lifespan
    await embedded_inventory.start()
..\okto-r4-native-installed-zk_r383i\Lib\site-packages\okto_nexus\bootstrap\embedded_inventory.py:57: in start
    return await asyncio.shield(self._startup_task)
           ^^^^^^^^^^^^^^^^^^^^^^^^^^^^^^^^^^^^^^^^
..\okto-r4-native-installed-zk_r383i\Lib\site-packages\okto_nexus\bootstrap\embedded_inventory.py:61: in _start
    await self.refresh()
..\okto-r4-native-installed-zk_r383i\Lib\site-packages\okto_nexus\bootstrap\embedded_inventory.py:71: in refresh
    return await asyncio.shield(self._refresh_task)
           ^^^^^^^^^^^^^^^^^^^^^^^^^^^^^^^^^^^^^^^^
..\okto-r4-native-installed-zk_r383i\Lib\site-packages\okto_nexus\bootstrap\embedded_inventory.py:75: in _refresh_owned
    return await self._refresh()
           ^^^^^^^^^^^^^^^^^^^^^
..\okto-r4-native-installed-zk_r383i\Lib\site-packages\okto_nexus\bootstrap\embedded_inventory.py:84: in _refresh
    discovery = await asyncio.to_thread(discover_local_candidates,
C:\Python313\Lib\asyncio\threads.py:25: in to_thread
    return await loop.run_in_executor(None, func_call)
           ^^^^^^^^^^^^^^^^^^^^^^^^^^^^^^^^^^^^^^^^^^^
C:\Python313\Lib\concurrent\futures\thread.py:59: in run
    result = self.fn(*self.args, **self.kwargs)
             ^^^^^^^^^^^^^^^^^^^^^^^^^^^^^^^^^^
..\okto-r4-native-installed-zk_r383i\Lib\site-packages\okto_nexus\adapters\outbound\execution\core_inventory.py:83: in discover_local_candidates
    return _core().discover_installations(
           ^^^^^^^
_ _ _ _ _ _ _ _ _ _ _ _ _ _ _ _ _ _ _ _ _ _ _ _ _ _ _ _ _ _ _ _ _ _ _ _ _ _ _ _

    def _core():
        import nexus_connector_core as core
    
        if core.__version__ != CORE_INVENTORY_VERSION:
>           raise RuntimeError(
                f"Core {CORE_INVENTORY_VERSION} is required for R4 inventory; "
                f"installed {core.__version__}"
            )
E           RuntimeError: Core 0.2.40.dev0 is required for R4 inventory; installed 0.2.41.dev0

..\okto-r4-native-installed-zk_r383i\Lib\site-packages\okto_nexus\adapters\outbound\execution\core_inventory.py:27: RuntimeError
_ ERROR at setup of test_terminal_turn_cannot_leave_or_reopen_a_pending_request[True] _

fixturedef = <FixtureDef argname='onboarding' scope='function' baseid='test_native_request_ingress.py'>
request = <SubRequest 'onboarding' for <Function test_terminal_turn_cannot_leave_or_reopen_a_pending_request[True]>>

    @pytest.hookimpl(wrapper=True)
    def pytest_fixture_setup(fixturedef: FixtureDef, request) -> object | None:
        if (
            fixturedef.argname == "event_loop_policy"
            and fixturedef.func.__module__ != __name__
        ):
            warnings.warn(
                PytestDeprecationWarning(_EVENT_LOOP_POLICY_FIXTURE_DEPRECATION_WARNING),
            )
        asyncio_mode = _get_asyncio_mode(request.config)
        if not _is_asyncio_fixture_function(fixturedef.func):
            if asyncio_mode == Mode.STRICT:
                # Ignore async fixtures without explicit asyncio mark in strict mode
                # This applies to pytest_trio fixtures, for example
                return (yield)
            if not _is_coroutine_or_asyncgen(fixturedef.func):
>               return (yield)
                        ^^^^^

..\okto-r4-native-installed-zk_r383i\Lib\site-packages\pytest_asyncio\plugin.py:926: 
_ _ _ _ _ _ _ _ _ _ _ _ _ _ _ _ _ _ _ _ _ _ _ _ _ _ _ _ _ _ _ _ _ _ _ _ _ _ _ _
D:\Projetos\Techridy\okto_labs_okto_nexus\tests\execution_r4\test_binding_operator.py:32: in onboarding
    with TestClient(app, raise_server_exceptions=False) as client:
         ^^^^^^^^^^^^^^^^^^^^^^^^^^^^^^^^^^^^^^^^^^^^^^
..\okto-r4-native-installed-zk_r383i\Lib\site-packages\starlette\testclient.py:517: in __enter__
    portal.call(self.wait_startup)
..\okto-r4-native-installed-zk_r383i\Lib\site-packages\anyio\from_thread.py:340: in call
    return cast(T_Retval, self.start_task_soon(func, *args).result())
                          ^^^^^^^^^^^^^^^^^^^^^^^^^^^^^^^^^^^^^^^^^^
C:\Python313\Lib\concurrent\futures\_base.py:456: in result
    return self.__get_result()
           ^^^^^^^^^^^^^^^^^^^
C:\Python313\Lib\concurrent\futures\_base.py:401: in __get_result
    raise self._exception
..\okto-r4-native-installed-zk_r383i\Lib\site-packages\anyio\from_thread.py:265: in _call_func
    retval = await retval_or_awaitable
             ^^^^^^^^^^^^^^^^^^^^^^^^^
..\okto-r4-native-installed-zk_r383i\Lib\site-packages\starlette\testclient.py:552: in wait_startup
    await receive()
..\okto-r4-native-installed-zk_r383i\Lib\site-packages\starlette\testclient.py:543: in receive
    self.task.result()
C:\Python313\Lib\concurrent\futures\_base.py:449: in result
    return self.__get_result()
           ^^^^^^^^^^^^^^^^^^^
C:\Python313\Lib\concurrent\futures\_base.py:401: in __get_result
    raise self._exception
..\okto-r4-native-installed-zk_r383i\Lib\site-packages\anyio\from_thread.py:265: in _call_func
    retval = await retval_or_awaitable
             ^^^^^^^^^^^^^^^^^^^^^^^^^
..\okto-r4-native-installed-zk_r383i\Lib\site-packages\starlette\testclient.py:533: in lifespan
    await self.app(scope, self.stream_receive.receive, self.stream_send.send)
..\okto-r4-native-installed-zk_r383i\Lib\site-packages\fastapi\applications.py:1202: in __call__
    await lifespan(
..\okto-r4-native-installed-zk_r383i\Lib\site-packages\fastapi\telemetry\_runtime.py:239: in lifespan
    await app(scope, wrapped_receive, wrapped_send)
..\okto-r4-native-installed-zk_r383i\Lib\site-packages\starlette\applications.py:96: in __call__
    await self.middleware_stack(scope, receive, send)
..\okto-r4-native-installed-zk_r383i\Lib\site-packages\starlette\middleware\errors.py:151: in __call__
    await self.app(scope, receive, send)
..\okto-r4-native-installed-zk_r383i\Lib\site-packages\fastapi\telemetry\_asgi.py:151: in __call__
    await self.app(scope, receive, send)
..\okto-r4-native-installed-zk_r383i\Lib\site-packages\starlette\middleware\base.py:103: in __call__
    await self.app(scope, receive, send)
..\okto-r4-native-installed-zk_r383i\Lib\site-packages\starlette\middleware\base.py:103: in __call__
    await self.app(scope, receive, send)
..\okto-r4-native-installed-zk_r383i\Lib\site-packages\starlette\middleware\base.py:103: in __call__
    await self.app(scope, receive, send)
..\okto-r4-native-installed-zk_r383i\Lib\site-packages\starlette\middleware\exceptions.py:49: in __call__
    await self.app(scope, receive, send)
..\okto-r4-native-installed-zk_r383i\Lib\site-packages\fastapi\middleware\asyncexitstack.py:18: in __call__
    await self.app(scope, receive, send)
..\okto-r4-native-installed-zk_r383i\Lib\site-packages\starlette\routing.py:676: in __call__
    await self.middleware_stack(scope, receive, send)
..\okto-r4-native-installed-zk_r383i\Lib\site-packages\fastapi\routing.py:2773: in app
    await self.lifespan(scope, receive, send)
..\okto-r4-native-installed-zk_r383i\Lib\site-packages\starlette\routing.py:654: in lifespan
    async with self.lifespan_context(app) as maybe_state:
               ^^^^^^^^^^^^^^^^^^^^^^^^^^
C:\Python313\Lib\contextlib.py:214: in __aenter__
    return await anext(self.gen)
           ^^^^^^^^^^^^^^^^^^^^^
..\okto-r4-native-installed-zk_r383i\Lib\site-packages\fastapi\routing.py:247: in merged_lifespan
    async with original_context(app) as maybe_original_state:
               ^^^^^^^^^^^^^^^^^^^^^
C:\Python313\Lib\contextlib.py:214: in __aenter__
    return await anext(self.gen)
           ^^^^^^^^^^^^^^^^^^^^^
..\okto-r4-native-installed-zk_r383i\Lib\site-packages\fastapi\routing.py:247: in merged_lifespan
    async with original_context(app) as maybe_original_state:
               ^^^^^^^^^^^^^^^^^^^^^
C:\Python313\Lib\contextlib.py:214: in __aenter__
    return await anext(self.gen)
           ^^^^^^^^^^^^^^^^^^^^^
..\okto-r4-native-installed-zk_r383i\Lib\site-packages\fastapi\routing.py:247: in merged_lifespan
    async with original_context(app) as maybe_original_state:
               ^^^^^^^^^^^^^^^^^^^^^
C:\Python313\Lib\contextlib.py:214: in __aenter__
    return await anext(self.gen)
           ^^^^^^^^^^^^^^^^^^^^^
..\okto-r4-native-installed-zk_r383i\Lib\site-packages\fastapi\routing.py:247: in merged_lifespan
    async with original_context(app) as maybe_original_state:
               ^^^^^^^^^^^^^^^^^^^^^
C:\Python313\Lib\contextlib.py:214: in __aenter__
    return await anext(self.gen)
           ^^^^^^^^^^^^^^^^^^^^^
..\okto-r4-native-installed-zk_r383i\Lib\site-packages\fastapi\routing.py:247: in merged_lifespan
    async with original_context(app) as maybe_original_state:
               ^^^^^^^^^^^^^^^^^^^^^
C:\Python313\Lib\contextlib.py:214: in __aenter__
    return await anext(self.gen)
           ^^^^^^^^^^^^^^^^^^^^^
..\okto-r4-native-installed-zk_r383i\Lib\site-packages\fastapi\routing.py:247: in merged_lifespan
    async with original_context(app) as maybe_original_state:
               ^^^^^^^^^^^^^^^^^^^^^
C:\Python313\Lib\contextlib.py:214: in __aenter__
    return await anext(self.gen)
           ^^^^^^^^^^^^^^^^^^^^^
..\okto-r4-native-installed-zk_r383i\Lib\site-packages\fastapi\routing.py:247: in merged_lifespan
    async with original_context(app) as maybe_original_state:
               ^^^^^^^^^^^^^^^^^^^^^
C:\Python313\Lib\contextlib.py:214: in __aenter__
    return await anext(self.gen)
           ^^^^^^^^^^^^^^^^^^^^^
..\okto-r4-native-installed-zk_r383i\Lib\site-packages\okto_nexus\adapters\inbound\http\app.py:603: in lifespan
    await embedded_inventory.start()
..\okto-r4-native-installed-zk_r383i\Lib\site-packages\okto_nexus\bootstrap\embedded_inventory.py:57: in start
    return await asyncio.shield(self._startup_task)
           ^^^^^^^^^^^^^^^^^^^^^^^^^^^^^^^^^^^^^^^^
..\okto-r4-native-installed-zk_r383i\Lib\site-packages\okto_nexus\bootstrap\embedded_inventory.py:61: in _start
    await self.refresh()
..\okto-r4-native-installed-zk_r383i\Lib\site-packages\okto_nexus\bootstrap\embedded_inventory.py:71: in refresh
    return await asyncio.shield(self._refresh_task)
           ^^^^^^^^^^^^^^^^^^^^^^^^^^^^^^^^^^^^^^^^
..\okto-r4-native-installed-zk_r383i\Lib\site-packages\okto_nexus\bootstrap\embedded_inventory.py:75: in _refresh_owned
    return await self._refresh()
           ^^^^^^^^^^^^^^^^^^^^^
..\okto-r4-native-installed-zk_r383i\Lib\site-packages\okto_nexus\bootstrap\embedded_inventory.py:84: in _refresh
    discovery = await asyncio.to_thread(discover_local_candidates,
C:\Python313\Lib\asyncio\threads.py:25: in to_thread
    return await loop.run_in_executor(None, func_call)
           ^^^^^^^^^^^^^^^^^^^^^^^^^^^^^^^^^^^^^^^^^^^
C:\Python313\Lib\concurrent\futures\thread.py:59: in run
    result = self.fn(*self.args, **self.kwargs)
             ^^^^^^^^^^^^^^^^^^^^^^^^^^^^^^^^^^
..\okto-r4-native-installed-zk_r383i\Lib\site-packages\okto_nexus\adapters\outbound\execution\core_inventory.py:83: in discover_local_candidates
    return _core().discover_installations(
           ^^^^^^^
_ _ _ _ _ _ _ _ _ _ _ _ _ _ _ _ _ _ _ _ _ _ _ _ _ _ _ _ _ _ _ _ _ _ _ _ _ _ _ _

    def _core():
        import nexus_connector_core as core
    
        if core.__version__ != CORE_INVENTORY_VERSION:
>           raise RuntimeError(
                f"Core {CORE_INVENTORY_VERSION} is required for R4 inventory; "
                f"installed {core.__version__}"
            )
E           RuntimeError: Core 0.2.40.dev0 is required for R4 inventory; installed 0.2.41.dev0

..\okto-r4-native-installed-zk_r383i\Lib\site-packages\okto_nexus\adapters\outbound\execution\core_inventory.py:27: RuntimeError
_ ERROR at setup of test_storage_failure_cannot_acknowledge_a_missing_request _

fixturedef = <FixtureDef argname='onboarding' scope='function' baseid='test_native_request_ingress.py'>
request = <SubRequest 'onboarding' for <Function test_storage_failure_cannot_acknowledge_a_missing_request>>

    @pytest.hookimpl(wrapper=True)
    def pytest_fixture_setup(fixturedef: FixtureDef, request) -> object | None:
        if (
            fixturedef.argname == "event_loop_policy"
            and fixturedef.func.__module__ != __name__
        ):
            warnings.warn(
                PytestDeprecationWarning(_EVENT_LOOP_POLICY_FIXTURE_DEPRECATION_WARNING),
            )
        asyncio_mode = _get_asyncio_mode(request.config)
        if not _is_asyncio_fixture_function(fixturedef.func):
            if asyncio_mode == Mode.STRICT:
                # Ignore async fixtures without explicit asyncio mark in strict mode
                # This applies to pytest_trio fixtures, for example
                return (yield)
            if not _is_coroutine_or_asyncgen(fixturedef.func):
>               return (yield)
                        ^^^^^

..\okto-r4-native-installed-zk_r383i\Lib\site-packages\pytest_asyncio\plugin.py:926: 
_ _ _ _ _ _ _ _ _ _ _ _ _ _ _ _ _ _ _ _ _ _ _ _ _ _ _ _ _ _ _ _ _ _ _ _ _ _ _ _
D:\Projetos\Techridy\okto_labs_okto_nexus\tests\execution_r4\test_binding_operator.py:32: in onboarding
    with TestClient(app, raise_server_exceptions=False) as client:
         ^^^^^^^^^^^^^^^^^^^^^^^^^^^^^^^^^^^^^^^^^^^^^^
..\okto-r4-native-installed-zk_r383i\Lib\site-packages\starlette\testclient.py:517: in __enter__
    portal.call(self.wait_startup)
..\okto-r4-native-installed-zk_r383i\Lib\site-packages\anyio\from_thread.py:340: in call
    return cast(T_Retval, self.start_task_soon(func, *args).result())
                          ^^^^^^^^^^^^^^^^^^^^^^^^^^^^^^^^^^^^^^^^^^
C:\Python313\Lib\concurrent\futures\_base.py:456: in result
    return self.__get_result()
           ^^^^^^^^^^^^^^^^^^^
C:\Python313\Lib\concurrent\futures\_base.py:401: in __get_result
    raise self._exception
..\okto-r4-native-installed-zk_r383i\Lib\site-packages\anyio\from_thread.py:265: in _call_func
    retval = await retval_or_awaitable
             ^^^^^^^^^^^^^^^^^^^^^^^^^
..\okto-r4-native-installed-zk_r383i\Lib\site-packages\starlette\testclient.py:552: in wait_startup
    await receive()
..\okto-r4-native-installed-zk_r383i\Lib\site-packages\starlette\testclient.py:543: in receive
    self.task.result()
C:\Python313\Lib\concurrent\futures\_base.py:449: in result
    return self.__get_result()
           ^^^^^^^^^^^^^^^^^^^
C:\Python313\Lib\concurrent\futures\_base.py:401: in __get_result
    raise self._exception
..\okto-r4-native-installed-zk_r383i\Lib\site-packages\anyio\from_thread.py:265: in _call_func
    retval = await retval_or_awaitable
             ^^^^^^^^^^^^^^^^^^^^^^^^^
..\okto-r4-native-installed-zk_r383i\Lib\site-packages\starlette\testclient.py:533: in lifespan
    await self.app(scope, self.stream_receive.receive, self.stream_send.send)
..\okto-r4-native-installed-zk_r383i\Lib\site-packages\fastapi\applications.py:1202: in __call__
    await lifespan(
..\okto-r4-native-installed-zk_r383i\Lib\site-packages\fastapi\telemetry\_runtime.py:239: in lifespan
    await app(scope, wrapped_receive, wrapped_send)
..\okto-r4-native-installed-zk_r383i\Lib\site-packages\starlette\applications.py:96: in __call__
    await self.middleware_stack(scope, receive, send)
..\okto-r4-native-installed-zk_r383i\Lib\site-packages\starlette\middleware\errors.py:151: in __call__
    await self.app(scope, receive, send)
..\okto-r4-native-installed-zk_r383i\Lib\site-packages\fastapi\telemetry\_asgi.py:151: in __call__
    await self.app(scope, receive, send)
..\okto-r4-native-installed-zk_r383i\Lib\site-packages\starlette\middleware\base.py:103: in __call__
    await self.app(scope, receive, send)
..\okto-r4-native-installed-zk_r383i\Lib\site-packages\starlette\middleware\base.py:103: in __call__
    await self.app(scope, receive, send)
..\okto-r4-native-installed-zk_r383i\Lib\site-packages\starlette\middleware\base.py:103: in __call__
    await self.app(scope, receive, send)
..\okto-r4-native-installed-zk_r383i\Lib\site-packages\starlette\middleware\exceptions.py:49: in __call__
    await self.app(scope, receive, send)
..\okto-r4-native-installed-zk_r383i\Lib\site-packages\fastapi\middleware\asyncexitstack.py:18: in __call__
    await self.app(scope, receive, send)
..\okto-r4-native-installed-zk_r383i\Lib\site-packages\starlette\routing.py:676: in __call__
    await self.middleware_stack(scope, receive, send)
..\okto-r4-native-installed-zk_r383i\Lib\site-packages\fastapi\routing.py:2773: in app
    await self.lifespan(scope, receive, send)
..\okto-r4-native-installed-zk_r383i\Lib\site-packages\starlette\routing.py:654: in lifespan
    async with self.lifespan_context(app) as maybe_state:
               ^^^^^^^^^^^^^^^^^^^^^^^^^^
C:\Python313\Lib\contextlib.py:214: in __aenter__
    return await anext(self.gen)
           ^^^^^^^^^^^^^^^^^^^^^
..\okto-r4-native-installed-zk_r383i\Lib\site-packages\fastapi\routing.py:247: in merged_lifespan
    async with original_context(app) as maybe_original_state:
               ^^^^^^^^^^^^^^^^^^^^^
C:\Python313\Lib\contextlib.py:214: in __aenter__
    return await anext(self.gen)
           ^^^^^^^^^^^^^^^^^^^^^
..\okto-r4-native-installed-zk_r383i\Lib\site-packages\fastapi\routing.py:247: in merged_lifespan
    async with original_context(app) as maybe_original_state:
               ^^^^^^^^^^^^^^^^^^^^^
C:\Python313\Lib\contextlib.py:214: in __aenter__
    return await anext(self.gen)
           ^^^^^^^^^^^^^^^^^^^^^
..\okto-r4-native-installed-zk_r383i\Lib\site-packages\fastapi\routing.py:247: in merged_lifespan
    async with original_context(app) as maybe_original_state:
               ^^^^^^^^^^^^^^^^^^^^^
C:\Python313\Lib\contextlib.py:214: in __aenter__
    return await anext(self.gen)
           ^^^^^^^^^^^^^^^^^^^^^
..\okto-r4-native-installed-zk_r383i\Lib\site-packages\fastapi\routing.py:247: in merged_lifespan
    async with original_context(app) as maybe_original_state:
               ^^^^^^^^^^^^^^^^^^^^^
C:\Python313\Lib\contextlib.py:214: in __aenter__
    return await anext(self.gen)
           ^^^^^^^^^^^^^^^^^^^^^
..\okto-r4-native-installed-zk_r383i\Lib\site-packages\fastapi\routing.py:247: in merged_lifespan
    async with original_context(app) as maybe_original_state:
               ^^^^^^^^^^^^^^^^^^^^^
C:\Python313\Lib\contextlib.py:214: in __aenter__
    return await anext(self.gen)
           ^^^^^^^^^^^^^^^^^^^^^
..\okto-r4-native-installed-zk_r383i\Lib\site-packages\fastapi\routing.py:247: in merged_lifespan
    async with original_context(app) as maybe_original_state:
               ^^^^^^^^^^^^^^^^^^^^^
C:\Python313\Lib\contextlib.py:214: in __aenter__
    return await anext(self.gen)
           ^^^^^^^^^^^^^^^^^^^^^
..\okto-r4-native-installed-zk_r383i\Lib\site-packages\fastapi\routing.py:247: in merged_lifespan
    async with original_context(app) as maybe_original_state:
               ^^^^^^^^^^^^^^^^^^^^^
C:\Python313\Lib\contextlib.py:214: in __aenter__
    return await anext(self.gen)
           ^^^^^^^^^^^^^^^^^^^^^
..\okto-r4-native-installed-zk_r383i\Lib\site-packages\okto_nexus\adapters\inbound\http\app.py:603: in lifespan
    await embedded_inventory.start()
..\okto-r4-native-installed-zk_r383i\Lib\site-packages\okto_nexus\bootstrap\embedded_inventory.py:57: in start
    return await asyncio.shield(self._startup_task)
           ^^^^^^^^^^^^^^^^^^^^^^^^^^^^^^^^^^^^^^^^
..\okto-r4-native-installed-zk_r383i\Lib\site-packages\okto_nexus\bootstrap\embedded_inventory.py:61: in _start
    await self.refresh()
..\okto-r4-native-installed-zk_r383i\Lib\site-packages\okto_nexus\bootstrap\embedded_inventory.py:71: in refresh
    return await asyncio.shield(self._refresh_task)
           ^^^^^^^^^^^^^^^^^^^^^^^^^^^^^^^^^^^^^^^^
..\okto-r4-native-installed-zk_r383i\Lib\site-packages\okto_nexus\bootstrap\embedded_inventory.py:75: in _refresh_owned
    return await self._refresh()
           ^^^^^^^^^^^^^^^^^^^^^
..\okto-r4-native-installed-zk_r383i\Lib\site-packages\okto_nexus\bootstrap\embedded_inventory.py:84: in _refresh
    discovery = await asyncio.to_thread(discover_local_candidates,
C:\Python313\Lib\asyncio\threads.py:25: in to_thread
    return await loop.run_in_executor(None, func_call)
           ^^^^^^^^^^^^^^^^^^^^^^^^^^^^^^^^^^^^^^^^^^^
C:\Python313\Lib\concurrent\futures\thread.py:59: in run
    result = self.fn(*self.args, **self.kwargs)
             ^^^^^^^^^^^^^^^^^^^^^^^^^^^^^^^^^^
..\okto-r4-native-installed-zk_r383i\Lib\site-packages\okto_nexus\adapters\outbound\execution\core_inventory.py:83: in discover_local_candidates
    return _core().discover_installations(
           ^^^^^^^
_ _ _ _ _ _ _ _ _ _ _ _ _ _ _ _ _ _ _ _ _ _ _ _ _ _ _ _ _ _ _ _ _ _ _ _ _ _ _ _

    def _core():
        import nexus_connector_core as core
    
        if core.__version__ != CORE_INVENTORY_VERSION:
>           raise RuntimeError(
                f"Core {CORE_INVENTORY_VERSION} is required for R4 inventory; "
                f"installed {core.__version__}"
            )
E           RuntimeError: Core 0.2.40.dev0 is required for R4 inventory; installed 0.2.41.dev0

..\okto-r4-native-installed-zk_r383i\Lib\site-packages\okto_nexus\adapters\outbound\execution\core_inventory.py:27: RuntimeError
_ ERROR at setup of test_core_classifies_native_approval_and_input[item/tool/requestUserInput-params0-None-input_request-native_input] _

fixturedef = <FixtureDef argname='onboarding' scope='function' baseid='test_native_request_ingress.py'>
request = <SubRequest 'onboarding' for <Function test_core_classifies_native_approval_and_input[item/tool/requestUserInput-params0-None-input_request-native_input]>>

    @pytest.hookimpl(wrapper=True)
    def pytest_fixture_setup(fixturedef: FixtureDef, request) -> object | None:
        if (
            fixturedef.argname == "event_loop_policy"
            and fixturedef.func.__module__ != __name__
        ):
            warnings.warn(
                PytestDeprecationWarning(_EVENT_LOOP_POLICY_FIXTURE_DEPRECATION_WARNING),
            )
        asyncio_mode = _get_asyncio_mode(request.config)
        if not _is_asyncio_fixture_function(fixturedef.func):
            if asyncio_mode == Mode.STRICT:
                # Ignore async fixtures without explicit asyncio mark in strict mode
                # This applies to pytest_trio fixtures, for example
                return (yield)
            if not _is_coroutine_or_asyncgen(fixturedef.func):
>               return (yield)
                        ^^^^^

..\okto-r4-native-installed-zk_r383i\Lib\site-packages\pytest_asyncio\plugin.py:926: 
_ _ _ _ _ _ _ _ _ _ _ _ _ _ _ _ _ _ _ _ _ _ _ _ _ _ _ _ _ _ _ _ _ _ _ _ _ _ _ _
D:\Projetos\Techridy\okto_labs_okto_nexus\tests\execution_r4\test_binding_operator.py:32: in onboarding
    with TestClient(app, raise_server_exceptions=False) as client:
         ^^^^^^^^^^^^^^^^^^^^^^^^^^^^^^^^^^^^^^^^^^^^^^
..\okto-r4-native-installed-zk_r383i\Lib\site-packages\starlette\testclient.py:517: in __enter__
    portal.call(self.wait_startup)
..\okto-r4-native-installed-zk_r383i\Lib\site-packages\anyio\from_thread.py:340: in call
    return cast(T_Retval, self.start_task_soon(func, *args).result())
                          ^^^^^^^^^^^^^^^^^^^^^^^^^^^^^^^^^^^^^^^^^^
C:\Python313\Lib\concurrent\futures\_base.py:456: in result
    return self.__get_result()
           ^^^^^^^^^^^^^^^^^^^
C:\Python313\Lib\concurrent\futures\_base.py:401: in __get_result
    raise self._exception
..\okto-r4-native-installed-zk_r383i\Lib\site-packages\anyio\from_thread.py:265: in _call_func
    retval = await retval_or_awaitable
             ^^^^^^^^^^^^^^^^^^^^^^^^^
..\okto-r4-native-installed-zk_r383i\Lib\site-packages\starlette\testclient.py:552: in wait_startup
    await receive()
..\okto-r4-native-installed-zk_r383i\Lib\site-packages\starlette\testclient.py:543: in receive
    self.task.result()
C:\Python313\Lib\concurrent\futures\_base.py:449: in result
    return self.__get_result()
           ^^^^^^^^^^^^^^^^^^^
C:\Python313\Lib\concurrent\futures\_base.py:401: in __get_result
    raise self._exception
..\okto-r4-native-installed-zk_r383i\Lib\site-packages\anyio\from_thread.py:265: in _call_func
    retval = await retval_or_awaitable
             ^^^^^^^^^^^^^^^^^^^^^^^^^
..\okto-r4-native-installed-zk_r383i\Lib\site-packages\starlette\testclient.py:533: in lifespan
    await self.app(scope, self.stream_receive.receive, self.stream_send.send)
..\okto-r4-native-installed-zk_r383i\Lib\site-packages\fastapi\applications.py:1202: in __call__
    await lifespan(
..\okto-r4-native-installed-zk_r383i\Lib\site-packages\fastapi\telemetry\_runtime.py:239: in lifespan
    await app(scope, wrapped_receive, wrapped_send)
..\okto-r4-native-installed-zk_r383i\Lib\site-packages\starlette\applications.py:96: in __call__
    await self.middleware_stack(scope, receive, send)
..\okto-r4-native-installed-zk_r383i\Lib\site-packages\starlette\middleware\errors.py:151: in __call__
    await self.app(scope, receive, send)
..\okto-r4-native-installed-zk_r383i\Lib\site-packages\fastapi\telemetry\_asgi.py:151: in __call__
    await self.app(scope, receive, send)
..\okto-r4-native-installed-zk_r383i\Lib\site-packages\starlette\middleware\base.py:103: in __call__
    await self.app(scope, receive, send)
..\okto-r4-native-installed-zk_r383i\Lib\site-packages\starlette\middleware\base.py:103: in __call__
    await self.app(scope, receive, send)
..\okto-r4-native-installed-zk_r383i\Lib\site-packages\starlette\middleware\base.py:103: in __call__
    await self.app(scope, receive, send)
..\okto-r4-native-installed-zk_r383i\Lib\site-packages\starlette\middleware\exceptions.py:49: in __call__
    await self.app(scope, receive, send)
..\okto-r4-native-installed-zk_r383i\Lib\site-packages\fastapi\middleware\asyncexitstack.py:18: in __call__
    await self.app(scope, receive, send)
..\okto-r4-native-installed-zk_r383i\Lib\site-packages\starlette\routing.py:676: in __call__
    await self.middleware_stack(scope, receive, send)
..\okto-r4-native-installed-zk_r383i\Lib\site-packages\fastapi\routing.py:2773: in app
    await self.lifespan(scope, receive, send)
..\okto-r4-native-installed-zk_r383i\Lib\site-packages\starlette\routing.py:654: in lifespan
    async with self.lifespan_context(app) as maybe_state:
               ^^^^^^^^^^^^^^^^^^^^^^^^^^
C:\Python313\Lib\contextlib.py:214: in __aenter__
    return await anext(self.gen)
           ^^^^^^^^^^^^^^^^^^^^^
..\okto-r4-native-installed-zk_r383i\Lib\site-packages\fastapi\routing.py:247: in merged_lifespan
    async with original_context(app) as maybe_original_state:
               ^^^^^^^^^^^^^^^^^^^^^
C:\Python313\Lib\contextlib.py:214: in __aenter__
    return await anext(self.gen)
           ^^^^^^^^^^^^^^^^^^^^^
..\okto-r4-native-installed-zk_r383i\Lib\site-packages\fastapi\routing.py:247: in merged_lifespan
    async with original_context(app) as maybe_original_state:
               ^^^^^^^^^^^^^^^^^^^^^
C:\Python313\Lib\contextlib.py:214: in __aenter__
    return await anext(self.gen)
           ^^^^^^^^^^^^^^^^^^^^^
..\okto-r4-native-installed-zk_r383i\Lib\site-packages\fastapi\routing.py:247: in merged_lifespan
    async with original_context(app) as maybe_original_state:
               ^^^^^^^^^^^^^^^^^^^^^
C:\Python313\Lib\contextlib.py:214: in __aenter__
    return await anext(self.gen)
           ^^^^^^^^^^^^^^^^^^^^^
..\okto-r4-native-installed-zk_r383i\Lib\site-packages\fastapi\routing.py:247: in merged_lifespan
    async with original_context(app) as maybe_original_state:
               ^^^^^^^^^^^^^^^^^^^^^
C:\Python313\Lib\contextlib.py:214: in __aenter__
    return await anext(self.gen)
           ^^^^^^^^^^^^^^^^^^^^^
..\okto-r4-native-installed-zk_r383i\Lib\site-packages\fastapi\routing.py:247: in merged_lifespan
    async with original_context(app) as maybe_original_state:
               ^^^^^^^^^^^^^^^^^^^^^
C:\Python313\Lib\contextlib.py:214: in __aenter__
    return await anext(self.gen)
           ^^^^^^^^^^^^^^^^^^^^^
..\okto-r4-native-installed-zk_r383i\Lib\site-packages\fastapi\routing.py:247: in merged_lifespan
    async with original_context(app) as maybe_original_state:
               ^^^^^^^^^^^^^^^^^^^^^
C:\Python313\Lib\contextlib.py:214: in __aenter__
    return await anext(self.gen)
           ^^^^^^^^^^^^^^^^^^^^^
..\okto-r4-native-installed-zk_r383i\Lib\site-packages\fastapi\routing.py:247: in merged_lifespan
    async with original_context(app) as maybe_original_state:
               ^^^^^^^^^^^^^^^^^^^^^
C:\Python313\Lib\contextlib.py:214: in __aenter__
    return await anext(self.gen)
           ^^^^^^^^^^^^^^^^^^^^^
..\okto-r4-native-installed-zk_r383i\Lib\site-packages\okto_nexus\adapters\inbound\http\app.py:603: in lifespan
    await embedded_inventory.start()
..\okto-r4-native-installed-zk_r383i\Lib\site-packages\okto_nexus\bootstrap\embedded_inventory.py:57: in start
    return await asyncio.shield(self._startup_task)
           ^^^^^^^^^^^^^^^^^^^^^^^^^^^^^^^^^^^^^^^^
..\okto-r4-native-installed-zk_r383i\Lib\site-packages\okto_nexus\bootstrap\embedded_inventory.py:61: in _start
    await self.refresh()
..\okto-r4-native-installed-zk_r383i\Lib\site-packages\okto_nexus\bootstrap\embedded_inventory.py:71: in refresh
    return await asyncio.shield(self._refresh_task)
           ^^^^^^^^^^^^^^^^^^^^^^^^^^^^^^^^^^^^^^^^
..\okto-r4-native-installed-zk_r383i\Lib\site-packages\okto_nexus\bootstrap\embedded_inventory.py:75: in _refresh_owned
    return await self._refresh()
           ^^^^^^^^^^^^^^^^^^^^^
..\okto-r4-native-installed-zk_r383i\Lib\site-packages\okto_nexus\bootstrap\embedded_inventory.py:84: in _refresh
    discovery = await asyncio.to_thread(discover_local_candidates,
C:\Python313\Lib\asyncio\threads.py:25: in to_thread
    return await loop.run_in_executor(None, func_call)
           ^^^^^^^^^^^^^^^^^^^^^^^^^^^^^^^^^^^^^^^^^^^
C:\Python313\Lib\concurrent\futures\thread.py:59: in run
    result = self.fn(*self.args, **self.kwargs)
             ^^^^^^^^^^^^^^^^^^^^^^^^^^^^^^^^^^
..\okto-r4-native-installed-zk_r383i\Lib\site-packages\okto_nexus\adapters\outbound\execution\core_inventory.py:83: in discover_local_candidates
    return _core().discover_installations(
           ^^^^^^^
_ _ _ _ _ _ _ _ _ _ _ _ _ _ _ _ _ _ _ _ _ _ _ _ _ _ _ _ _ _ _ _ _ _ _ _ _ _ _ _

    def _core():
        import nexus_connector_core as core
    
        if core.__version__ != CORE_INVENTORY_VERSION:
>           raise RuntimeError(
                f"Core {CORE_INVENTORY_VERSION} is required for R4 inventory; "
                f"installed {core.__version__}"
            )
E           RuntimeError: Core 0.2.40.dev0 is required for R4 inventory; installed 0.2.41.dev0

..\okto-r4-native-installed-zk_r383i\Lib\site-packages\okto_nexus\adapters\outbound\execution\core_inventory.py:27: RuntimeError
_ ERROR at setup of test_core_classifies_native_approval_and_input[control_request:can_use_tool-params1-3-approval_request-native_approval] _

fixturedef = <FixtureDef argname='onboarding' scope='function' baseid='test_native_request_ingress.py'>
request = <SubRequest 'onboarding' for <Function test_core_classifies_native_approval_and_input[control_request:can_use_tool-params1-3-approval_request-native_approval]>>

    @pytest.hookimpl(wrapper=True)
    def pytest_fixture_setup(fixturedef: FixtureDef, request) -> object | None:
        if (
            fixturedef.argname == "event_loop_policy"
            and fixturedef.func.__module__ != __name__
        ):
            warnings.warn(
                PytestDeprecationWarning(_EVENT_LOOP_POLICY_FIXTURE_DEPRECATION_WARNING),
            )
        asyncio_mode = _get_asyncio_mode(request.config)
        if not _is_asyncio_fixture_function(fixturedef.func):
            if asyncio_mode == Mode.STRICT:
                # Ignore async fixtures without explicit asyncio mark in strict mode
                # This applies to pytest_trio fixtures, for example
                return (yield)
            if not _is_coroutine_or_asyncgen(fixturedef.func):
>               return (yield)
                        ^^^^^

..\okto-r4-native-installed-zk_r383i\Lib\site-packages\pytest_asyncio\plugin.py:926: 
_ _ _ _ _ _ _ _ _ _ _ _ _ _ _ _ _ _ _ _ _ _ _ _ _ _ _ _ _ _ _ _ _ _ _ _ _ _ _ _
D:\Projetos\Techridy\okto_labs_okto_nexus\tests\execution_r4\test_binding_operator.py:32: in onboarding
    with TestClient(app, raise_server_exceptions=False) as client:
         ^^^^^^^^^^^^^^^^^^^^^^^^^^^^^^^^^^^^^^^^^^^^^^
..\okto-r4-native-installed-zk_r383i\Lib\site-packages\starlette\testclient.py:517: in __enter__
    portal.call(self.wait_startup)
..\okto-r4-native-installed-zk_r383i\Lib\site-packages\anyio\from_thread.py:340: in call
    return cast(T_Retval, self.start_task_soon(func, *args).result())
                          ^^^^^^^^^^^^^^^^^^^^^^^^^^^^^^^^^^^^^^^^^^
C:\Python313\Lib\concurrent\futures\_base.py:456: in result
    return self.__get_result()
           ^^^^^^^^^^^^^^^^^^^
C:\Python313\Lib\concurrent\futures\_base.py:401: in __get_result
    raise self._exception
..\okto-r4-native-installed-zk_r383i\Lib\site-packages\anyio\from_thread.py:265: in _call_func
    retval = await retval_or_awaitable
             ^^^^^^^^^^^^^^^^^^^^^^^^^
..\okto-r4-native-installed-zk_r383i\Lib\site-packages\starlette\testclient.py:552: in wait_startup
    await receive()
..\okto-r4-native-installed-zk_r383i\Lib\site-packages\starlette\testclient.py:543: in receive
    self.task.result()
C:\Python313\Lib\concurrent\futures\_base.py:449: in result
    return self.__get_result()
           ^^^^^^^^^^^^^^^^^^^
C:\Python313\Lib\concurrent\futures\_base.py:401: in __get_result
    raise self._exception
..\okto-r4-native-installed-zk_r383i\Lib\site-packages\anyio\from_thread.py:265: in _call_func
    retval = await retval_or_awaitable
             ^^^^^^^^^^^^^^^^^^^^^^^^^
..\okto-r4-native-installed-zk_r383i\Lib\site-packages\starlette\testclient.py:533: in lifespan
    await self.app(scope, self.stream_receive.receive, self.stream_send.send)
..\okto-r4-native-installed-zk_r383i\Lib\site-packages\fastapi\applications.py:1202: in __call__
    await lifespan(
..\okto-r4-native-installed-zk_r383i\Lib\site-packages\fastapi\telemetry\_runtime.py:239: in lifespan
    await app(scope, wrapped_receive, wrapped_send)
..\okto-r4-native-installed-zk_r383i\Lib\site-packages\starlette\applications.py:96: in __call__
    await self.middleware_stack(scope, receive, send)
..\okto-r4-native-installed-zk_r383i\Lib\site-packages\starlette\middleware\errors.py:151: in __call__
    await self.app(scope, receive, send)
..\okto-r4-native-installed-zk_r383i\Lib\site-packages\fastapi\telemetry\_asgi.py:151: in __call__
    await self.app(scope, receive, send)
..\okto-r4-native-installed-zk_r383i\Lib\site-packages\starlette\middleware\base.py:103: in __call__
    await self.app(scope, receive, send)
..\okto-r4-native-installed-zk_r383i\Lib\site-packages\starlette\middleware\base.py:103: in __call__
    await self.app(scope, receive, send)
..\okto-r4-native-installed-zk_r383i\Lib\site-packages\starlette\middleware\base.py:103: in __call__
    await self.app(scope, receive, send)
..\okto-r4-native-installed-zk_r383i\Lib\site-packages\starlette\middleware\exceptions.py:49: in __call__
    await self.app(scope, receive, send)
..\okto-r4-native-installed-zk_r383i\Lib\site-packages\fastapi\middleware\asyncexitstack.py:18: in __call__
    await self.app(scope, receive, send)
..\okto-r4-native-installed-zk_r383i\Lib\site-packages\starlette\routing.py:676: in __call__
    await self.middleware_stack(scope, receive, send)
..\okto-r4-native-installed-zk_r383i\Lib\site-packages\fastapi\routing.py:2773: in app
    await self.lifespan(scope, receive, send)
..\okto-r4-native-installed-zk_r383i\Lib\site-packages\starlette\routing.py:654: in lifespan
    async with self.lifespan_context(app) as maybe_state:
               ^^^^^^^^^^^^^^^^^^^^^^^^^^
C:\Python313\Lib\contextlib.py:214: in __aenter__
    return await anext(self.gen)
           ^^^^^^^^^^^^^^^^^^^^^
..\okto-r4-native-installed-zk_r383i\Lib\site-packages\fastapi\routing.py:247: in merged_lifespan
    async with original_context(app) as maybe_original_state:
               ^^^^^^^^^^^^^^^^^^^^^
C:\Python313\Lib\contextlib.py:214: in __aenter__
    return await anext(self.gen)
           ^^^^^^^^^^^^^^^^^^^^^
..\okto-r4-native-installed-zk_r383i\Lib\site-packages\fastapi\routing.py:247: in merged_lifespan
    async with original_context(app) as maybe_original_state:
               ^^^^^^^^^^^^^^^^^^^^^
C:\Python313\Lib\contextlib.py:214: in __aenter__
    return await anext(self.gen)
           ^^^^^^^^^^^^^^^^^^^^^
..\okto-r4-native-installed-zk_r383i\Lib\site-packages\fastapi\routing.py:247: in merged_lifespan
    async with original_context(app) as maybe_original_state:
               ^^^^^^^^^^^^^^^^^^^^^
C:\Python313\Lib\contextlib.py:214: in __aenter__
    return await anext(self.gen)
           ^^^^^^^^^^^^^^^^^^^^^
..\okto-r4-native-installed-zk_r383i\Lib\site-packages\fastapi\routing.py:247: in merged_lifespan
    async with original_context(app) as maybe_original_state:
               ^^^^^^^^^^^^^^^^^^^^^
C:\Python313\Lib\contextlib.py:214: in __aenter__
    return await anext(self.gen)
           ^^^^^^^^^^^^^^^^^^^^^
..\okto-r4-native-installed-zk_r383i\Lib\site-packages\fastapi\routing.py:247: in merged_lifespan
    async with original_context(app) as maybe_original_state:
               ^^^^^^^^^^^^^^^^^^^^^
C:\Python313\Lib\contextlib.py:214: in __aenter__
    return await anext(self.gen)
           ^^^^^^^^^^^^^^^^^^^^^
..\okto-r4-native-installed-zk_r383i\Lib\site-packages\fastapi\routing.py:247: in merged_lifespan
    async with original_context(app) as maybe_original_state:
               ^^^^^^^^^^^^^^^^^^^^^
C:\Python313\Lib\contextlib.py:214: in __aenter__
    return await anext(self.gen)
           ^^^^^^^^^^^^^^^^^^^^^
..\okto-r4-native-installed-zk_r383i\Lib\site-packages\fastapi\routing.py:247: in merged_lifespan
    async with original_context(app) as maybe_original_state:
               ^^^^^^^^^^^^^^^^^^^^^
C:\Python313\Lib\contextlib.py:214: in __aenter__
    return await anext(self.gen)
           ^^^^^^^^^^^^^^^^^^^^^
..\okto-r4-native-installed-zk_r383i\Lib\site-packages\okto_nexus\adapters\inbound\http\app.py:603: in lifespan
    await embedded_inventory.start()
..\okto-r4-native-installed-zk_r383i\Lib\site-packages\okto_nexus\bootstrap\embedded_inventory.py:57: in start
    return await asyncio.shield(self._startup_task)
           ^^^^^^^^^^^^^^^^^^^^^^^^^^^^^^^^^^^^^^^^
..\okto-r4-native-installed-zk_r383i\Lib\site-packages\okto_nexus\bootstrap\embedded_inventory.py:61: in _start
    await self.refresh()
..\okto-r4-native-installed-zk_r383i\Lib\site-packages\okto_nexus\bootstrap\embedded_inventory.py:71: in refresh
    return await asyncio.shield(self._refresh_task)
           ^^^^^^^^^^^^^^^^^^^^^^^^^^^^^^^^^^^^^^^^
..\okto-r4-native-installed-zk_r383i\Lib\site-packages\okto_nexus\bootstrap\embedded_inventory.py:75: in _refresh_owned
    return await self._refresh()
           ^^^^^^^^^^^^^^^^^^^^^
..\okto-r4-native-installed-zk_r383i\Lib\site-packages\okto_nexus\bootstrap\embedded_inventory.py:84: in _refresh
    discovery = await asyncio.to_thread(discover_local_candidates,
C:\Python313\Lib\asyncio\threads.py:25: in to_thread
    return await loop.run_in_executor(None, func_call)
           ^^^^^^^^^^^^^^^^^^^^^^^^^^^^^^^^^^^^^^^^^^^
C:\Python313\Lib\concurrent\futures\thread.py:59: in run
    result = self.fn(*self.args, **self.kwargs)
             ^^^^^^^^^^^^^^^^^^^^^^^^^^^^^^^^^^
..\okto-r4-native-installed-zk_r383i\Lib\site-packages\okto_nexus\adapters\outbound\execution\core_inventory.py:83: in discover_local_candidates
    return _core().discover_installations(
           ^^^^^^^
_ _ _ _ _ _ _ _ _ _ _ _ _ _ _ _ _ _ _ _ _ _ _ _ _ _ _ _ _ _ _ _ _ _ _ _ _ _ _ _

    def _core():
        import nexus_connector_core as core
    
        if core.__version__ != CORE_INVENTORY_VERSION:
>           raise RuntimeError(
                f"Core {CORE_INVENTORY_VERSION} is required for R4 inventory; "
                f"installed {core.__version__}"
            )
E           RuntimeError: Core 0.2.40.dev0 is required for R4 inventory; installed 0.2.41.dev0

..\okto-r4-native-installed-zk_r383i\Lib\site-packages\okto_nexus\adapters\outbound\execution\core_inventory.py:27: RuntimeError
_ ERROR at setup of test_core_classifies_native_approval_and_input[control_request:can_use_tool-params2-3-input_request-native_input] _

fixturedef = <FixtureDef argname='onboarding' scope='function' baseid='test_native_request_ingress.py'>
request = <SubRequest 'onboarding' for <Function test_core_classifies_native_approval_and_input[control_request:can_use_tool-params2-3-input_request-native_input]>>

    @pytest.hookimpl(wrapper=True)
    def pytest_fixture_setup(fixturedef: FixtureDef, request) -> object | None:
        if (
            fixturedef.argname == "event_loop_policy"
            and fixturedef.func.__module__ != __name__
        ):
            warnings.warn(
                PytestDeprecationWarning(_EVENT_LOOP_POLICY_FIXTURE_DEPRECATION_WARNING),
            )
        asyncio_mode = _get_asyncio_mode(request.config)
        if not _is_asyncio_fixture_function(fixturedef.func):
            if asyncio_mode == Mode.STRICT:
                # Ignore async fixtures without explicit asyncio mark in strict mode
                # This applies to pytest_trio fixtures, for example
                return (yield)
            if not _is_coroutine_or_asyncgen(fixturedef.func):
>               return (yield)
                        ^^^^^

..\okto-r4-native-installed-zk_r383i\Lib\site-packages\pytest_asyncio\plugin.py:926: 
_ _ _ _ _ _ _ _ _ _ _ _ _ _ _ _ _ _ _ _ _ _ _ _ _ _ _ _ _ _ _ _ _ _ _ _ _ _ _ _
D:\Projetos\Techridy\okto_labs_okto_nexus\tests\execution_r4\test_binding_operator.py:32: in onboarding
    with TestClient(app, raise_server_exceptions=False) as client:
         ^^^^^^^^^^^^^^^^^^^^^^^^^^^^^^^^^^^^^^^^^^^^^^
..\okto-r4-native-installed-zk_r383i\Lib\site-packages\starlette\testclient.py:517: in __enter__
    portal.call(self.wait_startup)
..\okto-r4-native-installed-zk_r383i\Lib\site-packages\anyio\from_thread.py:340: in call
    return cast(T_Retval, self.start_task_soon(func, *args).result())
                          ^^^^^^^^^^^^^^^^^^^^^^^^^^^^^^^^^^^^^^^^^^
C:\Python313\Lib\concurrent\futures\_base.py:456: in result
    return self.__get_result()
           ^^^^^^^^^^^^^^^^^^^
C:\Python313\Lib\concurrent\futures\_base.py:401: in __get_result
    raise self._exception
..\okto-r4-native-installed-zk_r383i\Lib\site-packages\anyio\from_thread.py:265: in _call_func
    retval = await retval_or_awaitable
             ^^^^^^^^^^^^^^^^^^^^^^^^^
..\okto-r4-native-installed-zk_r383i\Lib\site-packages\starlette\testclient.py:552: in wait_startup
    await receive()
..\okto-r4-native-installed-zk_r383i\Lib\site-packages\starlette\testclient.py:543: in receive
    self.task.result()
C:\Python313\Lib\concurrent\futures\_base.py:449: in result
    return self.__get_result()
           ^^^^^^^^^^^^^^^^^^^
C:\Python313\Lib\concurrent\futures\_base.py:401: in __get_result
    raise self._exception
..\okto-r4-native-installed-zk_r383i\Lib\site-packages\anyio\from_thread.py:265: in _call_func
    retval = await retval_or_awaitable
             ^^^^^^^^^^^^^^^^^^^^^^^^^
..\okto-r4-native-installed-zk_r383i\Lib\site-packages\starlette\testclient.py:533: in lifespan
    await self.app(scope, self.stream_receive.receive, self.stream_send.send)
..\okto-r4-native-installed-zk_r383i\Lib\site-packages\fastapi\applications.py:1202: in __call__
    await lifespan(
..\okto-r4-native-installed-zk_r383i\Lib\site-packages\fastapi\telemetry\_runtime.py:239: in lifespan
    await app(scope, wrapped_receive, wrapped_send)
..\okto-r4-native-installed-zk_r383i\Lib\site-packages\starlette\applications.py:96: in __call__
    await self.middleware_stack(scope, receive, send)
..\okto-r4-native-installed-zk_r383i\Lib\site-packages\starlette\middleware\errors.py:151: in __call__
    await self.app(scope, receive, send)
..\okto-r4-native-installed-zk_r383i\Lib\site-packages\fastapi\telemetry\_asgi.py:151: in __call__
    await self.app(scope, receive, send)
..\okto-r4-native-installed-zk_r383i\Lib\site-packages\starlette\middleware\base.py:103: in __call__
    await self.app(scope, receive, send)
..\okto-r4-native-installed-zk_r383i\Lib\site-packages\starlette\middleware\base.py:103: in __call__
    await self.app(scope, receive, send)
..\okto-r4-native-installed-zk_r383i\Lib\site-packages\starlette\middleware\base.py:103: in __call__
    await self.app(scope, receive, send)
..\okto-r4-native-installed-zk_r383i\Lib\site-packages\starlette\middleware\exceptions.py:49: in __call__
    await self.app(scope, receive, send)
..\okto-r4-native-installed-zk_r383i\Lib\site-packages\fastapi\middleware\asyncexitstack.py:18: in __call__
    await self.app(scope, receive, send)
..\okto-r4-native-installed-zk_r383i\Lib\site-packages\starlette\routing.py:676: in __call__
    await self.middleware_stack(scope, receive, send)
..\okto-r4-native-installed-zk_r383i\Lib\site-packages\fastapi\routing.py:2773: in app
    await self.lifespan(scope, receive, send)
..\okto-r4-native-installed-zk_r383i\Lib\site-packages\starlette\routing.py:654: in lifespan
    async with self.lifespan_context(app) as maybe_state:
               ^^^^^^^^^^^^^^^^^^^^^^^^^^
C:\Python313\Lib\contextlib.py:214: in __aenter__
    return await anext(self.gen)
           ^^^^^^^^^^^^^^^^^^^^^
..\okto-r4-native-installed-zk_r383i\Lib\site-packages\fastapi\routing.py:247: in merged_lifespan
    async with original_context(app) as maybe_original_state:
               ^^^^^^^^^^^^^^^^^^^^^
C:\Python313\Lib\contextlib.py:214: in __aenter__
    return await anext(self.gen)
           ^^^^^^^^^^^^^^^^^^^^^
..\okto-r4-native-installed-zk_r383i\Lib\site-packages\fastapi\routing.py:247: in merged_lifespan
    async with original_context(app) as maybe_original_state:
               ^^^^^^^^^^^^^^^^^^^^^
C:\Python313\Lib\contextlib.py:214: in __aenter__
    return await anext(self.gen)
           ^^^^^^^^^^^^^^^^^^^^^
..\okto-r4-native-installed-zk_r383i\Lib\site-packages\fastapi\routing.py:247: in merged_lifespan
    async with original_context(app) as maybe_original_state:
               ^^^^^^^^^^^^^^^^^^^^^
C:\Python313\Lib\contextlib.py:214: in __aenter__
    return await anext(self.gen)
           ^^^^^^^^^^^^^^^^^^^^^
..\okto-r4-native-installed-zk_r383i\Lib\site-packages\fastapi\routing.py:247: in merged_lifespan
    async with original_context(app) as maybe_original_state:
               ^^^^^^^^^^^^^^^^^^^^^
C:\Python313\Lib\contextlib.py:214: in __aenter__
    return await anext(self.gen)
           ^^^^^^^^^^^^^^^^^^^^^
..\okto-r4-native-installed-zk_r383i\Lib\site-packages\fastapi\routing.py:247: in merged_lifespan
    async with original_context(app) as maybe_original_state:
               ^^^^^^^^^^^^^^^^^^^^^
C:\Python313\Lib\contextlib.py:214: in __aenter__
    return await anext(self.gen)
           ^^^^^^^^^^^^^^^^^^^^^
..\okto-r4-native-installed-zk_r383i\Lib\site-packages\fastapi\routing.py:247: in merged_lifespan
    async with original_context(app) as maybe_original_state:
               ^^^^^^^^^^^^^^^^^^^^^
C:\Python313\Lib\contextlib.py:214: in __aenter__
    return await anext(self.gen)
           ^^^^^^^^^^^^^^^^^^^^^
..\okto-r4-native-installed-zk_r383i\Lib\site-packages\fastapi\routing.py:247: in merged_lifespan
    async with original_context(app) as maybe_original_state:
               ^^^^^^^^^^^^^^^^^^^^^
C:\Python313\Lib\contextlib.py:214: in __aenter__
    return await anext(self.gen)
           ^^^^^^^^^^^^^^^^^^^^^
..\okto-r4-native-installed-zk_r383i\Lib\site-packages\okto_nexus\adapters\inbound\http\app.py:603: in lifespan
    await embedded_inventory.start()
..\okto-r4-native-installed-zk_r383i\Lib\site-packages\okto_nexus\bootstrap\embedded_inventory.py:57: in start
    return await asyncio.shield(self._startup_task)
           ^^^^^^^^^^^^^^^^^^^^^^^^^^^^^^^^^^^^^^^^
..\okto-r4-native-installed-zk_r383i\Lib\site-packages\okto_nexus\bootstrap\embedded_inventory.py:61: in _start
    await self.refresh()
..\okto-r4-native-installed-zk_r383i\Lib\site-packages\okto_nexus\bootstrap\embedded_inventory.py:71: in refresh
    return await asyncio.shield(self._refresh_task)
           ^^^^^^^^^^^^^^^^^^^^^^^^^^^^^^^^^^^^^^^^
..\okto-r4-native-installed-zk_r383i\Lib\site-packages\okto_nexus\bootstrap\embedded_inventory.py:75: in _refresh_owned
    return await self._refresh()
           ^^^^^^^^^^^^^^^^^^^^^
..\okto-r4-native-installed-zk_r383i\Lib\site-packages\okto_nexus\bootstrap\embedded_inventory.py:84: in _refresh
    discovery = await asyncio.to_thread(discover_local_candidates,
C:\Python313\Lib\asyncio\threads.py:25: in to_thread
    return await loop.run_in_executor(None, func_call)
           ^^^^^^^^^^^^^^^^^^^^^^^^^^^^^^^^^^^^^^^^^^^
C:\Python313\Lib\concurrent\futures\thread.py:59: in run
    result = self.fn(*self.args, **self.kwargs)
             ^^^^^^^^^^^^^^^^^^^^^^^^^^^^^^^^^^
..\okto-r4-native-installed-zk_r383i\Lib\site-packages\okto_nexus\adapters\outbound\execution\core_inventory.py:83: in discover_local_candidates
    return _core().discover_installations(
           ^^^^^^^
_ _ _ _ _ _ _ _ _ _ _ _ _ _ _ _ _ _ _ _ _ _ _ _ _ _ _ _ _ _ _ _ _ _ _ _ _ _ _ _

    def _core():
        import nexus_connector_core as core
    
        if core.__version__ != CORE_INVENTORY_VERSION:
>           raise RuntimeError(
                f"Core {CORE_INVENTORY_VERSION} is required for R4 inventory; "
                f"installed {core.__version__}"
            )
E           RuntimeError: Core 0.2.40.dev0 is required for R4 inventory; installed 0.2.41.dev0

..\okto-r4-native-installed-zk_r383i\Lib\site-packages\okto_nexus\adapters\outbound\execution\core_inventory.py:27: RuntimeError
_ ERROR at setup of test_same_native_id_in_two_stream_namespaces_is_distinct __

fixturedef = <FixtureDef argname='onboarding' scope='function' baseid='test_native_request_ingress.py'>
request = <SubRequest 'onboarding' for <Function test_same_native_id_in_two_stream_namespaces_is_distinct>>

    @pytest.hookimpl(wrapper=True)
    def pytest_fixture_setup(fixturedef: FixtureDef, request) -> object | None:
        if (
            fixturedef.argname == "event_loop_policy"
            and fixturedef.func.__module__ != __name__
        ):
            warnings.warn(
                PytestDeprecationWarning(_EVENT_LOOP_POLICY_FIXTURE_DEPRECATION_WARNING),
            )
        asyncio_mode = _get_asyncio_mode(request.config)
        if not _is_asyncio_fixture_function(fixturedef.func):
            if asyncio_mode == Mode.STRICT:
                # Ignore async fixtures without explicit asyncio mark in strict mode
                # This applies to pytest_trio fixtures, for example
                return (yield)
            if not _is_coroutine_or_asyncgen(fixturedef.func):
>               return (yield)
                        ^^^^^

..\okto-r4-native-installed-zk_r383i\Lib\site-packages\pytest_asyncio\plugin.py:926: 
_ _ _ _ _ _ _ _ _ _ _ _ _ _ _ _ _ _ _ _ _ _ _ _ _ _ _ _ _ _ _ _ _ _ _ _ _ _ _ _
D:\Projetos\Techridy\okto_labs_okto_nexus\tests\execution_r4\test_binding_operator.py:32: in onboarding
    with TestClient(app, raise_server_exceptions=False) as client:
         ^^^^^^^^^^^^^^^^^^^^^^^^^^^^^^^^^^^^^^^^^^^^^^
..\okto-r4-native-installed-zk_r383i\Lib\site-packages\starlette\testclient.py:517: in __enter__
    portal.call(self.wait_startup)
..\okto-r4-native-installed-zk_r383i\Lib\site-packages\anyio\from_thread.py:340: in call
    return cast(T_Retval, self.start_task_soon(func, *args).result())
                          ^^^^^^^^^^^^^^^^^^^^^^^^^^^^^^^^^^^^^^^^^^
C:\Python313\Lib\concurrent\futures\_base.py:456: in result
    return self.__get_result()
           ^^^^^^^^^^^^^^^^^^^
C:\Python313\Lib\concurrent\futures\_base.py:401: in __get_result
    raise self._exception
..\okto-r4-native-installed-zk_r383i\Lib\site-packages\anyio\from_thread.py:265: in _call_func
    retval = await retval_or_awaitable
             ^^^^^^^^^^^^^^^^^^^^^^^^^
..\okto-r4-native-installed-zk_r383i\Lib\site-packages\starlette\testclient.py:552: in wait_startup
    await receive()
..\okto-r4-native-installed-zk_r383i\Lib\site-packages\starlette\testclient.py:543: in receive
    self.task.result()
C:\Python313\Lib\concurrent\futures\_base.py:449: in result
    return self.__get_result()
           ^^^^^^^^^^^^^^^^^^^
C:\Python313\Lib\concurrent\futures\_base.py:401: in __get_result
    raise self._exception
..\okto-r4-native-installed-zk_r383i\Lib\site-packages\anyio\from_thread.py:265: in _call_func
    retval = await retval_or_awaitable
             ^^^^^^^^^^^^^^^^^^^^^^^^^
..\okto-r4-native-installed-zk_r383i\Lib\site-packages\starlette\testclient.py:533: in lifespan
    await self.app(scope, self.stream_receive.receive, self.stream_send.send)
..\okto-r4-native-installed-zk_r383i\Lib\site-packages\fastapi\applications.py:1202: in __call__
    await lifespan(
..\okto-r4-native-installed-zk_r383i\Lib\site-packages\fastapi\telemetry\_runtime.py:239: in lifespan
    await app(scope, wrapped_receive, wrapped_send)
..\okto-r4-native-installed-zk_r383i\Lib\site-packages\starlette\applications.py:96: in __call__
    await self.middleware_stack(scope, receive, send)
..\okto-r4-native-installed-zk_r383i\Lib\site-packages\starlette\middleware\errors.py:151: in __call__
    await self.app(scope, receive, send)
..\okto-r4-native-installed-zk_r383i\Lib\site-packages\fastapi\telemetry\_asgi.py:151: in __call__
    await self.app(scope, receive, send)
..\okto-r4-native-installed-zk_r383i\Lib\site-packages\starlette\middleware\base.py:103: in __call__
    await self.app(scope, receive, send)
..\okto-r4-native-installed-zk_r383i\Lib\site-packages\starlette\middleware\base.py:103: in __call__
    await self.app(scope, receive, send)
..\okto-r4-native-installed-zk_r383i\Lib\site-packages\starlette\middleware\base.py:103: in __call__
    await self.app(scope, receive, send)
..\okto-r4-native-installed-zk_r383i\Lib\site-packages\starlette\middleware\exceptions.py:49: in __call__
    await self.app(scope, receive, send)
..\okto-r4-native-installed-zk_r383i\Lib\site-packages\fastapi\middleware\asyncexitstack.py:18: in __call__
    await self.app(scope, receive, send)
..\okto-r4-native-installed-zk_r383i\Lib\site-packages\starlette\routing.py:676: in __call__
    await self.middleware_stack(scope, receive, send)
..\okto-r4-native-installed-zk_r383i\Lib\site-packages\fastapi\routing.py:2773: in app
    await self.lifespan(scope, receive, send)
..\okto-r4-native-installed-zk_r383i\Lib\site-packages\starlette\routing.py:654: in lifespan
    async with self.lifespan_context(app) as maybe_state:
               ^^^^^^^^^^^^^^^^^^^^^^^^^^
C:\Python313\Lib\contextlib.py:214: in __aenter__
    return await anext(self.gen)
           ^^^^^^^^^^^^^^^^^^^^^
..\okto-r4-native-installed-zk_r383i\Lib\site-packages\fastapi\routing.py:247: in merged_lifespan
    async with original_context(app) as maybe_original_state:
               ^^^^^^^^^^^^^^^^^^^^^
C:\Python313\Lib\contextlib.py:214: in __aenter__
    return await anext(self.gen)
           ^^^^^^^^^^^^^^^^^^^^^
..\okto-r4-native-installed-zk_r383i\Lib\site-packages\fastapi\routing.py:247: in merged_lifespan
    async with original_context(app) as maybe_original_state:
               ^^^^^^^^^^^^^^^^^^^^^
C:\Python313\Lib\contextlib.py:214: in __aenter__
    return await anext(self.gen)
           ^^^^^^^^^^^^^^^^^^^^^
..\okto-r4-native-installed-zk_r383i\Lib\site-packages\fastapi\routing.py:247: in merged_lifespan
    async with original_context(app) as maybe_original_state:
               ^^^^^^^^^^^^^^^^^^^^^
C:\Python313\Lib\contextlib.py:214: in __aenter__
    return await anext(self.gen)
           ^^^^^^^^^^^^^^^^^^^^^
..\okto-r4-native-installed-zk_r383i\Lib\site-packages\fastapi\routing.py:247: in merged_lifespan
    async with original_context(app) as maybe_original_state:
               ^^^^^^^^^^^^^^^^^^^^^
C:\Python313\Lib\contextlib.py:214: in __aenter__
    return await anext(self.gen)
           ^^^^^^^^^^^^^^^^^^^^^
..\okto-r4-native-installed-zk_r383i\Lib\site-packages\fastapi\routing.py:247: in merged_lifespan
    async with original_context(app) as maybe_original_state:
               ^^^^^^^^^^^^^^^^^^^^^
C:\Python313\Lib\contextlib.py:214: in __aenter__
    return await anext(self.gen)
           ^^^^^^^^^^^^^^^^^^^^^
..\okto-r4-native-installed-zk_r383i\Lib\site-packages\fastapi\routing.py:247: in merged_lifespan
    async with original_context(app) as maybe_original_state:
               ^^^^^^^^^^^^^^^^^^^^^
C:\Python313\Lib\contextlib.py:214: in __aenter__
    return await anext(self.gen)
           ^^^^^^^^^^^^^^^^^^^^^
..\okto-r4-native-installed-zk_r383i\Lib\site-packages\fastapi\routing.py:247: in merged_lifespan
    async with original_context(app) as maybe_original_state:
               ^^^^^^^^^^^^^^^^^^^^^
C:\Python313\Lib\contextlib.py:214: in __aenter__
    return await anext(self.gen)
           ^^^^^^^^^^^^^^^^^^^^^
..\okto-r4-native-installed-zk_r383i\Lib\site-packages\okto_nexus\adapters\inbound\http\app.py:603: in lifespan
    await embedded_inventory.start()
..\okto-r4-native-installed-zk_r383i\Lib\site-packages\okto_nexus\bootstrap\embedded_inventory.py:57: in start
    return await asyncio.shield(self._startup_task)
           ^^^^^^^^^^^^^^^^^^^^^^^^^^^^^^^^^^^^^^^^
..\okto-r4-native-installed-zk_r383i\Lib\site-packages\okto_nexus\bootstrap\embedded_inventory.py:61: in _start
    await self.refresh()
..\okto-r4-native-installed-zk_r383i\Lib\site-packages\okto_nexus\bootstrap\embedded_inventory.py:71: in refresh
    return await asyncio.shield(self._refresh_task)
           ^^^^^^^^^^^^^^^^^^^^^^^^^^^^^^^^^^^^^^^^
..\okto-r4-native-installed-zk_r383i\Lib\site-packages\okto_nexus\bootstrap\embedded_inventory.py:75: in _refresh_owned
    return await self._refresh()
           ^^^^^^^^^^^^^^^^^^^^^
..\okto-r4-native-installed-zk_r383i\Lib\site-packages\okto_nexus\bootstrap\embedded_inventory.py:84: in _refresh
    discovery = await asyncio.to_thread(discover_local_candidates,
C:\Python313\Lib\asyncio\threads.py:25: in to_thread
    return await loop.run_in_executor(None, func_call)
           ^^^^^^^^^^^^^^^^^^^^^^^^^^^^^^^^^^^^^^^^^^^
C:\Python313\Lib\concurrent\futures\thread.py:59: in run
    result = self.fn(*self.args, **self.kwargs)
             ^^^^^^^^^^^^^^^^^^^^^^^^^^^^^^^^^^
..\okto-r4-native-installed-zk_r383i\Lib\site-packages\okto_nexus\adapters\outbound\execution\core_inventory.py:83: in discover_local_candidates
    return _core().discover_installations(
           ^^^^^^^
_ _ _ _ _ _ _ _ _ _ _ _ _ _ _ _ _ _ _ _ _ _ _ _ _ _ _ _ _ _ _ _ _ _ _ _ _ _ _ _

    def _core():
        import nexus_connector_core as core
    
        if core.__version__ != CORE_INVENTORY_VERSION:
>           raise RuntimeError(
                f"Core {CORE_INVENTORY_VERSION} is required for R4 inventory; "
                f"installed {core.__version__}"
            )
E           RuntimeError: Core 0.2.40.dev0 is required for R4 inventory; installed 0.2.41.dev0

..\okto-r4-native-installed-zk_r383i\Lib\site-packages\okto_nexus\adapters\outbound\execution\core_inventory.py:27: RuntimeError
_ ERROR at setup of test_old_generation_is_retained_without_actionable_authority _

fixturedef = <FixtureDef argname='onboarding' scope='function' baseid='test_native_request_ingress.py'>
request = <SubRequest 'onboarding' for <Function test_old_generation_is_retained_without_actionable_authority>>

    @pytest.hookimpl(wrapper=True)
    def pytest_fixture_setup(fixturedef: FixtureDef, request) -> object | None:
        if (
            fixturedef.argname == "event_loop_policy"
            and fixturedef.func.__module__ != __name__
        ):
            warnings.warn(
                PytestDeprecationWarning(_EVENT_LOOP_POLICY_FIXTURE_DEPRECATION_WARNING),
            )
        asyncio_mode = _get_asyncio_mode(request.config)
        if not _is_asyncio_fixture_function(fixturedef.func):
            if asyncio_mode == Mode.STRICT:
                # Ignore async fixtures without explicit asyncio mark in strict mode
                # This applies to pytest_trio fixtures, for example
                return (yield)
            if not _is_coroutine_or_asyncgen(fixturedef.func):
>               return (yield)
                        ^^^^^

..\okto-r4-native-installed-zk_r383i\Lib\site-packages\pytest_asyncio\plugin.py:926: 
_ _ _ _ _ _ _ _ _ _ _ _ _ _ _ _ _ _ _ _ _ _ _ _ _ _ _ _ _ _ _ _ _ _ _ _ _ _ _ _
D:\Projetos\Techridy\okto_labs_okto_nexus\tests\execution_r4\test_binding_operator.py:32: in onboarding
    with TestClient(app, raise_server_exceptions=False) as client:
         ^^^^^^^^^^^^^^^^^^^^^^^^^^^^^^^^^^^^^^^^^^^^^^
..\okto-r4-native-installed-zk_r383i\Lib\site-packages\starlette\testclient.py:517: in __enter__
    portal.call(self.wait_startup)
..\okto-r4-native-installed-zk_r383i\Lib\site-packages\anyio\from_thread.py:340: in call
    return cast(T_Retval, self.start_task_soon(func, *args).result())
                          ^^^^^^^^^^^^^^^^^^^^^^^^^^^^^^^^^^^^^^^^^^
C:\Python313\Lib\concurrent\futures\_base.py:456: in result
    return self.__get_result()
           ^^^^^^^^^^^^^^^^^^^
C:\Python313\Lib\concurrent\futures\_base.py:401: in __get_result
    raise self._exception
..\okto-r4-native-installed-zk_r383i\Lib\site-packages\anyio\from_thread.py:265: in _call_func
    retval = await retval_or_awaitable
             ^^^^^^^^^^^^^^^^^^^^^^^^^
..\okto-r4-native-installed-zk_r383i\Lib\site-packages\starlette\testclient.py:552: in wait_startup
    await receive()
..\okto-r4-native-installed-zk_r383i\Lib\site-packages\starlette\testclient.py:543: in receive
    self.task.result()
C:\Python313\Lib\concurrent\futures\_base.py:449: in result
    return self.__get_result()
           ^^^^^^^^^^^^^^^^^^^
C:\Python313\Lib\concurrent\futures\_base.py:401: in __get_result
    raise self._exception
..\okto-r4-native-installed-zk_r383i\Lib\site-packages\anyio\from_thread.py:265: in _call_func
    retval = await retval_or_awaitable
             ^^^^^^^^^^^^^^^^^^^^^^^^^
..\okto-r4-native-installed-zk_r383i\Lib\site-packages\starlette\testclient.py:533: in lifespan
    await self.app(scope, self.stream_receive.receive, self.stream_send.send)
..\okto-r4-native-installed-zk_r383i\Lib\site-packages\fastapi\applications.py:1202: in __call__
    await lifespan(
..\okto-r4-native-installed-zk_r383i\Lib\site-packages\fastapi\telemetry\_runtime.py:239: in lifespan
    await app(scope, wrapped_receive, wrapped_send)
..\okto-r4-native-installed-zk_r383i\Lib\site-packages\starlette\applications.py:96: in __call__
    await self.middleware_stack(scope, receive, send)
..\okto-r4-native-installed-zk_r383i\Lib\site-packages\starlette\middleware\errors.py:151: in __call__
    await self.app(scope, receive, send)
..\okto-r4-native-installed-zk_r383i\Lib\site-packages\fastapi\telemetry\_asgi.py:151: in __call__
    await self.app(scope, receive, send)
..\okto-r4-native-installed-zk_r383i\Lib\site-packages\starlette\middleware\base.py:103: in __call__
    await self.app(scope, receive, send)
..\okto-r4-native-installed-zk_r383i\Lib\site-packages\starlette\middleware\base.py:103: in __call__
    await self.app(scope, receive, send)
..\okto-r4-native-installed-zk_r383i\Lib\site-packages\starlette\middleware\base.py:103: in __call__
    await self.app(scope, receive, send)
..\okto-r4-native-installed-zk_r383i\Lib\site-packages\starlette\middleware\exceptions.py:49: in __call__
    await self.app(scope, receive, send)
..\okto-r4-native-installed-zk_r383i\Lib\site-packages\fastapi\middleware\asyncexitstack.py:18: in __call__
    await self.app(scope, receive, send)
..\okto-r4-native-installed-zk_r383i\Lib\site-packages\starlette\routing.py:676: in __call__
    await self.middleware_stack(scope, receive, send)
..\okto-r4-native-installed-zk_r383i\Lib\site-packages\fastapi\routing.py:2773: in app
    await self.lifespan(scope, receive, send)
..\okto-r4-native-installed-zk_r383i\Lib\site-packages\starlette\routing.py:654: in lifespan
    async with self.lifespan_context(app) as maybe_state:
               ^^^^^^^^^^^^^^^^^^^^^^^^^^
C:\Python313\Lib\contextlib.py:214: in __aenter__
    return await anext(self.gen)
           ^^^^^^^^^^^^^^^^^^^^^
..\okto-r4-native-installed-zk_r383i\Lib\site-packages\fastapi\routing.py:247: in merged_lifespan
    async with original_context(app) as maybe_original_state:
               ^^^^^^^^^^^^^^^^^^^^^
C:\Python313\Lib\contextlib.py:214: in __aenter__
    return await anext(self.gen)
           ^^^^^^^^^^^^^^^^^^^^^
..\okto-r4-native-installed-zk_r383i\Lib\site-packages\fastapi\routing.py:247: in merged_lifespan
    async with original_context(app) as maybe_original_state:
               ^^^^^^^^^^^^^^^^^^^^^
C:\Python313\Lib\contextlib.py:214: in __aenter__
    return await anext(self.gen)
           ^^^^^^^^^^^^^^^^^^^^^
..\okto-r4-native-installed-zk_r383i\Lib\site-packages\fastapi\routing.py:247: in merged_lifespan
    async with original_context(app) as maybe_original_state:
               ^^^^^^^^^^^^^^^^^^^^^
C:\Python313\Lib\contextlib.py:214: in __aenter__
    return await anext(self.gen)
           ^^^^^^^^^^^^^^^^^^^^^
..\okto-r4-native-installed-zk_r383i\Lib\site-packages\fastapi\routing.py:247: in merged_lifespan
    async with original_context(app) as maybe_original_state:
               ^^^^^^^^^^^^^^^^^^^^^
C:\Python313\Lib\contextlib.py:214: in __aenter__
    return await anext(self.gen)
           ^^^^^^^^^^^^^^^^^^^^^
..\okto-r4-native-installed-zk_r383i\Lib\site-packages\fastapi\routing.py:247: in merged_lifespan
    async with original_context(app) as maybe_original_state:
               ^^^^^^^^^^^^^^^^^^^^^
C:\Python313\Lib\contextlib.py:214: in __aenter__
    return await anext(self.gen)
           ^^^^^^^^^^^^^^^^^^^^^
..\okto-r4-native-installed-zk_r383i\Lib\site-packages\fastapi\routing.py:247: in merged_lifespan
    async with original_context(app) as maybe_original_state:
               ^^^^^^^^^^^^^^^^^^^^^
C:\Python313\Lib\contextlib.py:214: in __aenter__
    return await anext(self.gen)
           ^^^^^^^^^^^^^^^^^^^^^
..\okto-r4-native-installed-zk_r383i\Lib\site-packages\fastapi\routing.py:247: in merged_lifespan
    async with original_context(app) as maybe_original_state:
               ^^^^^^^^^^^^^^^^^^^^^
C:\Python313\Lib\contextlib.py:214: in __aenter__
    return await anext(self.gen)
           ^^^^^^^^^^^^^^^^^^^^^
..\okto-r4-native-installed-zk_r383i\Lib\site-packages\okto_nexus\adapters\inbound\http\app.py:603: in lifespan
    await embedded_inventory.start()
..\okto-r4-native-installed-zk_r383i\Lib\site-packages\okto_nexus\bootstrap\embedded_inventory.py:57: in start
    return await asyncio.shield(self._startup_task)
           ^^^^^^^^^^^^^^^^^^^^^^^^^^^^^^^^^^^^^^^^
..\okto-r4-native-installed-zk_r383i\Lib\site-packages\okto_nexus\bootstrap\embedded_inventory.py:61: in _start
    await self.refresh()
..\okto-r4-native-installed-zk_r383i\Lib\site-packages\okto_nexus\bootstrap\embedded_inventory.py:71: in refresh
    return await asyncio.shield(self._refresh_task)
           ^^^^^^^^^^^^^^^^^^^^^^^^^^^^^^^^^^^^^^^^
..\okto-r4-native-installed-zk_r383i\Lib\site-packages\okto_nexus\bootstrap\embedded_inventory.py:75: in _refresh_owned
    return await self._refresh()
           ^^^^^^^^^^^^^^^^^^^^^
..\okto-r4-native-installed-zk_r383i\Lib\site-packages\okto_nexus\bootstrap\embedded_inventory.py:84: in _refresh
    discovery = await asyncio.to_thread(discover_local_candidates,
C:\Python313\Lib\asyncio\threads.py:25: in to_thread
    return await loop.run_in_executor(None, func_call)
           ^^^^^^^^^^^^^^^^^^^^^^^^^^^^^^^^^^^^^^^^^^^
C:\Python313\Lib\concurrent\futures\thread.py:59: in run
    result = self.fn(*self.args, **self.kwargs)
             ^^^^^^^^^^^^^^^^^^^^^^^^^^^^^^^^^^
..\okto-r4-native-installed-zk_r383i\Lib\site-packages\okto_nexus\adapters\outbound\execution\core_inventory.py:83: in discover_local_candidates
    return _core().discover_installations(
           ^^^^^^^
_ _ _ _ _ _ _ _ _ _ _ _ _ _ _ _ _ _ _ _ _ _ _ _ _ _ _ _ _ _ _ _ _ _ _ _ _ _ _ _

    def _core():
        import nexus_connector_core as core
    
        if core.__version__ != CORE_INVENTORY_VERSION:
>           raise RuntimeError(
                f"Core {CORE_INVENTORY_VERSION} is required for R4 inventory; "
                f"installed {core.__version__}"
            )
E           RuntimeError: Core 0.2.40.dev0 is required for R4 inventory; installed 0.2.41.dev0

..\okto-r4-native-installed-zk_r383i\Lib\site-packages\okto_nexus\adapters\outbound\execution\core_inventory.py:27: RuntimeError
_______________ ERROR at setup of test_gap_replay_and_conflict ________________

fixturedef = <FixtureDef argname='onboarding' scope='function' baseid='test_event_ingress.py'>
request = <SubRequest 'onboarding' for <Function test_gap_replay_and_conflict>>

    @pytest.hookimpl(wrapper=True)
    def pytest_fixture_setup(fixturedef: FixtureDef, request) -> object | None:
        if (
            fixturedef.argname == "event_loop_policy"
            and fixturedef.func.__module__ != __name__
        ):
            warnings.warn(
                PytestDeprecationWarning(_EVENT_LOOP_POLICY_FIXTURE_DEPRECATION_WARNING),
            )
        asyncio_mode = _get_asyncio_mode(request.config)
        if not _is_asyncio_fixture_function(fixturedef.func):
            if asyncio_mode == Mode.STRICT:
                # Ignore async fixtures without explicit asyncio mark in strict mode
                # This applies to pytest_trio fixtures, for example
                return (yield)
            if not _is_coroutine_or_asyncgen(fixturedef.func):
>               return (yield)
                        ^^^^^

..\okto-r4-native-installed-zk_r383i\Lib\site-packages\pytest_asyncio\plugin.py:926: 
_ _ _ _ _ _ _ _ _ _ _ _ _ _ _ _ _ _ _ _ _ _ _ _ _ _ _ _ _ _ _ _ _ _ _ _ _ _ _ _
D:\Projetos\Techridy\okto_labs_okto_nexus\tests\execution_r4\test_binding_operator.py:32: in onboarding
    with TestClient(app, raise_server_exceptions=False) as client:
         ^^^^^^^^^^^^^^^^^^^^^^^^^^^^^^^^^^^^^^^^^^^^^^
..\okto-r4-native-installed-zk_r383i\Lib\site-packages\starlette\testclient.py:517: in __enter__
    portal.call(self.wait_startup)
..\okto-r4-native-installed-zk_r383i\Lib\site-packages\anyio\from_thread.py:340: in call
    return cast(T_Retval, self.start_task_soon(func, *args).result())
                          ^^^^^^^^^^^^^^^^^^^^^^^^^^^^^^^^^^^^^^^^^^
C:\Python313\Lib\concurrent\futures\_base.py:456: in result
    return self.__get_result()
           ^^^^^^^^^^^^^^^^^^^
C:\Python313\Lib\concurrent\futures\_base.py:401: in __get_result
    raise self._exception
..\okto-r4-native-installed-zk_r383i\Lib\site-packages\anyio\from_thread.py:265: in _call_func
    retval = await retval_or_awaitable
             ^^^^^^^^^^^^^^^^^^^^^^^^^
..\okto-r4-native-installed-zk_r383i\Lib\site-packages\starlette\testclient.py:552: in wait_startup
    await receive()
..\okto-r4-native-installed-zk_r383i\Lib\site-packages\starlette\testclient.py:543: in receive
    self.task.result()
C:\Python313\Lib\concurrent\futures\_base.py:449: in result
    return self.__get_result()
           ^^^^^^^^^^^^^^^^^^^
C:\Python313\Lib\concurrent\futures\_base.py:401: in __get_result
    raise self._exception
..\okto-r4-native-installed-zk_r383i\Lib\site-packages\anyio\from_thread.py:265: in _call_func
    retval = await retval_or_awaitable
             ^^^^^^^^^^^^^^^^^^^^^^^^^
..\okto-r4-native-installed-zk_r383i\Lib\site-packages\starlette\testclient.py:533: in lifespan
    await self.app(scope, self.stream_receive.receive, self.stream_send.send)
..\okto-r4-native-installed-zk_r383i\Lib\site-packages\fastapi\applications.py:1202: in __call__
    await lifespan(
..\okto-r4-native-installed-zk_r383i\Lib\site-packages\fastapi\telemetry\_runtime.py:239: in lifespan
    await app(scope, wrapped_receive, wrapped_send)
..\okto-r4-native-installed-zk_r383i\Lib\site-packages\starlette\applications.py:96: in __call__
    await self.middleware_stack(scope, receive, send)
..\okto-r4-native-installed-zk_r383i\Lib\site-packages\starlette\middleware\errors.py:151: in __call__
    await self.app(scope, receive, send)
..\okto-r4-native-installed-zk_r383i\Lib\site-packages\fastapi\telemetry\_asgi.py:151: in __call__
    await self.app(scope, receive, send)
..\okto-r4-native-installed-zk_r383i\Lib\site-packages\starlette\middleware\base.py:103: in __call__
    await self.app(scope, receive, send)
..\okto-r4-native-installed-zk_r383i\Lib\site-packages\starlette\middleware\base.py:103: in __call__
    await self.app(scope, receive, send)
..\okto-r4-native-installed-zk_r383i\Lib\site-packages\starlette\middleware\base.py:103: in __call__
    await self.app(scope, receive, send)
..\okto-r4-native-installed-zk_r383i\Lib\site-packages\starlette\middleware\exceptions.py:49: in __call__
    await self.app(scope, receive, send)
..\okto-r4-native-installed-zk_r383i\Lib\site-packages\fastapi\middleware\asyncexitstack.py:18: in __call__
    await self.app(scope, receive, send)
..\okto-r4-native-installed-zk_r383i\Lib\site-packages\starlette\routing.py:676: in __call__
    await self.middleware_stack(scope, receive, send)
..\okto-r4-native-installed-zk_r383i\Lib\site-packages\fastapi\routing.py:2773: in app
    await self.lifespan(scope, receive, send)
..\okto-r4-native-installed-zk_r383i\Lib\site-packages\starlette\routing.py:654: in lifespan
    async with self.lifespan_context(app) as maybe_state:
               ^^^^^^^^^^^^^^^^^^^^^^^^^^
C:\Python313\Lib\contextlib.py:214: in __aenter__
    return await anext(self.gen)
           ^^^^^^^^^^^^^^^^^^^^^
..\okto-r4-native-installed-zk_r383i\Lib\site-packages\fastapi\routing.py:247: in merged_lifespan
    async with original_context(app) as maybe_original_state:
               ^^^^^^^^^^^^^^^^^^^^^
C:\Python313\Lib\contextlib.py:214: in __aenter__
    return await anext(self.gen)
           ^^^^^^^^^^^^^^^^^^^^^
..\okto-r4-native-installed-zk_r383i\Lib\site-packages\fastapi\routing.py:247: in merged_lifespan
    async with original_context(app) as maybe_original_state:
               ^^^^^^^^^^^^^^^^^^^^^
C:\Python313\Lib\contextlib.py:214: in __aenter__
    return await anext(self.gen)
           ^^^^^^^^^^^^^^^^^^^^^
..\okto-r4-native-installed-zk_r383i\Lib\site-packages\fastapi\routing.py:247: in merged_lifespan
    async with original_context(app) as maybe_original_state:
               ^^^^^^^^^^^^^^^^^^^^^
C:\Python313\Lib\contextlib.py:214: in __aenter__
    return await anext(self.gen)
           ^^^^^^^^^^^^^^^^^^^^^
..\okto-r4-native-installed-zk_r383i\Lib\site-packages\fastapi\routing.py:247: in merged_lifespan
    async with original_context(app) as maybe_original_state:
               ^^^^^^^^^^^^^^^^^^^^^
C:\Python313\Lib\contextlib.py:214: in __aenter__
    return await anext(self.gen)
           ^^^^^^^^^^^^^^^^^^^^^
..\okto-r4-native-installed-zk_r383i\Lib\site-packages\fastapi\routing.py:247: in merged_lifespan
    async with original_context(app) as maybe_original_state:
               ^^^^^^^^^^^^^^^^^^^^^
C:\Python313\Lib\contextlib.py:214: in __aenter__
    return await anext(self.gen)
           ^^^^^^^^^^^^^^^^^^^^^
..\okto-r4-native-installed-zk_r383i\Lib\site-packages\fastapi\routing.py:247: in merged_lifespan
    async with original_context(app) as maybe_original_state:
               ^^^^^^^^^^^^^^^^^^^^^
C:\Python313\Lib\contextlib.py:214: in __aenter__
    return await anext(self.gen)
           ^^^^^^^^^^^^^^^^^^^^^
..\okto-r4-native-installed-zk_r383i\Lib\site-packages\fastapi\routing.py:247: in merged_lifespan
    async with original_context(app) as maybe_original_state:
               ^^^^^^^^^^^^^^^^^^^^^
C:\Python313\Lib\contextlib.py:214: in __aenter__
    return await anext(self.gen)
           ^^^^^^^^^^^^^^^^^^^^^
..\okto-r4-native-installed-zk_r383i\Lib\site-packages\okto_nexus\adapters\inbound\http\app.py:603: in lifespan
    await embedded_inventory.start()
..\okto-r4-native-installed-zk_r383i\Lib\site-packages\okto_nexus\bootstrap\embedded_inventory.py:57: in start
    return await asyncio.shield(self._startup_task)
           ^^^^^^^^^^^^^^^^^^^^^^^^^^^^^^^^^^^^^^^^
..\okto-r4-native-installed-zk_r383i\Lib\site-packages\okto_nexus\bootstrap\embedded_inventory.py:61: in _start
    await self.refresh()
..\okto-r4-native-installed-zk_r383i\Lib\site-packages\okto_nexus\bootstrap\embedded_inventory.py:71: in refresh
    return await asyncio.shield(self._refresh_task)
           ^^^^^^^^^^^^^^^^^^^^^^^^^^^^^^^^^^^^^^^^
..\okto-r4-native-installed-zk_r383i\Lib\site-packages\okto_nexus\bootstrap\embedded_inventory.py:75: in _refresh_owned
    return await self._refresh()
           ^^^^^^^^^^^^^^^^^^^^^
..\okto-r4-native-installed-zk_r383i\Lib\site-packages\okto_nexus\bootstrap\embedded_inventory.py:84: in _refresh
    discovery = await asyncio.to_thread(discover_local_candidates,
C:\Python313\Lib\asyncio\threads.py:25: in to_thread
    return await loop.run_in_executor(None, func_call)
           ^^^^^^^^^^^^^^^^^^^^^^^^^^^^^^^^^^^^^^^^^^^
C:\Python313\Lib\concurrent\futures\thread.py:59: in run
    result = self.fn(*self.args, **self.kwargs)
             ^^^^^^^^^^^^^^^^^^^^^^^^^^^^^^^^^^
..\okto-r4-native-installed-zk_r383i\Lib\site-packages\okto_nexus\adapters\outbound\execution\core_inventory.py:83: in discover_local_candidates
    return _core().discover_installations(
           ^^^^^^^
_ _ _ _ _ _ _ _ _ _ _ _ _ _ _ _ _ _ _ _ _ _ _ _ _ _ _ _ _ _ _ _ _ _ _ _ _ _ _ _

    def _core():
        import nexus_connector_core as core
    
        if core.__version__ != CORE_INVENTORY_VERSION:
>           raise RuntimeError(
                f"Core {CORE_INVENTORY_VERSION} is required for R4 inventory; "
                f"installed {core.__version__}"
            )
E           RuntimeError: Core 0.2.40.dev0 is required for R4 inventory; installed 0.2.41.dev0

..\okto-r4-native-installed-zk_r383i\Lib\site-packages\okto_nexus\adapters\outbound\execution\core_inventory.py:27: RuntimeError
_ ERROR at setup of test_invalid_events_leave_storage_unchanged[wrong_channel] _

fixturedef = <FixtureDef argname='onboarding' scope='function' baseid='test_event_ingress.py'>
request = <SubRequest 'onboarding' for <Function test_invalid_events_leave_storage_unchanged[wrong_channel]>>

    @pytest.hookimpl(wrapper=True)
    def pytest_fixture_setup(fixturedef: FixtureDef, request) -> object | None:
        if (
            fixturedef.argname == "event_loop_policy"
            and fixturedef.func.__module__ != __name__
        ):
            warnings.warn(
                PytestDeprecationWarning(_EVENT_LOOP_POLICY_FIXTURE_DEPRECATION_WARNING),
            )
        asyncio_mode = _get_asyncio_mode(request.config)
        if not _is_asyncio_fixture_function(fixturedef.func):
            if asyncio_mode == Mode.STRICT:
                # Ignore async fixtures without explicit asyncio mark in strict mode
                # This applies to pytest_trio fixtures, for example
                return (yield)
            if not _is_coroutine_or_asyncgen(fixturedef.func):
>               return (yield)
                        ^^^^^

..\okto-r4-native-installed-zk_r383i\Lib\site-packages\pytest_asyncio\plugin.py:926: 
_ _ _ _ _ _ _ _ _ _ _ _ _ _ _ _ _ _ _ _ _ _ _ _ _ _ _ _ _ _ _ _ _ _ _ _ _ _ _ _
D:\Projetos\Techridy\okto_labs_okto_nexus\tests\execution_r4\test_binding_operator.py:32: in onboarding
    with TestClient(app, raise_server_exceptions=False) as client:
         ^^^^^^^^^^^^^^^^^^^^^^^^^^^^^^^^^^^^^^^^^^^^^^
..\okto-r4-native-installed-zk_r383i\Lib\site-packages\starlette\testclient.py:517: in __enter__
    portal.call(self.wait_startup)
..\okto-r4-native-installed-zk_r383i\Lib\site-packages\anyio\from_thread.py:340: in call
    return cast(T_Retval, self.start_task_soon(func, *args).result())
                          ^^^^^^^^^^^^^^^^^^^^^^^^^^^^^^^^^^^^^^^^^^
C:\Python313\Lib\concurrent\futures\_base.py:456: in result
    return self.__get_result()
           ^^^^^^^^^^^^^^^^^^^
C:\Python313\Lib\concurrent\futures\_base.py:401: in __get_result
    raise self._exception
..\okto-r4-native-installed-zk_r383i\Lib\site-packages\anyio\from_thread.py:265: in _call_func
    retval = await retval_or_awaitable
             ^^^^^^^^^^^^^^^^^^^^^^^^^
..\okto-r4-native-installed-zk_r383i\Lib\site-packages\starlette\testclient.py:552: in wait_startup
    await receive()
..\okto-r4-native-installed-zk_r383i\Lib\site-packages\starlette\testclient.py:543: in receive
    self.task.result()
C:\Python313\Lib\concurrent\futures\_base.py:449: in result
    return self.__get_result()
           ^^^^^^^^^^^^^^^^^^^
C:\Python313\Lib\concurrent\futures\_base.py:401: in __get_result
    raise self._exception
..\okto-r4-native-installed-zk_r383i\Lib\site-packages\anyio\from_thread.py:265: in _call_func
    retval = await retval_or_awaitable
             ^^^^^^^^^^^^^^^^^^^^^^^^^
..\okto-r4-native-installed-zk_r383i\Lib\site-packages\starlette\testclient.py:533: in lifespan
    await self.app(scope, self.stream_receive.receive, self.stream_send.send)
..\okto-r4-native-installed-zk_r383i\Lib\site-packages\fastapi\applications.py:1202: in __call__
    await lifespan(
..\okto-r4-native-installed-zk_r383i\Lib\site-packages\fastapi\telemetry\_runtime.py:239: in lifespan
    await app(scope, wrapped_receive, wrapped_send)
..\okto-r4-native-installed-zk_r383i\Lib\site-packages\starlette\applications.py:96: in __call__
    await self.middleware_stack(scope, receive, send)
..\okto-r4-native-installed-zk_r383i\Lib\site-packages\starlette\middleware\errors.py:151: in __call__
    await self.app(scope, receive, send)
..\okto-r4-native-installed-zk_r383i\Lib\site-packages\fastapi\telemetry\_asgi.py:151: in __call__
    await self.app(scope, receive, send)
..\okto-r4-native-installed-zk_r383i\Lib\site-packages\starlette\middleware\base.py:103: in __call__
    await self.app(scope, receive, send)
..\okto-r4-native-installed-zk_r383i\Lib\site-packages\starlette\middleware\base.py:103: in __call__
    await self.app(scope, receive, send)
..\okto-r4-native-installed-zk_r383i\Lib\site-packages\starlette\middleware\base.py:103: in __call__
    await self.app(scope, receive, send)
..\okto-r4-native-installed-zk_r383i\Lib\site-packages\starlette\middleware\exceptions.py:49: in __call__
    await self.app(scope, receive, send)
..\okto-r4-native-installed-zk_r383i\Lib\site-packages\fastapi\middleware\asyncexitstack.py:18: in __call__
    await self.app(scope, receive, send)
..\okto-r4-native-installed-zk_r383i\Lib\site-packages\starlette\routing.py:676: in __call__
    await self.middleware_stack(scope, receive, send)
..\okto-r4-native-installed-zk_r383i\Lib\site-packages\fastapi\routing.py:2773: in app
    await self.lifespan(scope, receive, send)
..\okto-r4-native-installed-zk_r383i\Lib\site-packages\starlette\routing.py:654: in lifespan
    async with self.lifespan_context(app) as maybe_state:
               ^^^^^^^^^^^^^^^^^^^^^^^^^^
C:\Python313\Lib\contextlib.py:214: in __aenter__
    return await anext(self.gen)
           ^^^^^^^^^^^^^^^^^^^^^
..\okto-r4-native-installed-zk_r383i\Lib\site-packages\fastapi\routing.py:247: in merged_lifespan
    async with original_context(app) as maybe_original_state:
               ^^^^^^^^^^^^^^^^^^^^^
C:\Python313\Lib\contextlib.py:214: in __aenter__
    return await anext(self.gen)
           ^^^^^^^^^^^^^^^^^^^^^
..\okto-r4-native-installed-zk_r383i\Lib\site-packages\fastapi\routing.py:247: in merged_lifespan
    async with original_context(app) as maybe_original_state:
               ^^^^^^^^^^^^^^^^^^^^^
C:\Python313\Lib\contextlib.py:214: in __aenter__
    return await anext(self.gen)
           ^^^^^^^^^^^^^^^^^^^^^
..\okto-r4-native-installed-zk_r383i\Lib\site-packages\fastapi\routing.py:247: in merged_lifespan
    async with original_context(app) as maybe_original_state:
               ^^^^^^^^^^^^^^^^^^^^^
C:\Python313\Lib\contextlib.py:214: in __aenter__
    return await anext(self.gen)
           ^^^^^^^^^^^^^^^^^^^^^
..\okto-r4-native-installed-zk_r383i\Lib\site-packages\fastapi\routing.py:247: in merged_lifespan
    async with original_context(app) as maybe_original_state:
               ^^^^^^^^^^^^^^^^^^^^^
C:\Python313\Lib\contextlib.py:214: in __aenter__
    return await anext(self.gen)
           ^^^^^^^^^^^^^^^^^^^^^
..\okto-r4-native-installed-zk_r383i\Lib\site-packages\fastapi\routing.py:247: in merged_lifespan
    async with original_context(app) as maybe_original_state:
               ^^^^^^^^^^^^^^^^^^^^^
C:\Python313\Lib\contextlib.py:214: in __aenter__
    return await anext(self.gen)
           ^^^^^^^^^^^^^^^^^^^^^
..\okto-r4-native-installed-zk_r383i\Lib\site-packages\fastapi\routing.py:247: in merged_lifespan
    async with original_context(app) as maybe_original_state:
               ^^^^^^^^^^^^^^^^^^^^^
C:\Python313\Lib\contextlib.py:214: in __aenter__
    return await anext(self.gen)
           ^^^^^^^^^^^^^^^^^^^^^
..\okto-r4-native-installed-zk_r383i\Lib\site-packages\fastapi\routing.py:247: in merged_lifespan
    async with original_context(app) as maybe_original_state:
               ^^^^^^^^^^^^^^^^^^^^^
C:\Python313\Lib\contextlib.py:214: in __aenter__
    return await anext(self.gen)
           ^^^^^^^^^^^^^^^^^^^^^
..\okto-r4-native-installed-zk_r383i\Lib\site-packages\okto_nexus\adapters\inbound\http\app.py:603: in lifespan
    await embedded_inventory.start()
..\okto-r4-native-installed-zk_r383i\Lib\site-packages\okto_nexus\bootstrap\embedded_inventory.py:57: in start
    return await asyncio.shield(self._startup_task)
           ^^^^^^^^^^^^^^^^^^^^^^^^^^^^^^^^^^^^^^^^
..\okto-r4-native-installed-zk_r383i\Lib\site-packages\okto_nexus\bootstrap\embedded_inventory.py:61: in _start
    await self.refresh()
..\okto-r4-native-installed-zk_r383i\Lib\site-packages\okto_nexus\bootstrap\embedded_inventory.py:71: in refresh
    return await asyncio.shield(self._refresh_task)
           ^^^^^^^^^^^^^^^^^^^^^^^^^^^^^^^^^^^^^^^^
..\okto-r4-native-installed-zk_r383i\Lib\site-packages\okto_nexus\bootstrap\embedded_inventory.py:75: in _refresh_owned
    return await self._refresh()
           ^^^^^^^^^^^^^^^^^^^^^
..\okto-r4-native-installed-zk_r383i\Lib\site-packages\okto_nexus\bootstrap\embedded_inventory.py:84: in _refresh
    discovery = await asyncio.to_thread(discover_local_candidates,
C:\Python313\Lib\asyncio\threads.py:25: in to_thread
    return await loop.run_in_executor(None, func_call)
           ^^^^^^^^^^^^^^^^^^^^^^^^^^^^^^^^^^^^^^^^^^^
C:\Python313\Lib\concurrent\futures\thread.py:59: in run
    result = self.fn(*self.args, **self.kwargs)
             ^^^^^^^^^^^^^^^^^^^^^^^^^^^^^^^^^^
..\okto-r4-native-installed-zk_r383i\Lib\site-packages\okto_nexus\adapters\outbound\execution\core_inventory.py:83: in discover_local_candidates
    return _core().discover_installations(
           ^^^^^^^
_ _ _ _ _ _ _ _ _ _ _ _ _ _ _ _ _ _ _ _ _ _ _ _ _ _ _ _ _ _ _ _ _ _ _ _ _ _ _ _

    def _core():
        import nexus_connector_core as core
    
        if core.__version__ != CORE_INVENTORY_VERSION:
>           raise RuntimeError(
                f"Core {CORE_INVENTORY_VERSION} is required for R4 inventory; "
                f"installed {core.__version__}"
            )
E           RuntimeError: Core 0.2.40.dev0 is required for R4 inventory; installed 0.2.41.dev0

..\okto-r4-native-installed-zk_r383i\Lib\site-packages\okto_nexus\adapters\outbound\execution\core_inventory.py:27: RuntimeError
_ ERROR at setup of test_invalid_events_leave_storage_unchanged[wrong_event_scope] _

fixturedef = <FixtureDef argname='onboarding' scope='function' baseid='test_event_ingress.py'>
request = <SubRequest 'onboarding' for <Function test_invalid_events_leave_storage_unchanged[wrong_event_scope]>>

    @pytest.hookimpl(wrapper=True)
    def pytest_fixture_setup(fixturedef: FixtureDef, request) -> object | None:
        if (
            fixturedef.argname == "event_loop_policy"
            and fixturedef.func.__module__ != __name__
        ):
            warnings.warn(
                PytestDeprecationWarning(_EVENT_LOOP_POLICY_FIXTURE_DEPRECATION_WARNING),
            )
        asyncio_mode = _get_asyncio_mode(request.config)
        if not _is_asyncio_fixture_function(fixturedef.func):
            if asyncio_mode == Mode.STRICT:
                # Ignore async fixtures without explicit asyncio mark in strict mode
                # This applies to pytest_trio fixtures, for example
                return (yield)
            if not _is_coroutine_or_asyncgen(fixturedef.func):
>               return (yield)
                        ^^^^^

..\okto-r4-native-installed-zk_r383i\Lib\site-packages\pytest_asyncio\plugin.py:926: 
_ _ _ _ _ _ _ _ _ _ _ _ _ _ _ _ _ _ _ _ _ _ _ _ _ _ _ _ _ _ _ _ _ _ _ _ _ _ _ _
D:\Projetos\Techridy\okto_labs_okto_nexus\tests\execution_r4\test_binding_operator.py:32: in onboarding
    with TestClient(app, raise_server_exceptions=False) as client:
         ^^^^^^^^^^^^^^^^^^^^^^^^^^^^^^^^^^^^^^^^^^^^^^
..\okto-r4-native-installed-zk_r383i\Lib\site-packages\starlette\testclient.py:517: in __enter__
    portal.call(self.wait_startup)
..\okto-r4-native-installed-zk_r383i\Lib\site-packages\anyio\from_thread.py:340: in call
    return cast(T_Retval, self.start_task_soon(func, *args).result())
                          ^^^^^^^^^^^^^^^^^^^^^^^^^^^^^^^^^^^^^^^^^^
C:\Python313\Lib\concurrent\futures\_base.py:456: in result
    return self.__get_result()
           ^^^^^^^^^^^^^^^^^^^
C:\Python313\Lib\concurrent\futures\_base.py:401: in __get_result
    raise self._exception
..\okto-r4-native-installed-zk_r383i\Lib\site-packages\anyio\from_thread.py:265: in _call_func
    retval = await retval_or_awaitable
             ^^^^^^^^^^^^^^^^^^^^^^^^^
..\okto-r4-native-installed-zk_r383i\Lib\site-packages\starlette\testclient.py:552: in wait_startup
    await receive()
..\okto-r4-native-installed-zk_r383i\Lib\site-packages\starlette\testclient.py:543: in receive
    self.task.result()
C:\Python313\Lib\concurrent\futures\_base.py:449: in result
    return self.__get_result()
           ^^^^^^^^^^^^^^^^^^^
C:\Python313\Lib\concurrent\futures\_base.py:401: in __get_result
    raise self._exception
..\okto-r4-native-installed-zk_r383i\Lib\site-packages\anyio\from_thread.py:265: in _call_func
    retval = await retval_or_awaitable
             ^^^^^^^^^^^^^^^^^^^^^^^^^
..\okto-r4-native-installed-zk_r383i\Lib\site-packages\starlette\testclient.py:533: in lifespan
    await self.app(scope, self.stream_receive.receive, self.stream_send.send)
..\okto-r4-native-installed-zk_r383i\Lib\site-packages\fastapi\applications.py:1202: in __call__
    await lifespan(
..\okto-r4-native-installed-zk_r383i\Lib\site-packages\fastapi\telemetry\_runtime.py:239: in lifespan
    await app(scope, wrapped_receive, wrapped_send)
..\okto-r4-native-installed-zk_r383i\Lib\site-packages\starlette\applications.py:96: in __call__
    await self.middleware_stack(scope, receive, send)
..\okto-r4-native-installed-zk_r383i\Lib\site-packages\starlette\middleware\errors.py:151: in __call__
    await self.app(scope, receive, send)
..\okto-r4-native-installed-zk_r383i\Lib\site-packages\fastapi\telemetry\_asgi.py:151: in __call__
    await self.app(scope, receive, send)
..\okto-r4-native-installed-zk_r383i\Lib\site-packages\starlette\middleware\base.py:103: in __call__
    await self.app(scope, receive, send)
..\okto-r4-native-installed-zk_r383i\Lib\site-packages\starlette\middleware\base.py:103: in __call__
    await self.app(scope, receive, send)
..\okto-r4-native-installed-zk_r383i\Lib\site-packages\starlette\middleware\base.py:103: in __call__
    await self.app(scope, receive, send)
..\okto-r4-native-installed-zk_r383i\Lib\site-packages\starlette\middleware\exceptions.py:49: in __call__
    await self.app(scope, receive, send)
..\okto-r4-native-installed-zk_r383i\Lib\site-packages\fastapi\middleware\asyncexitstack.py:18: in __call__
    await self.app(scope, receive, send)
..\okto-r4-native-installed-zk_r383i\Lib\site-packages\starlette\routing.py:676: in __call__
    await self.middleware_stack(scope, receive, send)
..\okto-r4-native-installed-zk_r383i\Lib\site-packages\fastapi\routing.py:2773: in app
    await self.lifespan(scope, receive, send)
..\okto-r4-native-installed-zk_r383i\Lib\site-packages\starlette\routing.py:654: in lifespan
    async with self.lifespan_context(app) as maybe_state:
               ^^^^^^^^^^^^^^^^^^^^^^^^^^
C:\Python313\Lib\contextlib.py:214: in __aenter__
    return await anext(self.gen)
           ^^^^^^^^^^^^^^^^^^^^^
..\okto-r4-native-installed-zk_r383i\Lib\site-packages\fastapi\routing.py:247: in merged_lifespan
    async with original_context(app) as maybe_original_state:
               ^^^^^^^^^^^^^^^^^^^^^
C:\Python313\Lib\contextlib.py:214: in __aenter__
    return await anext(self.gen)
           ^^^^^^^^^^^^^^^^^^^^^
..\okto-r4-native-installed-zk_r383i\Lib\site-packages\fastapi\routing.py:247: in merged_lifespan
    async with original_context(app) as maybe_original_state:
               ^^^^^^^^^^^^^^^^^^^^^
C:\Python313\Lib\contextlib.py:214: in __aenter__
    return await anext(self.gen)
           ^^^^^^^^^^^^^^^^^^^^^
..\okto-r4-native-installed-zk_r383i\Lib\site-packages\fastapi\routing.py:247: in merged_lifespan
    async with original_context(app) as maybe_original_state:
               ^^^^^^^^^^^^^^^^^^^^^
C:\Python313\Lib\contextlib.py:214: in __aenter__
    return await anext(self.gen)
           ^^^^^^^^^^^^^^^^^^^^^
..\okto-r4-native-installed-zk_r383i\Lib\site-packages\fastapi\routing.py:247: in merged_lifespan
    async with original_context(app) as maybe_original_state:
               ^^^^^^^^^^^^^^^^^^^^^
C:\Python313\Lib\contextlib.py:214: in __aenter__
    return await anext(self.gen)
           ^^^^^^^^^^^^^^^^^^^^^
..\okto-r4-native-installed-zk_r383i\Lib\site-packages\fastapi\routing.py:247: in merged_lifespan
    async with original_context(app) as maybe_original_state:
               ^^^^^^^^^^^^^^^^^^^^^
C:\Python313\Lib\contextlib.py:214: in __aenter__
    return await anext(self.gen)
           ^^^^^^^^^^^^^^^^^^^^^
..\okto-r4-native-installed-zk_r383i\Lib\site-packages\fastapi\routing.py:247: in merged_lifespan
    async with original_context(app) as maybe_original_state:
               ^^^^^^^^^^^^^^^^^^^^^
C:\Python313\Lib\contextlib.py:214: in __aenter__
    return await anext(self.gen)
           ^^^^^^^^^^^^^^^^^^^^^
..\okto-r4-native-installed-zk_r383i\Lib\site-packages\fastapi\routing.py:247: in merged_lifespan
    async with original_context(app) as maybe_original_state:
               ^^^^^^^^^^^^^^^^^^^^^
C:\Python313\Lib\contextlib.py:214: in __aenter__
    return await anext(self.gen)
           ^^^^^^^^^^^^^^^^^^^^^
..\okto-r4-native-installed-zk_r383i\Lib\site-packages\okto_nexus\adapters\inbound\http\app.py:603: in lifespan
    await embedded_inventory.start()
..\okto-r4-native-installed-zk_r383i\Lib\site-packages\okto_nexus\bootstrap\embedded_inventory.py:57: in start
    return await asyncio.shield(self._startup_task)
           ^^^^^^^^^^^^^^^^^^^^^^^^^^^^^^^^^^^^^^^^
..\okto-r4-native-installed-zk_r383i\Lib\site-packages\okto_nexus\bootstrap\embedded_inventory.py:61: in _start
    await self.refresh()
..\okto-r4-native-installed-zk_r383i\Lib\site-packages\okto_nexus\bootstrap\embedded_inventory.py:71: in refresh
    return await asyncio.shield(self._refresh_task)
           ^^^^^^^^^^^^^^^^^^^^^^^^^^^^^^^^^^^^^^^^
..\okto-r4-native-installed-zk_r383i\Lib\site-packages\okto_nexus\bootstrap\embedded_inventory.py:75: in _refresh_owned
    return await self._refresh()
           ^^^^^^^^^^^^^^^^^^^^^
..\okto-r4-native-installed-zk_r383i\Lib\site-packages\okto_nexus\bootstrap\embedded_inventory.py:84: in _refresh
    discovery = await asyncio.to_thread(discover_local_candidates,
C:\Python313\Lib\asyncio\threads.py:25: in to_thread
    return await loop.run_in_executor(None, func_call)
           ^^^^^^^^^^^^^^^^^^^^^^^^^^^^^^^^^^^^^^^^^^^
C:\Python313\Lib\concurrent\futures\thread.py:59: in run
    result = self.fn(*self.args, **self.kwargs)
             ^^^^^^^^^^^^^^^^^^^^^^^^^^^^^^^^^^
..\okto-r4-native-installed-zk_r383i\Lib\site-packages\okto_nexus\adapters\outbound\execution\core_inventory.py:83: in discover_local_candidates
    return _core().discover_installations(
           ^^^^^^^
_ _ _ _ _ _ _ _ _ _ _ _ _ _ _ _ _ _ _ _ _ _ _ _ _ _ _ _ _ _ _ _ _ _ _ _ _ _ _ _

    def _core():
        import nexus_connector_core as core
    
        if core.__version__ != CORE_INVENTORY_VERSION:
>           raise RuntimeError(
                f"Core {CORE_INVENTORY_VERSION} is required for R4 inventory; "
                f"installed {core.__version__}"
            )
E           RuntimeError: Core 0.2.40.dev0 is required for R4 inventory; installed 0.2.41.dev0

..\okto-r4-native-installed-zk_r383i\Lib\site-packages\okto_nexus\adapters\outbound\execution\core_inventory.py:27: RuntimeError
_ ERROR at setup of test_invalid_events_leave_storage_unchanged[wrong_session] _

fixturedef = <FixtureDef argname='onboarding' scope='function' baseid='test_event_ingress.py'>
request = <SubRequest 'onboarding' for <Function test_invalid_events_leave_storage_unchanged[wrong_session]>>

    @pytest.hookimpl(wrapper=True)
    def pytest_fixture_setup(fixturedef: FixtureDef, request) -> object | None:
        if (
            fixturedef.argname == "event_loop_policy"
            and fixturedef.func.__module__ != __name__
        ):
            warnings.warn(
                PytestDeprecationWarning(_EVENT_LOOP_POLICY_FIXTURE_DEPRECATION_WARNING),
            )
        asyncio_mode = _get_asyncio_mode(request.config)
        if not _is_asyncio_fixture_function(fixturedef.func):
            if asyncio_mode == Mode.STRICT:
                # Ignore async fixtures without explicit asyncio mark in strict mode
                # This applies to pytest_trio fixtures, for example
                return (yield)
            if not _is_coroutine_or_asyncgen(fixturedef.func):
>               return (yield)
                        ^^^^^

..\okto-r4-native-installed-zk_r383i\Lib\site-packages\pytest_asyncio\plugin.py:926: 
_ _ _ _ _ _ _ _ _ _ _ _ _ _ _ _ _ _ _ _ _ _ _ _ _ _ _ _ _ _ _ _ _ _ _ _ _ _ _ _
D:\Projetos\Techridy\okto_labs_okto_nexus\tests\execution_r4\test_binding_operator.py:32: in onboarding
    with TestClient(app, raise_server_exceptions=False) as client:
         ^^^^^^^^^^^^^^^^^^^^^^^^^^^^^^^^^^^^^^^^^^^^^^
..\okto-r4-native-installed-zk_r383i\Lib\site-packages\starlette\testclient.py:517: in __enter__
    portal.call(self.wait_startup)
..\okto-r4-native-installed-zk_r383i\Lib\site-packages\anyio\from_thread.py:340: in call
    return cast(T_Retval, self.start_task_soon(func, *args).result())
                          ^^^^^^^^^^^^^^^^^^^^^^^^^^^^^^^^^^^^^^^^^^
C:\Python313\Lib\concurrent\futures\_base.py:456: in result
    return self.__get_result()
           ^^^^^^^^^^^^^^^^^^^
C:\Python313\Lib\concurrent\futures\_base.py:401: in __get_result
    raise self._exception
..\okto-r4-native-installed-zk_r383i\Lib\site-packages\anyio\from_thread.py:265: in _call_func
    retval = await retval_or_awaitable
             ^^^^^^^^^^^^^^^^^^^^^^^^^
..\okto-r4-native-installed-zk_r383i\Lib\site-packages\starlette\testclient.py:552: in wait_startup
    await receive()
..\okto-r4-native-installed-zk_r383i\Lib\site-packages\starlette\testclient.py:543: in receive
    self.task.result()
C:\Python313\Lib\concurrent\futures\_base.py:449: in result
    return self.__get_result()
           ^^^^^^^^^^^^^^^^^^^
C:\Python313\Lib\concurrent\futures\_base.py:401: in __get_result
    raise self._exception
..\okto-r4-native-installed-zk_r383i\Lib\site-packages\anyio\from_thread.py:265: in _call_func
    retval = await retval_or_awaitable
             ^^^^^^^^^^^^^^^^^^^^^^^^^
..\okto-r4-native-installed-zk_r383i\Lib\site-packages\starlette\testclient.py:533: in lifespan
    await self.app(scope, self.stream_receive.receive, self.stream_send.send)
..\okto-r4-native-installed-zk_r383i\Lib\site-packages\fastapi\applications.py:1202: in __call__
    await lifespan(
..\okto-r4-native-installed-zk_r383i\Lib\site-packages\fastapi\telemetry\_runtime.py:239: in lifespan
    await app(scope, wrapped_receive, wrapped_send)
..\okto-r4-native-installed-zk_r383i\Lib\site-packages\starlette\applications.py:96: in __call__
    await self.middleware_stack(scope, receive, send)
..\okto-r4-native-installed-zk_r383i\Lib\site-packages\starlette\middleware\errors.py:151: in __call__
    await self.app(scope, receive, send)
..\okto-r4-native-installed-zk_r383i\Lib\site-packages\fastapi\telemetry\_asgi.py:151: in __call__
    await self.app(scope, receive, send)
..\okto-r4-native-installed-zk_r383i\Lib\site-packages\starlette\middleware\base.py:103: in __call__
    await self.app(scope, receive, send)
..\okto-r4-native-installed-zk_r383i\Lib\site-packages\starlette\middleware\base.py:103: in __call__
    await self.app(scope, receive, send)
..\okto-r4-native-installed-zk_r383i\Lib\site-packages\starlette\middleware\base.py:103: in __call__
    await self.app(scope, receive, send)
..\okto-r4-native-installed-zk_r383i\Lib\site-packages\starlette\middleware\exceptions.py:49: in __call__
    await self.app(scope, receive, send)
..\okto-r4-native-installed-zk_r383i\Lib\site-packages\fastapi\middleware\asyncexitstack.py:18: in __call__
    await self.app(scope, receive, send)
..\okto-r4-native-installed-zk_r383i\Lib\site-packages\starlette\routing.py:676: in __call__
    await self.middleware_stack(scope, receive, send)
..\okto-r4-native-installed-zk_r383i\Lib\site-packages\fastapi\routing.py:2773: in app
    await self.lifespan(scope, receive, send)
..\okto-r4-native-installed-zk_r383i\Lib\site-packages\starlette\routing.py:654: in lifespan
    async with self.lifespan_context(app) as maybe_state:
               ^^^^^^^^^^^^^^^^^^^^^^^^^^
C:\Python313\Lib\contextlib.py:214: in __aenter__
    return await anext(self.gen)
           ^^^^^^^^^^^^^^^^^^^^^
..\okto-r4-native-installed-zk_r383i\Lib\site-packages\fastapi\routing.py:247: in merged_lifespan
    async with original_context(app) as maybe_original_state:
               ^^^^^^^^^^^^^^^^^^^^^
C:\Python313\Lib\contextlib.py:214: in __aenter__
    return await anext(self.gen)
           ^^^^^^^^^^^^^^^^^^^^^
..\okto-r4-native-installed-zk_r383i\Lib\site-packages\fastapi\routing.py:247: in merged_lifespan
    async with original_context(app) as maybe_original_state:
               ^^^^^^^^^^^^^^^^^^^^^
C:\Python313\Lib\contextlib.py:214: in __aenter__
    return await anext(self.gen)
           ^^^^^^^^^^^^^^^^^^^^^
..\okto-r4-native-installed-zk_r383i\Lib\site-packages\fastapi\routing.py:247: in merged_lifespan
    async with original_context(app) as maybe_original_state:
               ^^^^^^^^^^^^^^^^^^^^^
C:\Python313\Lib\contextlib.py:214: in __aenter__
    return await anext(self.gen)
           ^^^^^^^^^^^^^^^^^^^^^
..\okto-r4-native-installed-zk_r383i\Lib\site-packages\fastapi\routing.py:247: in merged_lifespan
    async with original_context(app) as maybe_original_state:
               ^^^^^^^^^^^^^^^^^^^^^
C:\Python313\Lib\contextlib.py:214: in __aenter__
    return await anext(self.gen)
           ^^^^^^^^^^^^^^^^^^^^^
..\okto-r4-native-installed-zk_r383i\Lib\site-packages\fastapi\routing.py:247: in merged_lifespan
    async with original_context(app) as maybe_original_state:
               ^^^^^^^^^^^^^^^^^^^^^
C:\Python313\Lib\contextlib.py:214: in __aenter__
    return await anext(self.gen)
           ^^^^^^^^^^^^^^^^^^^^^
..\okto-r4-native-installed-zk_r383i\Lib\site-packages\fastapi\routing.py:247: in merged_lifespan
    async with original_context(app) as maybe_original_state:
               ^^^^^^^^^^^^^^^^^^^^^
C:\Python313\Lib\contextlib.py:214: in __aenter__
    return await anext(self.gen)
           ^^^^^^^^^^^^^^^^^^^^^
..\okto-r4-native-installed-zk_r383i\Lib\site-packages\fastapi\routing.py:247: in merged_lifespan
    async with original_context(app) as maybe_original_state:
               ^^^^^^^^^^^^^^^^^^^^^
C:\Python313\Lib\contextlib.py:214: in __aenter__
    return await anext(self.gen)
           ^^^^^^^^^^^^^^^^^^^^^
..\okto-r4-native-installed-zk_r383i\Lib\site-packages\okto_nexus\adapters\inbound\http\app.py:603: in lifespan
    await embedded_inventory.start()
..\okto-r4-native-installed-zk_r383i\Lib\site-packages\okto_nexus\bootstrap\embedded_inventory.py:57: in start
    return await asyncio.shield(self._startup_task)
           ^^^^^^^^^^^^^^^^^^^^^^^^^^^^^^^^^^^^^^^^
..\okto-r4-native-installed-zk_r383i\Lib\site-packages\okto_nexus\bootstrap\embedded_inventory.py:61: in _start
    await self.refresh()
..\okto-r4-native-installed-zk_r383i\Lib\site-packages\okto_nexus\bootstrap\embedded_inventory.py:71: in refresh
    return await asyncio.shield(self._refresh_task)
           ^^^^^^^^^^^^^^^^^^^^^^^^^^^^^^^^^^^^^^^^
..\okto-r4-native-installed-zk_r383i\Lib\site-packages\okto_nexus\bootstrap\embedded_inventory.py:75: in _refresh_owned
    return await self._refresh()
           ^^^^^^^^^^^^^^^^^^^^^
..\okto-r4-native-installed-zk_r383i\Lib\site-packages\okto_nexus\bootstrap\embedded_inventory.py:84: in _refresh
    discovery = await asyncio.to_thread(discover_local_candidates,
C:\Python313\Lib\asyncio\threads.py:25: in to_thread
    return await loop.run_in_executor(None, func_call)
           ^^^^^^^^^^^^^^^^^^^^^^^^^^^^^^^^^^^^^^^^^^^
C:\Python313\Lib\concurrent\futures\thread.py:59: in run
    result = self.fn(*self.args, **self.kwargs)
             ^^^^^^^^^^^^^^^^^^^^^^^^^^^^^^^^^^
..\okto-r4-native-installed-zk_r383i\Lib\site-packages\okto_nexus\adapters\outbound\execution\core_inventory.py:83: in discover_local_candidates
    return _core().discover_installations(
           ^^^^^^^
_ _ _ _ _ _ _ _ _ _ _ _ _ _ _ _ _ _ _ _ _ _ _ _ _ _ _ _ _ _ _ _ _ _ _ _ _ _ _ _

    def _core():
        import nexus_connector_core as core
    
        if core.__version__ != CORE_INVENTORY_VERSION:
>           raise RuntimeError(
                f"Core {CORE_INVENTORY_VERSION} is required for R4 inventory; "
                f"installed {core.__version__}"
            )
E           RuntimeError: Core 0.2.40.dev0 is required for R4 inventory; installed 0.2.41.dev0

..\okto-r4-native-installed-zk_r383i\Lib\site-packages\okto_nexus\adapters\outbound\execution\core_inventory.py:27: RuntimeError
_ ERROR at setup of test_invalid_events_leave_storage_unchanged[wrong_binding] _

fixturedef = <FixtureDef argname='onboarding' scope='function' baseid='test_event_ingress.py'>
request = <SubRequest 'onboarding' for <Function test_invalid_events_leave_storage_unchanged[wrong_binding]>>

    @pytest.hookimpl(wrapper=True)
    def pytest_fixture_setup(fixturedef: FixtureDef, request) -> object | None:
        if (
            fixturedef.argname == "event_loop_policy"
            and fixturedef.func.__module__ != __name__
        ):
            warnings.warn(
                PytestDeprecationWarning(_EVENT_LOOP_POLICY_FIXTURE_DEPRECATION_WARNING),
            )
        asyncio_mode = _get_asyncio_mode(request.config)
        if not _is_asyncio_fixture_function(fixturedef.func):
            if asyncio_mode == Mode.STRICT:
                # Ignore async fixtures without explicit asyncio mark in strict mode
                # This applies to pytest_trio fixtures, for example
                return (yield)
            if not _is_coroutine_or_asyncgen(fixturedef.func):
>               return (yield)
                        ^^^^^

..\okto-r4-native-installed-zk_r383i\Lib\site-packages\pytest_asyncio\plugin.py:926: 
_ _ _ _ _ _ _ _ _ _ _ _ _ _ _ _ _ _ _ _ _ _ _ _ _ _ _ _ _ _ _ _ _ _ _ _ _ _ _ _
D:\Projetos\Techridy\okto_labs_okto_nexus\tests\execution_r4\test_binding_operator.py:32: in onboarding
    with TestClient(app, raise_server_exceptions=False) as client:
         ^^^^^^^^^^^^^^^^^^^^^^^^^^^^^^^^^^^^^^^^^^^^^^
..\okto-r4-native-installed-zk_r383i\Lib\site-packages\starlette\testclient.py:517: in __enter__
    portal.call(self.wait_startup)
..\okto-r4-native-installed-zk_r383i\Lib\site-packages\anyio\from_thread.py:340: in call
    return cast(T_Retval, self.start_task_soon(func, *args).result())
                          ^^^^^^^^^^^^^^^^^^^^^^^^^^^^^^^^^^^^^^^^^^
C:\Python313\Lib\concurrent\futures\_base.py:456: in result
    return self.__get_result()
           ^^^^^^^^^^^^^^^^^^^
C:\Python313\Lib\concurrent\futures\_base.py:401: in __get_result
    raise self._exception
..\okto-r4-native-installed-zk_r383i\Lib\site-packages\anyio\from_thread.py:265: in _call_func
    retval = await retval_or_awaitable
             ^^^^^^^^^^^^^^^^^^^^^^^^^
..\okto-r4-native-installed-zk_r383i\Lib\site-packages\starlette\testclient.py:552: in wait_startup
    await receive()
..\okto-r4-native-installed-zk_r383i\Lib\site-packages\starlette\testclient.py:543: in receive
    self.task.result()
C:\Python313\Lib\concurrent\futures\_base.py:449: in result
    return self.__get_result()
           ^^^^^^^^^^^^^^^^^^^
C:\Python313\Lib\concurrent\futures\_base.py:401: in __get_result
    raise self._exception
..\okto-r4-native-installed-zk_r383i\Lib\site-packages\anyio\from_thread.py:265: in _call_func
    retval = await retval_or_awaitable
             ^^^^^^^^^^^^^^^^^^^^^^^^^
..\okto-r4-native-installed-zk_r383i\Lib\site-packages\starlette\testclient.py:533: in lifespan
    await self.app(scope, self.stream_receive.receive, self.stream_send.send)
..\okto-r4-native-installed-zk_r383i\Lib\site-packages\fastapi\applications.py:1202: in __call__
    await lifespan(
..\okto-r4-native-installed-zk_r383i\Lib\site-packages\fastapi\telemetry\_runtime.py:239: in lifespan
    await app(scope, wrapped_receive, wrapped_send)
..\okto-r4-native-installed-zk_r383i\Lib\site-packages\starlette\applications.py:96: in __call__
    await self.middleware_stack(scope, receive, send)
..\okto-r4-native-installed-zk_r383i\Lib\site-packages\starlette\middleware\errors.py:151: in __call__
    await self.app(scope, receive, send)
..\okto-r4-native-installed-zk_r383i\Lib\site-packages\fastapi\telemetry\_asgi.py:151: in __call__
    await self.app(scope, receive, send)
..\okto-r4-native-installed-zk_r383i\Lib\site-packages\starlette\middleware\base.py:103: in __call__
    await self.app(scope, receive, send)
..\okto-r4-native-installed-zk_r383i\Lib\site-packages\starlette\middleware\base.py:103: in __call__
    await self.app(scope, receive, send)
..\okto-r4-native-installed-zk_r383i\Lib\site-packages\starlette\middleware\base.py:103: in __call__
    await self.app(scope, receive, send)
..\okto-r4-native-installed-zk_r383i\Lib\site-packages\starlette\middleware\exceptions.py:49: in __call__
    await self.app(scope, receive, send)
..\okto-r4-native-installed-zk_r383i\Lib\site-packages\fastapi\middleware\asyncexitstack.py:18: in __call__
    await self.app(scope, receive, send)
..\okto-r4-native-installed-zk_r383i\Lib\site-packages\starlette\routing.py:676: in __call__
    await self.middleware_stack(scope, receive, send)
..\okto-r4-native-installed-zk_r383i\Lib\site-packages\fastapi\routing.py:2773: in app
    await self.lifespan(scope, receive, send)
..\okto-r4-native-installed-zk_r383i\Lib\site-packages\starlette\routing.py:654: in lifespan
    async with self.lifespan_context(app) as maybe_state:
               ^^^^^^^^^^^^^^^^^^^^^^^^^^
C:\Python313\Lib\contextlib.py:214: in __aenter__
    return await anext(self.gen)
           ^^^^^^^^^^^^^^^^^^^^^
..\okto-r4-native-installed-zk_r383i\Lib\site-packages\fastapi\routing.py:247: in merged_lifespan
    async with original_context(app) as maybe_original_state:
               ^^^^^^^^^^^^^^^^^^^^^
C:\Python313\Lib\contextlib.py:214: in __aenter__
    return await anext(self.gen)
           ^^^^^^^^^^^^^^^^^^^^^
..\okto-r4-native-installed-zk_r383i\Lib\site-packages\fastapi\routing.py:247: in merged_lifespan
    async with original_context(app) as maybe_original_state:
               ^^^^^^^^^^^^^^^^^^^^^
C:\Python313\Lib\contextlib.py:214: in __aenter__
    return await anext(self.gen)
           ^^^^^^^^^^^^^^^^^^^^^
..\okto-r4-native-installed-zk_r383i\Lib\site-packages\fastapi\routing.py:247: in merged_lifespan
    async with original_context(app) as maybe_original_state:
               ^^^^^^^^^^^^^^^^^^^^^
C:\Python313\Lib\contextlib.py:214: in __aenter__
    return await anext(self.gen)
           ^^^^^^^^^^^^^^^^^^^^^
..\okto-r4-native-installed-zk_r383i\Lib\site-packages\fastapi\routing.py:247: in merged_lifespan
    async with original_context(app) as maybe_original_state:
               ^^^^^^^^^^^^^^^^^^^^^
C:\Python313\Lib\contextlib.py:214: in __aenter__
    return await anext(self.gen)
           ^^^^^^^^^^^^^^^^^^^^^
..\okto-r4-native-installed-zk_r383i\Lib\site-packages\fastapi\routing.py:247: in merged_lifespan
    async with original_context(app) as maybe_original_state:
               ^^^^^^^^^^^^^^^^^^^^^
C:\Python313\Lib\contextlib.py:214: in __aenter__
    return await anext(self.gen)
           ^^^^^^^^^^^^^^^^^^^^^
..\okto-r4-native-installed-zk_r383i\Lib\site-packages\fastapi\routing.py:247: in merged_lifespan
    async with original_context(app) as maybe_original_state:
               ^^^^^^^^^^^^^^^^^^^^^
C:\Python313\Lib\contextlib.py:214: in __aenter__
    return await anext(self.gen)
           ^^^^^^^^^^^^^^^^^^^^^
..\okto-r4-native-installed-zk_r383i\Lib\site-packages\fastapi\routing.py:247: in merged_lifespan
    async with original_context(app) as maybe_original_state:
               ^^^^^^^^^^^^^^^^^^^^^
C:\Python313\Lib\contextlib.py:214: in __aenter__
    return await anext(self.gen)
           ^^^^^^^^^^^^^^^^^^^^^
..\okto-r4-native-installed-zk_r383i\Lib\site-packages\okto_nexus\adapters\inbound\http\app.py:603: in lifespan
    await embedded_inventory.start()
..\okto-r4-native-installed-zk_r383i\Lib\site-packages\okto_nexus\bootstrap\embedded_inventory.py:57: in start
    return await asyncio.shield(self._startup_task)
           ^^^^^^^^^^^^^^^^^^^^^^^^^^^^^^^^^^^^^^^^
..\okto-r4-native-installed-zk_r383i\Lib\site-packages\okto_nexus\bootstrap\embedded_inventory.py:61: in _start
    await self.refresh()
..\okto-r4-native-installed-zk_r383i\Lib\site-packages\okto_nexus\bootstrap\embedded_inventory.py:71: in refresh
    return await asyncio.shield(self._refresh_task)
           ^^^^^^^^^^^^^^^^^^^^^^^^^^^^^^^^^^^^^^^^
..\okto-r4-native-installed-zk_r383i\Lib\site-packages\okto_nexus\bootstrap\embedded_inventory.py:75: in _refresh_owned
    return await self._refresh()
           ^^^^^^^^^^^^^^^^^^^^^
..\okto-r4-native-installed-zk_r383i\Lib\site-packages\okto_nexus\bootstrap\embedded_inventory.py:84: in _refresh
    discovery = await asyncio.to_thread(discover_local_candidates,
C:\Python313\Lib\asyncio\threads.py:25: in to_thread
    return await loop.run_in_executor(None, func_call)
           ^^^^^^^^^^^^^^^^^^^^^^^^^^^^^^^^^^^^^^^^^^^
C:\Python313\Lib\concurrent\futures\thread.py:59: in run
    result = self.fn(*self.args, **self.kwargs)
             ^^^^^^^^^^^^^^^^^^^^^^^^^^^^^^^^^^
..\okto-r4-native-installed-zk_r383i\Lib\site-packages\okto_nexus\adapters\outbound\execution\core_inventory.py:83: in discover_local_candidates
    return _core().discover_installations(
           ^^^^^^^
_ _ _ _ _ _ _ _ _ _ _ _ _ _ _ _ _ _ _ _ _ _ _ _ _ _ _ _ _ _ _ _ _ _ _ _ _ _ _ _

    def _core():
        import nexus_connector_core as core
    
        if core.__version__ != CORE_INVENTORY_VERSION:
>           raise RuntimeError(
                f"Core {CORE_INVENTORY_VERSION} is required for R4 inventory; "
                f"installed {core.__version__}"
            )
E           RuntimeError: Core 0.2.40.dev0 is required for R4 inventory; installed 0.2.41.dev0

..\okto-r4-native-installed-zk_r383i\Lib\site-packages\okto_nexus\adapters\outbound\execution\core_inventory.py:27: RuntimeError
_ ERROR at setup of test_invalid_events_leave_storage_unchanged[wrong_agent] __

fixturedef = <FixtureDef argname='onboarding' scope='function' baseid='test_event_ingress.py'>
request = <SubRequest 'onboarding' for <Function test_invalid_events_leave_storage_unchanged[wrong_agent]>>

    @pytest.hookimpl(wrapper=True)
    def pytest_fixture_setup(fixturedef: FixtureDef, request) -> object | None:
        if (
            fixturedef.argname == "event_loop_policy"
            and fixturedef.func.__module__ != __name__
        ):
            warnings.warn(
                PytestDeprecationWarning(_EVENT_LOOP_POLICY_FIXTURE_DEPRECATION_WARNING),
            )
        asyncio_mode = _get_asyncio_mode(request.config)
        if not _is_asyncio_fixture_function(fixturedef.func):
            if asyncio_mode == Mode.STRICT:
                # Ignore async fixtures without explicit asyncio mark in strict mode
                # This applies to pytest_trio fixtures, for example
                return (yield)
            if not _is_coroutine_or_asyncgen(fixturedef.func):
>               return (yield)
                        ^^^^^

..\okto-r4-native-installed-zk_r383i\Lib\site-packages\pytest_asyncio\plugin.py:926: 
_ _ _ _ _ _ _ _ _ _ _ _ _ _ _ _ _ _ _ _ _ _ _ _ _ _ _ _ _ _ _ _ _ _ _ _ _ _ _ _
D:\Projetos\Techridy\okto_labs_okto_nexus\tests\execution_r4\test_binding_operator.py:32: in onboarding
    with TestClient(app, raise_server_exceptions=False) as client:
         ^^^^^^^^^^^^^^^^^^^^^^^^^^^^^^^^^^^^^^^^^^^^^^
..\okto-r4-native-installed-zk_r383i\Lib\site-packages\starlette\testclient.py:517: in __enter__
    portal.call(self.wait_startup)
..\okto-r4-native-installed-zk_r383i\Lib\site-packages\anyio\from_thread.py:340: in call
    return cast(T_Retval, self.start_task_soon(func, *args).result())
                          ^^^^^^^^^^^^^^^^^^^^^^^^^^^^^^^^^^^^^^^^^^
C:\Python313\Lib\concurrent\futures\_base.py:456: in result
    return self.__get_result()
           ^^^^^^^^^^^^^^^^^^^
C:\Python313\Lib\concurrent\futures\_base.py:401: in __get_result
    raise self._exception
..\okto-r4-native-installed-zk_r383i\Lib\site-packages\anyio\from_thread.py:265: in _call_func
    retval = await retval_or_awaitable
             ^^^^^^^^^^^^^^^^^^^^^^^^^
..\okto-r4-native-installed-zk_r383i\Lib\site-packages\starlette\testclient.py:552: in wait_startup
    await receive()
..\okto-r4-native-installed-zk_r383i\Lib\site-packages\starlette\testclient.py:543: in receive
    self.task.result()
C:\Python313\Lib\concurrent\futures\_base.py:449: in result
    return self.__get_result()
           ^^^^^^^^^^^^^^^^^^^
C:\Python313\Lib\concurrent\futures\_base.py:401: in __get_result
    raise self._exception
..\okto-r4-native-installed-zk_r383i\Lib\site-packages\anyio\from_thread.py:265: in _call_func
    retval = await retval_or_awaitable
             ^^^^^^^^^^^^^^^^^^^^^^^^^
..\okto-r4-native-installed-zk_r383i\Lib\site-packages\starlette\testclient.py:533: in lifespan
    await self.app(scope, self.stream_receive.receive, self.stream_send.send)
..\okto-r4-native-installed-zk_r383i\Lib\site-packages\fastapi\applications.py:1202: in __call__
    await lifespan(
..\okto-r4-native-installed-zk_r383i\Lib\site-packages\fastapi\telemetry\_runtime.py:239: in lifespan
    await app(scope, wrapped_receive, wrapped_send)
..\okto-r4-native-installed-zk_r383i\Lib\site-packages\starlette\applications.py:96: in __call__
    await self.middleware_stack(scope, receive, send)
..\okto-r4-native-installed-zk_r383i\Lib\site-packages\starlette\middleware\errors.py:151: in __call__
    await self.app(scope, receive, send)
..\okto-r4-native-installed-zk_r383i\Lib\site-packages\fastapi\telemetry\_asgi.py:151: in __call__
    await self.app(scope, receive, send)
..\okto-r4-native-installed-zk_r383i\Lib\site-packages\starlette\middleware\base.py:103: in __call__
    await self.app(scope, receive, send)
..\okto-r4-native-installed-zk_r383i\Lib\site-packages\starlette\middleware\base.py:103: in __call__
    await self.app(scope, receive, send)
..\okto-r4-native-installed-zk_r383i\Lib\site-packages\starlette\middleware\base.py:103: in __call__
    await self.app(scope, receive, send)
..\okto-r4-native-installed-zk_r383i\Lib\site-packages\starlette\middleware\exceptions.py:49: in __call__
    await self.app(scope, receive, send)
..\okto-r4-native-installed-zk_r383i\Lib\site-packages\fastapi\middleware\asyncexitstack.py:18: in __call__
    await self.app(scope, receive, send)
..\okto-r4-native-installed-zk_r383i\Lib\site-packages\starlette\routing.py:676: in __call__
    await self.middleware_stack(scope, receive, send)
..\okto-r4-native-installed-zk_r383i\Lib\site-packages\fastapi\routing.py:2773: in app
    await self.lifespan(scope, receive, send)
..\okto-r4-native-installed-zk_r383i\Lib\site-packages\starlette\routing.py:654: in lifespan
    async with self.lifespan_context(app) as maybe_state:
               ^^^^^^^^^^^^^^^^^^^^^^^^^^
C:\Python313\Lib\contextlib.py:214: in __aenter__
    return await anext(self.gen)
           ^^^^^^^^^^^^^^^^^^^^^
..\okto-r4-native-installed-zk_r383i\Lib\site-packages\fastapi\routing.py:247: in merged_lifespan
    async with original_context(app) as maybe_original_state:
               ^^^^^^^^^^^^^^^^^^^^^
C:\Python313\Lib\contextlib.py:214: in __aenter__
    return await anext(self.gen)
           ^^^^^^^^^^^^^^^^^^^^^
..\okto-r4-native-installed-zk_r383i\Lib\site-packages\fastapi\routing.py:247: in merged_lifespan
    async with original_context(app) as maybe_original_state:
               ^^^^^^^^^^^^^^^^^^^^^
C:\Python313\Lib\contextlib.py:214: in __aenter__
    return await anext(self.gen)
           ^^^^^^^^^^^^^^^^^^^^^
..\okto-r4-native-installed-zk_r383i\Lib\site-packages\fastapi\routing.py:247: in merged_lifespan
    async with original_context(app) as maybe_original_state:
               ^^^^^^^^^^^^^^^^^^^^^
C:\Python313\Lib\contextlib.py:214: in __aenter__
    return await anext(self.gen)
           ^^^^^^^^^^^^^^^^^^^^^
..\okto-r4-native-installed-zk_r383i\Lib\site-packages\fastapi\routing.py:247: in merged_lifespan
    async with original_context(app) as maybe_original_state:
               ^^^^^^^^^^^^^^^^^^^^^
C:\Python313\Lib\contextlib.py:214: in __aenter__
    return await anext(self.gen)
           ^^^^^^^^^^^^^^^^^^^^^
..\okto-r4-native-installed-zk_r383i\Lib\site-packages\fastapi\routing.py:247: in merged_lifespan
    async with original_context(app) as maybe_original_state:
               ^^^^^^^^^^^^^^^^^^^^^
C:\Python313\Lib\contextlib.py:214: in __aenter__
    return await anext(self.gen)
           ^^^^^^^^^^^^^^^^^^^^^
..\okto-r4-native-installed-zk_r383i\Lib\site-packages\fastapi\routing.py:247: in merged_lifespan
    async with original_context(app) as maybe_original_state:
               ^^^^^^^^^^^^^^^^^^^^^
C:\Python313\Lib\contextlib.py:214: in __aenter__
    return await anext(self.gen)
           ^^^^^^^^^^^^^^^^^^^^^
..\okto-r4-native-installed-zk_r383i\Lib\site-packages\fastapi\routing.py:247: in merged_lifespan
    async with original_context(app) as maybe_original_state:
               ^^^^^^^^^^^^^^^^^^^^^
C:\Python313\Lib\contextlib.py:214: in __aenter__
    return await anext(self.gen)
           ^^^^^^^^^^^^^^^^^^^^^
..\okto-r4-native-installed-zk_r383i\Lib\site-packages\okto_nexus\adapters\inbound\http\app.py:603: in lifespan
    await embedded_inventory.start()
..\okto-r4-native-installed-zk_r383i\Lib\site-packages\okto_nexus\bootstrap\embedded_inventory.py:57: in start
    return await asyncio.shield(self._startup_task)
           ^^^^^^^^^^^^^^^^^^^^^^^^^^^^^^^^^^^^^^^^
..\okto-r4-native-installed-zk_r383i\Lib\site-packages\okto_nexus\bootstrap\embedded_inventory.py:61: in _start
    await self.refresh()
..\okto-r4-native-installed-zk_r383i\Lib\site-packages\okto_nexus\bootstrap\embedded_inventory.py:71: in refresh
    return await asyncio.shield(self._refresh_task)
           ^^^^^^^^^^^^^^^^^^^^^^^^^^^^^^^^^^^^^^^^
..\okto-r4-native-installed-zk_r383i\Lib\site-packages\okto_nexus\bootstrap\embedded_inventory.py:75: in _refresh_owned
    return await self._refresh()
           ^^^^^^^^^^^^^^^^^^^^^
..\okto-r4-native-installed-zk_r383i\Lib\site-packages\okto_nexus\bootstrap\embedded_inventory.py:84: in _refresh
    discovery = await asyncio.to_thread(discover_local_candidates,
C:\Python313\Lib\asyncio\threads.py:25: in to_thread
    return await loop.run_in_executor(None, func_call)
           ^^^^^^^^^^^^^^^^^^^^^^^^^^^^^^^^^^^^^^^^^^^
C:\Python313\Lib\concurrent\futures\thread.py:59: in run
    result = self.fn(*self.args, **self.kwargs)
             ^^^^^^^^^^^^^^^^^^^^^^^^^^^^^^^^^^
..\okto-r4-native-installed-zk_r383i\Lib\site-packages\okto_nexus\adapters\outbound\execution\core_inventory.py:83: in discover_local_candidates
    return _core().discover_installations(
           ^^^^^^^
_ _ _ _ _ _ _ _ _ _ _ _ _ _ _ _ _ _ _ _ _ _ _ _ _ _ _ _ _ _ _ _ _ _ _ _ _ _ _ _

    def _core():
        import nexus_connector_core as core
    
        if core.__version__ != CORE_INVENTORY_VERSION:
>           raise RuntimeError(
                f"Core {CORE_INVENTORY_VERSION} is required for R4 inventory; "
                f"installed {core.__version__}"
            )
E           RuntimeError: Core 0.2.40.dev0 is required for R4 inventory; installed 0.2.41.dev0

..\okto-r4-native-installed-zk_r383i\Lib\site-packages\okto_nexus\adapters\outbound\execution\core_inventory.py:27: RuntimeError
_ ERROR at setup of test_invalid_events_leave_storage_unchanged[unknown_operation] _

fixturedef = <FixtureDef argname='onboarding' scope='function' baseid='test_event_ingress.py'>
request = <SubRequest 'onboarding' for <Function test_invalid_events_leave_storage_unchanged[unknown_operation]>>

    @pytest.hookimpl(wrapper=True)
    def pytest_fixture_setup(fixturedef: FixtureDef, request) -> object | None:
        if (
            fixturedef.argname == "event_loop_policy"
            and fixturedef.func.__module__ != __name__
        ):
            warnings.warn(
                PytestDeprecationWarning(_EVENT_LOOP_POLICY_FIXTURE_DEPRECATION_WARNING),
            )
        asyncio_mode = _get_asyncio_mode(request.config)
        if not _is_asyncio_fixture_function(fixturedef.func):
            if asyncio_mode == Mode.STRICT:
                # Ignore async fixtures without explicit asyncio mark in strict mode
                # This applies to pytest_trio fixtures, for example
                return (yield)
            if not _is_coroutine_or_asyncgen(fixturedef.func):
>               return (yield)
                        ^^^^^

..\okto-r4-native-installed-zk_r383i\Lib\site-packages\pytest_asyncio\plugin.py:926: 
_ _ _ _ _ _ _ _ _ _ _ _ _ _ _ _ _ _ _ _ _ _ _ _ _ _ _ _ _ _ _ _ _ _ _ _ _ _ _ _
D:\Projetos\Techridy\okto_labs_okto_nexus\tests\execution_r4\test_binding_operator.py:32: in onboarding
    with TestClient(app, raise_server_exceptions=False) as client:
         ^^^^^^^^^^^^^^^^^^^^^^^^^^^^^^^^^^^^^^^^^^^^^^
..\okto-r4-native-installed-zk_r383i\Lib\site-packages\starlette\testclient.py:517: in __enter__
    portal.call(self.wait_startup)
..\okto-r4-native-installed-zk_r383i\Lib\site-packages\anyio\from_thread.py:340: in call
    return cast(T_Retval, self.start_task_soon(func, *args).result())
                          ^^^^^^^^^^^^^^^^^^^^^^^^^^^^^^^^^^^^^^^^^^
C:\Python313\Lib\concurrent\futures\_base.py:456: in result
    return self.__get_result()
           ^^^^^^^^^^^^^^^^^^^
C:\Python313\Lib\concurrent\futures\_base.py:401: in __get_result
    raise self._exception
..\okto-r4-native-installed-zk_r383i\Lib\site-packages\anyio\from_thread.py:265: in _call_func
    retval = await retval_or_awaitable
             ^^^^^^^^^^^^^^^^^^^^^^^^^
..\okto-r4-native-installed-zk_r383i\Lib\site-packages\starlette\testclient.py:552: in wait_startup
    await receive()
..\okto-r4-native-installed-zk_r383i\Lib\site-packages\starlette\testclient.py:543: in receive
    self.task.result()
C:\Python313\Lib\concurrent\futures\_base.py:449: in result
    return self.__get_result()
           ^^^^^^^^^^^^^^^^^^^
C:\Python313\Lib\concurrent\futures\_base.py:401: in __get_result
    raise self._exception
..\okto-r4-native-installed-zk_r383i\Lib\site-packages\anyio\from_thread.py:265: in _call_func
    retval = await retval_or_awaitable
             ^^^^^^^^^^^^^^^^^^^^^^^^^
..\okto-r4-native-installed-zk_r383i\Lib\site-packages\starlette\testclient.py:533: in lifespan
    await self.app(scope, self.stream_receive.receive, self.stream_send.send)
..\okto-r4-native-installed-zk_r383i\Lib\site-packages\fastapi\applications.py:1202: in __call__
    await lifespan(
..\okto-r4-native-installed-zk_r383i\Lib\site-packages\fastapi\telemetry\_runtime.py:239: in lifespan
    await app(scope, wrapped_receive, wrapped_send)
..\okto-r4-native-installed-zk_r383i\Lib\site-packages\starlette\applications.py:96: in __call__
    await self.middleware_stack(scope, receive, send)
..\okto-r4-native-installed-zk_r383i\Lib\site-packages\starlette\middleware\errors.py:151: in __call__
    await self.app(scope, receive, send)
..\okto-r4-native-installed-zk_r383i\Lib\site-packages\fastapi\telemetry\_asgi.py:151: in __call__
    await self.app(scope, receive, send)
..\okto-r4-native-installed-zk_r383i\Lib\site-packages\starlette\middleware\base.py:103: in __call__
    await self.app(scope, receive, send)
..\okto-r4-native-installed-zk_r383i\Lib\site-packages\starlette\middleware\base.py:103: in __call__
    await self.app(scope, receive, send)
..\okto-r4-native-installed-zk_r383i\Lib\site-packages\starlette\middleware\base.py:103: in __call__
    await self.app(scope, receive, send)
..\okto-r4-native-installed-zk_r383i\Lib\site-packages\starlette\middleware\exceptions.py:49: in __call__
    await self.app(scope, receive, send)
..\okto-r4-native-installed-zk_r383i\Lib\site-packages\fastapi\middleware\asyncexitstack.py:18: in __call__
    await self.app(scope, receive, send)
..\okto-r4-native-installed-zk_r383i\Lib\site-packages\starlette\routing.py:676: in __call__
    await self.middleware_stack(scope, receive, send)
..\okto-r4-native-installed-zk_r383i\Lib\site-packages\fastapi\routing.py:2773: in app
    await self.lifespan(scope, receive, send)
..\okto-r4-native-installed-zk_r383i\Lib\site-packages\starlette\routing.py:654: in lifespan
    async with self.lifespan_context(app) as maybe_state:
               ^^^^^^^^^^^^^^^^^^^^^^^^^^
C:\Python313\Lib\contextlib.py:214: in __aenter__
    return await anext(self.gen)
           ^^^^^^^^^^^^^^^^^^^^^
..\okto-r4-native-installed-zk_r383i\Lib\site-packages\fastapi\routing.py:247: in merged_lifespan
    async with original_context(app) as maybe_original_state:
               ^^^^^^^^^^^^^^^^^^^^^
C:\Python313\Lib\contextlib.py:214: in __aenter__
    return await anext(self.gen)
           ^^^^^^^^^^^^^^^^^^^^^
..\okto-r4-native-installed-zk_r383i\Lib\site-packages\fastapi\routing.py:247: in merged_lifespan
    async with original_context(app) as maybe_original_state:
               ^^^^^^^^^^^^^^^^^^^^^
C:\Python313\Lib\contextlib.py:214: in __aenter__
    return await anext(self.gen)
           ^^^^^^^^^^^^^^^^^^^^^
..\okto-r4-native-installed-zk_r383i\Lib\site-packages\fastapi\routing.py:247: in merged_lifespan
    async with original_context(app) as maybe_original_state:
               ^^^^^^^^^^^^^^^^^^^^^
C:\Python313\Lib\contextlib.py:214: in __aenter__
    return await anext(self.gen)
           ^^^^^^^^^^^^^^^^^^^^^
..\okto-r4-native-installed-zk_r383i\Lib\site-packages\fastapi\routing.py:247: in merged_lifespan
    async with original_context(app) as maybe_original_state:
               ^^^^^^^^^^^^^^^^^^^^^
C:\Python313\Lib\contextlib.py:214: in __aenter__
    return await anext(self.gen)
           ^^^^^^^^^^^^^^^^^^^^^
..\okto-r4-native-installed-zk_r383i\Lib\site-packages\fastapi\routing.py:247: in merged_lifespan
    async with original_context(app) as maybe_original_state:
               ^^^^^^^^^^^^^^^^^^^^^
C:\Python313\Lib\contextlib.py:214: in __aenter__
    return await anext(self.gen)
           ^^^^^^^^^^^^^^^^^^^^^
..\okto-r4-native-installed-zk_r383i\Lib\site-packages\fastapi\routing.py:247: in merged_lifespan
    async with original_context(app) as maybe_original_state:
               ^^^^^^^^^^^^^^^^^^^^^
C:\Python313\Lib\contextlib.py:214: in __aenter__
    return await anext(self.gen)
           ^^^^^^^^^^^^^^^^^^^^^
..\okto-r4-native-installed-zk_r383i\Lib\site-packages\fastapi\routing.py:247: in merged_lifespan
    async with original_context(app) as maybe_original_state:
               ^^^^^^^^^^^^^^^^^^^^^
C:\Python313\Lib\contextlib.py:214: in __aenter__
    return await anext(self.gen)
           ^^^^^^^^^^^^^^^^^^^^^
..\okto-r4-native-installed-zk_r383i\Lib\site-packages\okto_nexus\adapters\inbound\http\app.py:603: in lifespan
    await embedded_inventory.start()
..\okto-r4-native-installed-zk_r383i\Lib\site-packages\okto_nexus\bootstrap\embedded_inventory.py:57: in start
    return await asyncio.shield(self._startup_task)
           ^^^^^^^^^^^^^^^^^^^^^^^^^^^^^^^^^^^^^^^^
..\okto-r4-native-installed-zk_r383i\Lib\site-packages\okto_nexus\bootstrap\embedded_inventory.py:61: in _start
    await self.refresh()
..\okto-r4-native-installed-zk_r383i\Lib\site-packages\okto_nexus\bootstrap\embedded_inventory.py:71: in refresh
    return await asyncio.shield(self._refresh_task)
           ^^^^^^^^^^^^^^^^^^^^^^^^^^^^^^^^^^^^^^^^
..\okto-r4-native-installed-zk_r383i\Lib\site-packages\okto_nexus\bootstrap\embedded_inventory.py:75: in _refresh_owned
    return await self._refresh()
           ^^^^^^^^^^^^^^^^^^^^^
..\okto-r4-native-installed-zk_r383i\Lib\site-packages\okto_nexus\bootstrap\embedded_inventory.py:84: in _refresh
    discovery = await asyncio.to_thread(discover_local_candidates,
C:\Python313\Lib\asyncio\threads.py:25: in to_thread
    return await loop.run_in_executor(None, func_call)
           ^^^^^^^^^^^^^^^^^^^^^^^^^^^^^^^^^^^^^^^^^^^
C:\Python313\Lib\concurrent\futures\thread.py:59: in run
    result = self.fn(*self.args, **self.kwargs)
             ^^^^^^^^^^^^^^^^^^^^^^^^^^^^^^^^^^
..\okto-r4-native-installed-zk_r383i\Lib\site-packages\okto_nexus\adapters\outbound\execution\core_inventory.py:83: in discover_local_candidates
    return _core().discover_installations(
           ^^^^^^^
_ _ _ _ _ _ _ _ _ _ _ _ _ _ _ _ _ _ _ _ _ _ _ _ _ _ _ _ _ _ _ _ _ _ _ _ _ _ _ _

    def _core():
        import nexus_connector_core as core
    
        if core.__version__ != CORE_INVENTORY_VERSION:
>           raise RuntimeError(
                f"Core {CORE_INVENTORY_VERSION} is required for R4 inventory; "
                f"installed {core.__version__}"
            )
E           RuntimeError: Core 0.2.40.dev0 is required for R4 inventory; installed 0.2.41.dev0

..\okto-r4-native-installed-zk_r383i\Lib\site-packages\okto_nexus\adapters\outbound\execution\core_inventory.py:27: RuntimeError
_ ERROR at setup of test_invalid_events_leave_storage_unchanged[epoch_changed] _

fixturedef = <FixtureDef argname='onboarding' scope='function' baseid='test_event_ingress.py'>
request = <SubRequest 'onboarding' for <Function test_invalid_events_leave_storage_unchanged[epoch_changed]>>

    @pytest.hookimpl(wrapper=True)
    def pytest_fixture_setup(fixturedef: FixtureDef, request) -> object | None:
        if (
            fixturedef.argname == "event_loop_policy"
            and fixturedef.func.__module__ != __name__
        ):
            warnings.warn(
                PytestDeprecationWarning(_EVENT_LOOP_POLICY_FIXTURE_DEPRECATION_WARNING),
            )
        asyncio_mode = _get_asyncio_mode(request.config)
        if not _is_asyncio_fixture_function(fixturedef.func):
            if asyncio_mode == Mode.STRICT:
                # Ignore async fixtures without explicit asyncio mark in strict mode
                # This applies to pytest_trio fixtures, for example
                return (yield)
            if not _is_coroutine_or_asyncgen(fixturedef.func):
>               return (yield)
                        ^^^^^

..\okto-r4-native-installed-zk_r383i\Lib\site-packages\pytest_asyncio\plugin.py:926: 
_ _ _ _ _ _ _ _ _ _ _ _ _ _ _ _ _ _ _ _ _ _ _ _ _ _ _ _ _ _ _ _ _ _ _ _ _ _ _ _
D:\Projetos\Techridy\okto_labs_okto_nexus\tests\execution_r4\test_binding_operator.py:32: in onboarding
    with TestClient(app, raise_server_exceptions=False) as client:
         ^^^^^^^^^^^^^^^^^^^^^^^^^^^^^^^^^^^^^^^^^^^^^^
..\okto-r4-native-installed-zk_r383i\Lib\site-packages\starlette\testclient.py:517: in __enter__
    portal.call(self.wait_startup)
..\okto-r4-native-installed-zk_r383i\Lib\site-packages\anyio\from_thread.py:340: in call
    return cast(T_Retval, self.start_task_soon(func, *args).result())
                          ^^^^^^^^^^^^^^^^^^^^^^^^^^^^^^^^^^^^^^^^^^
C:\Python313\Lib\concurrent\futures\_base.py:456: in result
    return self.__get_result()
           ^^^^^^^^^^^^^^^^^^^
C:\Python313\Lib\concurrent\futures\_base.py:401: in __get_result
    raise self._exception
..\okto-r4-native-installed-zk_r383i\Lib\site-packages\anyio\from_thread.py:265: in _call_func
    retval = await retval_or_awaitable
             ^^^^^^^^^^^^^^^^^^^^^^^^^
..\okto-r4-native-installed-zk_r383i\Lib\site-packages\starlette\testclient.py:552: in wait_startup
    await receive()
..\okto-r4-native-installed-zk_r383i\Lib\site-packages\starlette\testclient.py:543: in receive
    self.task.result()
C:\Python313\Lib\concurrent\futures\_base.py:449: in result
    return self.__get_result()
           ^^^^^^^^^^^^^^^^^^^
C:\Python313\Lib\concurrent\futures\_base.py:401: in __get_result
    raise self._exception
..\okto-r4-native-installed-zk_r383i\Lib\site-packages\anyio\from_thread.py:265: in _call_func
    retval = await retval_or_awaitable
             ^^^^^^^^^^^^^^^^^^^^^^^^^
..\okto-r4-native-installed-zk_r383i\Lib\site-packages\starlette\testclient.py:533: in lifespan
    await self.app(scope, self.stream_receive.receive, self.stream_send.send)
..\okto-r4-native-installed-zk_r383i\Lib\site-packages\fastapi\applications.py:1202: in __call__
    await lifespan(
..\okto-r4-native-installed-zk_r383i\Lib\site-packages\fastapi\telemetry\_runtime.py:239: in lifespan
    await app(scope, wrapped_receive, wrapped_send)
..\okto-r4-native-installed-zk_r383i\Lib\site-packages\starlette\applications.py:96: in __call__
    await self.middleware_stack(scope, receive, send)
..\okto-r4-native-installed-zk_r383i\Lib\site-packages\starlette\middleware\errors.py:151: in __call__
    await self.app(scope, receive, send)
..\okto-r4-native-installed-zk_r383i\Lib\site-packages\fastapi\telemetry\_asgi.py:151: in __call__
    await self.app(scope, receive, send)
..\okto-r4-native-installed-zk_r383i\Lib\site-packages\starlette\middleware\base.py:103: in __call__
    await self.app(scope, receive, send)
..\okto-r4-native-installed-zk_r383i\Lib\site-packages\starlette\middleware\base.py:103: in __call__
    await self.app(scope, receive, send)
..\okto-r4-native-installed-zk_r383i\Lib\site-packages\starlette\middleware\base.py:103: in __call__
    await self.app(scope, receive, send)
..\okto-r4-native-installed-zk_r383i\Lib\site-packages\starlette\middleware\exceptions.py:49: in __call__
    await self.app(scope, receive, send)
..\okto-r4-native-installed-zk_r383i\Lib\site-packages\fastapi\middleware\asyncexitstack.py:18: in __call__
    await self.app(scope, receive, send)
..\okto-r4-native-installed-zk_r383i\Lib\site-packages\starlette\routing.py:676: in __call__
    await self.middleware_stack(scope, receive, send)
..\okto-r4-native-installed-zk_r383i\Lib\site-packages\fastapi\routing.py:2773: in app
    await self.lifespan(scope, receive, send)
..\okto-r4-native-installed-zk_r383i\Lib\site-packages\starlette\routing.py:654: in lifespan
    async with self.lifespan_context(app) as maybe_state:
               ^^^^^^^^^^^^^^^^^^^^^^^^^^
C:\Python313\Lib\contextlib.py:214: in __aenter__
    return await anext(self.gen)
           ^^^^^^^^^^^^^^^^^^^^^
..\okto-r4-native-installed-zk_r383i\Lib\site-packages\fastapi\routing.py:247: in merged_lifespan
    async with original_context(app) as maybe_original_state:
               ^^^^^^^^^^^^^^^^^^^^^
C:\Python313\Lib\contextlib.py:214: in __aenter__
    return await anext(self.gen)
           ^^^^^^^^^^^^^^^^^^^^^
..\okto-r4-native-installed-zk_r383i\Lib\site-packages\fastapi\routing.py:247: in merged_lifespan
    async with original_context(app) as maybe_original_state:
               ^^^^^^^^^^^^^^^^^^^^^
C:\Python313\Lib\contextlib.py:214: in __aenter__
    return await anext(self.gen)
           ^^^^^^^^^^^^^^^^^^^^^
..\okto-r4-native-installed-zk_r383i\Lib\site-packages\fastapi\routing.py:247: in merged_lifespan
    async with original_context(app) as maybe_original_state:
               ^^^^^^^^^^^^^^^^^^^^^
C:\Python313\Lib\contextlib.py:214: in __aenter__
    return await anext(self.gen)
           ^^^^^^^^^^^^^^^^^^^^^
..\okto-r4-native-installed-zk_r383i\Lib\site-packages\fastapi\routing.py:247: in merged_lifespan
    async with original_context(app) as maybe_original_state:
               ^^^^^^^^^^^^^^^^^^^^^
C:\Python313\Lib\contextlib.py:214: in __aenter__
    return await anext(self.gen)
           ^^^^^^^^^^^^^^^^^^^^^
..\okto-r4-native-installed-zk_r383i\Lib\site-packages\fastapi\routing.py:247: in merged_lifespan
    async with original_context(app) as maybe_original_state:
               ^^^^^^^^^^^^^^^^^^^^^
C:\Python313\Lib\contextlib.py:214: in __aenter__
    return await anext(self.gen)
           ^^^^^^^^^^^^^^^^^^^^^
..\okto-r4-native-installed-zk_r383i\Lib\site-packages\fastapi\routing.py:247: in merged_lifespan
    async with original_context(app) as maybe_original_state:
               ^^^^^^^^^^^^^^^^^^^^^
C:\Python313\Lib\contextlib.py:214: in __aenter__
    return await anext(self.gen)
           ^^^^^^^^^^^^^^^^^^^^^
..\okto-r4-native-installed-zk_r383i\Lib\site-packages\fastapi\routing.py:247: in merged_lifespan
    async with original_context(app) as maybe_original_state:
               ^^^^^^^^^^^^^^^^^^^^^
C:\Python313\Lib\contextlib.py:214: in __aenter__
    return await anext(self.gen)
           ^^^^^^^^^^^^^^^^^^^^^
..\okto-r4-native-installed-zk_r383i\Lib\site-packages\okto_nexus\adapters\inbound\http\app.py:603: in lifespan
    await embedded_inventory.start()
..\okto-r4-native-installed-zk_r383i\Lib\site-packages\okto_nexus\bootstrap\embedded_inventory.py:57: in start
    return await asyncio.shield(self._startup_task)
           ^^^^^^^^^^^^^^^^^^^^^^^^^^^^^^^^^^^^^^^^
..\okto-r4-native-installed-zk_r383i\Lib\site-packages\okto_nexus\bootstrap\embedded_inventory.py:61: in _start
    await self.refresh()
..\okto-r4-native-installed-zk_r383i\Lib\site-packages\okto_nexus\bootstrap\embedded_inventory.py:71: in refresh
    return await asyncio.shield(self._refresh_task)
           ^^^^^^^^^^^^^^^^^^^^^^^^^^^^^^^^^^^^^^^^
..\okto-r4-native-installed-zk_r383i\Lib\site-packages\okto_nexus\bootstrap\embedded_inventory.py:75: in _refresh_owned
    return await self._refresh()
           ^^^^^^^^^^^^^^^^^^^^^
..\okto-r4-native-installed-zk_r383i\Lib\site-packages\okto_nexus\bootstrap\embedded_inventory.py:84: in _refresh
    discovery = await asyncio.to_thread(discover_local_candidates,
C:\Python313\Lib\asyncio\threads.py:25: in to_thread
    return await loop.run_in_executor(None, func_call)
           ^^^^^^^^^^^^^^^^^^^^^^^^^^^^^^^^^^^^^^^^^^^
C:\Python313\Lib\concurrent\futures\thread.py:59: in run
    result = self.fn(*self.args, **self.kwargs)
             ^^^^^^^^^^^^^^^^^^^^^^^^^^^^^^^^^^
..\okto-r4-native-installed-zk_r383i\Lib\site-packages\okto_nexus\adapters\outbound\execution\core_inventory.py:83: in discover_local_candidates
    return _core().discover_installations(
           ^^^^^^^
_ _ _ _ _ _ _ _ _ _ _ _ _ _ _ _ _ _ _ _ _ _ _ _ _ _ _ _ _ _ _ _ _ _ _ _ _ _ _ _

    def _core():
        import nexus_connector_core as core
    
        if core.__version__ != CORE_INVENTORY_VERSION:
>           raise RuntimeError(
                f"Core {CORE_INVENTORY_VERSION} is required for R4 inventory; "
                f"installed {core.__version__}"
            )
E           RuntimeError: Core 0.2.40.dev0 is required for R4 inventory; installed 0.2.41.dev0

..\okto-r4-native-installed-zk_r383i\Lib\site-packages\okto_nexus\adapters\outbound\execution\core_inventory.py:27: RuntimeError
_ ERROR at setup of test_invalid_events_leave_storage_unchanged[expired_lane] _

fixturedef = <FixtureDef argname='onboarding' scope='function' baseid='test_event_ingress.py'>
request = <SubRequest 'onboarding' for <Function test_invalid_events_leave_storage_unchanged[expired_lane]>>

    @pytest.hookimpl(wrapper=True)
    def pytest_fixture_setup(fixturedef: FixtureDef, request) -> object | None:
        if (
            fixturedef.argname == "event_loop_policy"
            and fixturedef.func.__module__ != __name__
        ):
            warnings.warn(
                PytestDeprecationWarning(_EVENT_LOOP_POLICY_FIXTURE_DEPRECATION_WARNING),
            )
        asyncio_mode = _get_asyncio_mode(request.config)
        if not _is_asyncio_fixture_function(fixturedef.func):
            if asyncio_mode == Mode.STRICT:
                # Ignore async fixtures without explicit asyncio mark in strict mode
                # This applies to pytest_trio fixtures, for example
                return (yield)
            if not _is_coroutine_or_asyncgen(fixturedef.func):
>               return (yield)
                        ^^^^^

..\okto-r4-native-installed-zk_r383i\Lib\site-packages\pytest_asyncio\plugin.py:926: 
_ _ _ _ _ _ _ _ _ _ _ _ _ _ _ _ _ _ _ _ _ _ _ _ _ _ _ _ _ _ _ _ _ _ _ _ _ _ _ _
D:\Projetos\Techridy\okto_labs_okto_nexus\tests\execution_r4\test_binding_operator.py:32: in onboarding
    with TestClient(app, raise_server_exceptions=False) as client:
         ^^^^^^^^^^^^^^^^^^^^^^^^^^^^^^^^^^^^^^^^^^^^^^
..\okto-r4-native-installed-zk_r383i\Lib\site-packages\starlette\testclient.py:517: in __enter__
    portal.call(self.wait_startup)
..\okto-r4-native-installed-zk_r383i\Lib\site-packages\anyio\from_thread.py:340: in call
    return cast(T_Retval, self.start_task_soon(func, *args).result())
                          ^^^^^^^^^^^^^^^^^^^^^^^^^^^^^^^^^^^^^^^^^^
C:\Python313\Lib\concurrent\futures\_base.py:456: in result
    return self.__get_result()
           ^^^^^^^^^^^^^^^^^^^
C:\Python313\Lib\concurrent\futures\_base.py:401: in __get_result
    raise self._exception
..\okto-r4-native-installed-zk_r383i\Lib\site-packages\anyio\from_thread.py:265: in _call_func
    retval = await retval_or_awaitable
             ^^^^^^^^^^^^^^^^^^^^^^^^^
..\okto-r4-native-installed-zk_r383i\Lib\site-packages\starlette\testclient.py:552: in wait_startup
    await receive()
..\okto-r4-native-installed-zk_r383i\Lib\site-packages\starlette\testclient.py:543: in receive
    self.task.result()
C:\Python313\Lib\concurrent\futures\_base.py:449: in result
    return self.__get_result()
           ^^^^^^^^^^^^^^^^^^^
C:\Python313\Lib\concurrent\futures\_base.py:401: in __get_result
    raise self._exception
..\okto-r4-native-installed-zk_r383i\Lib\site-packages\anyio\from_thread.py:265: in _call_func
    retval = await retval_or_awaitable
             ^^^^^^^^^^^^^^^^^^^^^^^^^
..\okto-r4-native-installed-zk_r383i\Lib\site-packages\starlette\testclient.py:533: in lifespan
    await self.app(scope, self.stream_receive.receive, self.stream_send.send)
..\okto-r4-native-installed-zk_r383i\Lib\site-packages\fastapi\applications.py:1202: in __call__
    await lifespan(
..\okto-r4-native-installed-zk_r383i\Lib\site-packages\fastapi\telemetry\_runtime.py:239: in lifespan
    await app(scope, wrapped_receive, wrapped_send)
..\okto-r4-native-installed-zk_r383i\Lib\site-packages\starlette\applications.py:96: in __call__
    await self.middleware_stack(scope, receive, send)
..\okto-r4-native-installed-zk_r383i\Lib\site-packages\starlette\middleware\errors.py:151: in __call__
    await self.app(scope, receive, send)
..\okto-r4-native-installed-zk_r383i\Lib\site-packages\fastapi\telemetry\_asgi.py:151: in __call__
    await self.app(scope, receive, send)
..\okto-r4-native-installed-zk_r383i\Lib\site-packages\starlette\middleware\base.py:103: in __call__
    await self.app(scope, receive, send)
..\okto-r4-native-installed-zk_r383i\Lib\site-packages\starlette\middleware\base.py:103: in __call__
    await self.app(scope, receive, send)
..\okto-r4-native-installed-zk_r383i\Lib\site-packages\starlette\middleware\base.py:103: in __call__
    await self.app(scope, receive, send)
..\okto-r4-native-installed-zk_r383i\Lib\site-packages\starlette\middleware\exceptions.py:49: in __call__
    await self.app(scope, receive, send)
..\okto-r4-native-installed-zk_r383i\Lib\site-packages\fastapi\middleware\asyncexitstack.py:18: in __call__
    await self.app(scope, receive, send)
..\okto-r4-native-installed-zk_r383i\Lib\site-packages\starlette\routing.py:676: in __call__
    await self.middleware_stack(scope, receive, send)
..\okto-r4-native-installed-zk_r383i\Lib\site-packages\fastapi\routing.py:2773: in app
    await self.lifespan(scope, receive, send)
..\okto-r4-native-installed-zk_r383i\Lib\site-packages\starlette\routing.py:654: in lifespan
    async with self.lifespan_context(app) as maybe_state:
               ^^^^^^^^^^^^^^^^^^^^^^^^^^
C:\Python313\Lib\contextlib.py:214: in __aenter__
    return await anext(self.gen)
           ^^^^^^^^^^^^^^^^^^^^^
..\okto-r4-native-installed-zk_r383i\Lib\site-packages\fastapi\routing.py:247: in merged_lifespan
    async with original_context(app) as maybe_original_state:
               ^^^^^^^^^^^^^^^^^^^^^
C:\Python313\Lib\contextlib.py:214: in __aenter__
    return await anext(self.gen)
           ^^^^^^^^^^^^^^^^^^^^^
..\okto-r4-native-installed-zk_r383i\Lib\site-packages\fastapi\routing.py:247: in merged_lifespan
    async with original_context(app) as maybe_original_state:
               ^^^^^^^^^^^^^^^^^^^^^
C:\Python313\Lib\contextlib.py:214: in __aenter__
    return await anext(self.gen)
           ^^^^^^^^^^^^^^^^^^^^^
..\okto-r4-native-installed-zk_r383i\Lib\site-packages\fastapi\routing.py:247: in merged_lifespan
    async with original_context(app) as maybe_original_state:
               ^^^^^^^^^^^^^^^^^^^^^
C:\Python313\Lib\contextlib.py:214: in __aenter__
    return await anext(self.gen)
           ^^^^^^^^^^^^^^^^^^^^^
..\okto-r4-native-installed-zk_r383i\Lib\site-packages\fastapi\routing.py:247: in merged_lifespan
    async with original_context(app) as maybe_original_state:
               ^^^^^^^^^^^^^^^^^^^^^
C:\Python313\Lib\contextlib.py:214: in __aenter__
    return await anext(self.gen)
           ^^^^^^^^^^^^^^^^^^^^^
..\okto-r4-native-installed-zk_r383i\Lib\site-packages\fastapi\routing.py:247: in merged_lifespan
    async with original_context(app) as maybe_original_state:
               ^^^^^^^^^^^^^^^^^^^^^
C:\Python313\Lib\contextlib.py:214: in __aenter__
    return await anext(self.gen)
           ^^^^^^^^^^^^^^^^^^^^^
..\okto-r4-native-installed-zk_r383i\Lib\site-packages\fastapi\routing.py:247: in merged_lifespan
    async with original_context(app) as maybe_original_state:
               ^^^^^^^^^^^^^^^^^^^^^
C:\Python313\Lib\contextlib.py:214: in __aenter__
    return await anext(self.gen)
           ^^^^^^^^^^^^^^^^^^^^^
..\okto-r4-native-installed-zk_r383i\Lib\site-packages\fastapi\routing.py:247: in merged_lifespan
    async with original_context(app) as maybe_original_state:
               ^^^^^^^^^^^^^^^^^^^^^
C:\Python313\Lib\contextlib.py:214: in __aenter__
    return await anext(self.gen)
           ^^^^^^^^^^^^^^^^^^^^^
..\okto-r4-native-installed-zk_r383i\Lib\site-packages\okto_nexus\adapters\inbound\http\app.py:603: in lifespan
    await embedded_inventory.start()
..\okto-r4-native-installed-zk_r383i\Lib\site-packages\okto_nexus\bootstrap\embedded_inventory.py:57: in start
    return await asyncio.shield(self._startup_task)
           ^^^^^^^^^^^^^^^^^^^^^^^^^^^^^^^^^^^^^^^^
..\okto-r4-native-installed-zk_r383i\Lib\site-packages\okto_nexus\bootstrap\embedded_inventory.py:61: in _start
    await self.refresh()
..\okto-r4-native-installed-zk_r383i\Lib\site-packages\okto_nexus\bootstrap\embedded_inventory.py:71: in refresh
    return await asyncio.shield(self._refresh_task)
           ^^^^^^^^^^^^^^^^^^^^^^^^^^^^^^^^^^^^^^^^
..\okto-r4-native-installed-zk_r383i\Lib\site-packages\okto_nexus\bootstrap\embedded_inventory.py:75: in _refresh_owned
    return await self._refresh()
           ^^^^^^^^^^^^^^^^^^^^^
..\okto-r4-native-installed-zk_r383i\Lib\site-packages\okto_nexus\bootstrap\embedded_inventory.py:84: in _refresh
    discovery = await asyncio.to_thread(discover_local_candidates,
C:\Python313\Lib\asyncio\threads.py:25: in to_thread
    return await loop.run_in_executor(None, func_call)
           ^^^^^^^^^^^^^^^^^^^^^^^^^^^^^^^^^^^^^^^^^^^
C:\Python313\Lib\concurrent\futures\thread.py:59: in run
    result = self.fn(*self.args, **self.kwargs)
             ^^^^^^^^^^^^^^^^^^^^^^^^^^^^^^^^^^
..\okto-r4-native-installed-zk_r383i\Lib\site-packages\okto_nexus\adapters\outbound\execution\core_inventory.py:83: in discover_local_candidates
    return _core().discover_installations(
           ^^^^^^^
_ _ _ _ _ _ _ _ _ _ _ _ _ _ _ _ _ _ _ _ _ _ _ _ _ _ _ _ _ _ _ _ _ _ _ _ _ _ _ _

    def _core():
        import nexus_connector_core as core
    
        if core.__version__ != CORE_INVENTORY_VERSION:
>           raise RuntimeError(
                f"Core {CORE_INVENTORY_VERSION} is required for R4 inventory; "
                f"installed {core.__version__}"
            )
E           RuntimeError: Core 0.2.40.dev0 is required for R4 inventory; installed 0.2.41.dev0

..\okto-r4-native-installed-zk_r383i\Lib\site-packages\okto_nexus\adapters\outbound\execution\core_inventory.py:27: RuntimeError
_ ERROR at setup of test_invalid_events_leave_storage_unchanged[revoked_ticket] _

fixturedef = <FixtureDef argname='onboarding' scope='function' baseid='test_event_ingress.py'>
request = <SubRequest 'onboarding' for <Function test_invalid_events_leave_storage_unchanged[revoked_ticket]>>

    @pytest.hookimpl(wrapper=True)
    def pytest_fixture_setup(fixturedef: FixtureDef, request) -> object | None:
        if (
            fixturedef.argname == "event_loop_policy"
            and fixturedef.func.__module__ != __name__
        ):
            warnings.warn(
                PytestDeprecationWarning(_EVENT_LOOP_POLICY_FIXTURE_DEPRECATION_WARNING),
            )
        asyncio_mode = _get_asyncio_mode(request.config)
        if not _is_asyncio_fixture_function(fixturedef.func):
            if asyncio_mode == Mode.STRICT:
                # Ignore async fixtures without explicit asyncio mark in strict mode
                # This applies to pytest_trio fixtures, for example
                return (yield)
            if not _is_coroutine_or_asyncgen(fixturedef.func):
>               return (yield)
                        ^^^^^

..\okto-r4-native-installed-zk_r383i\Lib\site-packages\pytest_asyncio\plugin.py:926: 
_ _ _ _ _ _ _ _ _ _ _ _ _ _ _ _ _ _ _ _ _ _ _ _ _ _ _ _ _ _ _ _ _ _ _ _ _ _ _ _
D:\Projetos\Techridy\okto_labs_okto_nexus\tests\execution_r4\test_binding_operator.py:32: in onboarding
    with TestClient(app, raise_server_exceptions=False) as client:
         ^^^^^^^^^^^^^^^^^^^^^^^^^^^^^^^^^^^^^^^^^^^^^^
..\okto-r4-native-installed-zk_r383i\Lib\site-packages\starlette\testclient.py:517: in __enter__
    portal.call(self.wait_startup)
..\okto-r4-native-installed-zk_r383i\Lib\site-packages\anyio\from_thread.py:340: in call
    return cast(T_Retval, self.start_task_soon(func, *args).result())
                          ^^^^^^^^^^^^^^^^^^^^^^^^^^^^^^^^^^^^^^^^^^
C:\Python313\Lib\concurrent\futures\_base.py:456: in result
    return self.__get_result()
           ^^^^^^^^^^^^^^^^^^^
C:\Python313\Lib\concurrent\futures\_base.py:401: in __get_result
    raise self._exception
..\okto-r4-native-installed-zk_r383i\Lib\site-packages\anyio\from_thread.py:265: in _call_func
    retval = await retval_or_awaitable
             ^^^^^^^^^^^^^^^^^^^^^^^^^
..\okto-r4-native-installed-zk_r383i\Lib\site-packages\starlette\testclient.py:552: in wait_startup
    await receive()
..\okto-r4-native-installed-zk_r383i\Lib\site-packages\starlette\testclient.py:543: in receive
    self.task.result()
C:\Python313\Lib\concurrent\futures\_base.py:449: in result
    return self.__get_result()
           ^^^^^^^^^^^^^^^^^^^
C:\Python313\Lib\concurrent\futures\_base.py:401: in __get_result
    raise self._exception
..\okto-r4-native-installed-zk_r383i\Lib\site-packages\anyio\from_thread.py:265: in _call_func
    retval = await retval_or_awaitable
             ^^^^^^^^^^^^^^^^^^^^^^^^^
..\okto-r4-native-installed-zk_r383i\Lib\site-packages\starlette\testclient.py:533: in lifespan
    await self.app(scope, self.stream_receive.receive, self.stream_send.send)
..\okto-r4-native-installed-zk_r383i\Lib\site-packages\fastapi\applications.py:1202: in __call__
    await lifespan(
..\okto-r4-native-installed-zk_r383i\Lib\site-packages\fastapi\telemetry\_runtime.py:239: in lifespan
    await app(scope, wrapped_receive, wrapped_send)
..\okto-r4-native-installed-zk_r383i\Lib\site-packages\starlette\applications.py:96: in __call__
    await self.middleware_stack(scope, receive, send)
..\okto-r4-native-installed-zk_r383i\Lib\site-packages\starlette\middleware\errors.py:151: in __call__
    await self.app(scope, receive, send)
..\okto-r4-native-installed-zk_r383i\Lib\site-packages\fastapi\telemetry\_asgi.py:151: in __call__
    await self.app(scope, receive, send)
..\okto-r4-native-installed-zk_r383i\Lib\site-packages\starlette\middleware\base.py:103: in __call__
    await self.app(scope, receive, send)
..\okto-r4-native-installed-zk_r383i\Lib\site-packages\starlette\middleware\base.py:103: in __call__
    await self.app(scope, receive, send)
..\okto-r4-native-installed-zk_r383i\Lib\site-packages\starlette\middleware\base.py:103: in __call__
    await self.app(scope, receive, send)
..\okto-r4-native-installed-zk_r383i\Lib\site-packages\starlette\middleware\exceptions.py:49: in __call__
    await self.app(scope, receive, send)
..\okto-r4-native-installed-zk_r383i\Lib\site-packages\fastapi\middleware\asyncexitstack.py:18: in __call__
    await self.app(scope, receive, send)
..\okto-r4-native-installed-zk_r383i\Lib\site-packages\starlette\routing.py:676: in __call__
    await self.middleware_stack(scope, receive, send)
..\okto-r4-native-installed-zk_r383i\Lib\site-packages\fastapi\routing.py:2773: in app
    await self.lifespan(scope, receive, send)
..\okto-r4-native-installed-zk_r383i\Lib\site-packages\starlette\routing.py:654: in lifespan
    async with self.lifespan_context(app) as maybe_state:
               ^^^^^^^^^^^^^^^^^^^^^^^^^^
C:\Python313\Lib\contextlib.py:214: in __aenter__
    return await anext(self.gen)
           ^^^^^^^^^^^^^^^^^^^^^
..\okto-r4-native-installed-zk_r383i\Lib\site-packages\fastapi\routing.py:247: in merged_lifespan
    async with original_context(app) as maybe_original_state:
               ^^^^^^^^^^^^^^^^^^^^^
C:\Python313\Lib\contextlib.py:214: in __aenter__
    return await anext(self.gen)
           ^^^^^^^^^^^^^^^^^^^^^
..\okto-r4-native-installed-zk_r383i\Lib\site-packages\fastapi\routing.py:247: in merged_lifespan
    async with original_context(app) as maybe_original_state:
               ^^^^^^^^^^^^^^^^^^^^^
C:\Python313\Lib\contextlib.py:214: in __aenter__
    return await anext(self.gen)
           ^^^^^^^^^^^^^^^^^^^^^
..\okto-r4-native-installed-zk_r383i\Lib\site-packages\fastapi\routing.py:247: in merged_lifespan
    async with original_context(app) as maybe_original_state:
               ^^^^^^^^^^^^^^^^^^^^^
C:\Python313\Lib\contextlib.py:214: in __aenter__
    return await anext(self.gen)
           ^^^^^^^^^^^^^^^^^^^^^
..\okto-r4-native-installed-zk_r383i\Lib\site-packages\fastapi\routing.py:247: in merged_lifespan
    async with original_context(app) as maybe_original_state:
               ^^^^^^^^^^^^^^^^^^^^^
C:\Python313\Lib\contextlib.py:214: in __aenter__
    return await anext(self.gen)
           ^^^^^^^^^^^^^^^^^^^^^
..\okto-r4-native-installed-zk_r383i\Lib\site-packages\fastapi\routing.py:247: in merged_lifespan
    async with original_context(app) as maybe_original_state:
               ^^^^^^^^^^^^^^^^^^^^^
C:\Python313\Lib\contextlib.py:214: in __aenter__
    return await anext(self.gen)
           ^^^^^^^^^^^^^^^^^^^^^
..\okto-r4-native-installed-zk_r383i\Lib\site-packages\fastapi\routing.py:247: in merged_lifespan
    async with original_context(app) as maybe_original_state:
               ^^^^^^^^^^^^^^^^^^^^^
C:\Python313\Lib\contextlib.py:214: in __aenter__
    return await anext(self.gen)
           ^^^^^^^^^^^^^^^^^^^^^
..\okto-r4-native-installed-zk_r383i\Lib\site-packages\fastapi\routing.py:247: in merged_lifespan
    async with original_context(app) as maybe_original_state:
               ^^^^^^^^^^^^^^^^^^^^^
C:\Python313\Lib\contextlib.py:214: in __aenter__
    return await anext(self.gen)
           ^^^^^^^^^^^^^^^^^^^^^
..\okto-r4-native-installed-zk_r383i\Lib\site-packages\okto_nexus\adapters\inbound\http\app.py:603: in lifespan
    await embedded_inventory.start()
..\okto-r4-native-installed-zk_r383i\Lib\site-packages\okto_nexus\bootstrap\embedded_inventory.py:57: in start
    return await asyncio.shield(self._startup_task)
           ^^^^^^^^^^^^^^^^^^^^^^^^^^^^^^^^^^^^^^^^
..\okto-r4-native-installed-zk_r383i\Lib\site-packages\okto_nexus\bootstrap\embedded_inventory.py:61: in _start
    await self.refresh()
..\okto-r4-native-installed-zk_r383i\Lib\site-packages\okto_nexus\bootstrap\embedded_inventory.py:71: in refresh
    return await asyncio.shield(self._refresh_task)
           ^^^^^^^^^^^^^^^^^^^^^^^^^^^^^^^^^^^^^^^^
..\okto-r4-native-installed-zk_r383i\Lib\site-packages\okto_nexus\bootstrap\embedded_inventory.py:75: in _refresh_owned
    return await self._refresh()
           ^^^^^^^^^^^^^^^^^^^^^
..\okto-r4-native-installed-zk_r383i\Lib\site-packages\okto_nexus\bootstrap\embedded_inventory.py:84: in _refresh
    discovery = await asyncio.to_thread(discover_local_candidates,
C:\Python313\Lib\asyncio\threads.py:25: in to_thread
    return await loop.run_in_executor(None, func_call)
           ^^^^^^^^^^^^^^^^^^^^^^^^^^^^^^^^^^^^^^^^^^^
C:\Python313\Lib\concurrent\futures\thread.py:59: in run
    result = self.fn(*self.args, **self.kwargs)
             ^^^^^^^^^^^^^^^^^^^^^^^^^^^^^^^^^^
..\okto-r4-native-installed-zk_r383i\Lib\site-packages\okto_nexus\adapters\outbound\execution\core_inventory.py:83: in discover_local_candidates
    return _core().discover_installations(
           ^^^^^^^
_ _ _ _ _ _ _ _ _ _ _ _ _ _ _ _ _ _ _ _ _ _ _ _ _ _ _ _ _ _ _ _ _ _ _ _ _ _ _ _

    def _core():
        import nexus_connector_core as core
    
        if core.__version__ != CORE_INVENTORY_VERSION:
>           raise RuntimeError(
                f"Core {CORE_INVENTORY_VERSION} is required for R4 inventory; "
                f"installed {core.__version__}"
            )
E           RuntimeError: Core 0.2.40.dev0 is required for R4 inventory; installed 0.2.41.dev0

..\okto-r4-native-installed-zk_r383i\Lib\site-packages\okto_nexus\adapters\outbound\execution\core_inventory.py:27: RuntimeError
_ ERROR at setup of test_invalid_events_leave_storage_unchanged[old_generation] _

fixturedef = <FixtureDef argname='onboarding' scope='function' baseid='test_event_ingress.py'>
request = <SubRequest 'onboarding' for <Function test_invalid_events_leave_storage_unchanged[old_generation]>>

    @pytest.hookimpl(wrapper=True)
    def pytest_fixture_setup(fixturedef: FixtureDef, request) -> object | None:
        if (
            fixturedef.argname == "event_loop_policy"
            and fixturedef.func.__module__ != __name__
        ):
            warnings.warn(
                PytestDeprecationWarning(_EVENT_LOOP_POLICY_FIXTURE_DEPRECATION_WARNING),
            )
        asyncio_mode = _get_asyncio_mode(request.config)
        if not _is_asyncio_fixture_function(fixturedef.func):
            if asyncio_mode == Mode.STRICT:
                # Ignore async fixtures without explicit asyncio mark in strict mode
                # This applies to pytest_trio fixtures, for example
                return (yield)
            if not _is_coroutine_or_asyncgen(fixturedef.func):
>               return (yield)
                        ^^^^^

..\okto-r4-native-installed-zk_r383i\Lib\site-packages\pytest_asyncio\plugin.py:926: 
_ _ _ _ _ _ _ _ _ _ _ _ _ _ _ _ _ _ _ _ _ _ _ _ _ _ _ _ _ _ _ _ _ _ _ _ _ _ _ _
D:\Projetos\Techridy\okto_labs_okto_nexus\tests\execution_r4\test_binding_operator.py:32: in onboarding
    with TestClient(app, raise_server_exceptions=False) as client:
         ^^^^^^^^^^^^^^^^^^^^^^^^^^^^^^^^^^^^^^^^^^^^^^
..\okto-r4-native-installed-zk_r383i\Lib\site-packages\starlette\testclient.py:517: in __enter__
    portal.call(self.wait_startup)
..\okto-r4-native-installed-zk_r383i\Lib\site-packages\anyio\from_thread.py:340: in call
    return cast(T_Retval, self.start_task_soon(func, *args).result())
                          ^^^^^^^^^^^^^^^^^^^^^^^^^^^^^^^^^^^^^^^^^^
C:\Python313\Lib\concurrent\futures\_base.py:456: in result
    return self.__get_result()
           ^^^^^^^^^^^^^^^^^^^
C:\Python313\Lib\concurrent\futures\_base.py:401: in __get_result
    raise self._exception
..\okto-r4-native-installed-zk_r383i\Lib\site-packages\anyio\from_thread.py:265: in _call_func
    retval = await retval_or_awaitable
             ^^^^^^^^^^^^^^^^^^^^^^^^^
..\okto-r4-native-installed-zk_r383i\Lib\site-packages\starlette\testclient.py:552: in wait_startup
    await receive()
..\okto-r4-native-installed-zk_r383i\Lib\site-packages\starlette\testclient.py:543: in receive
    self.task.result()
C:\Python313\Lib\concurrent\futures\_base.py:449: in result
    return self.__get_result()
           ^^^^^^^^^^^^^^^^^^^
C:\Python313\Lib\concurrent\futures\_base.py:401: in __get_result
    raise self._exception
..\okto-r4-native-installed-zk_r383i\Lib\site-packages\anyio\from_thread.py:265: in _call_func
    retval = await retval_or_awaitable
             ^^^^^^^^^^^^^^^^^^^^^^^^^
..\okto-r4-native-installed-zk_r383i\Lib\site-packages\starlette\testclient.py:533: in lifespan
    await self.app(scope, self.stream_receive.receive, self.stream_send.send)
..\okto-r4-native-installed-zk_r383i\Lib\site-packages\fastapi\applications.py:1202: in __call__
    await lifespan(
..\okto-r4-native-installed-zk_r383i\Lib\site-packages\fastapi\telemetry\_runtime.py:239: in lifespan
    await app(scope, wrapped_receive, wrapped_send)
..\okto-r4-native-installed-zk_r383i\Lib\site-packages\starlette\applications.py:96: in __call__
    await self.middleware_stack(scope, receive, send)
..\okto-r4-native-installed-zk_r383i\Lib\site-packages\starlette\middleware\errors.py:151: in __call__
    await self.app(scope, receive, send)
..\okto-r4-native-installed-zk_r383i\Lib\site-packages\fastapi\telemetry\_asgi.py:151: in __call__
    await self.app(scope, receive, send)
..\okto-r4-native-installed-zk_r383i\Lib\site-packages\starlette\middleware\base.py:103: in __call__
    await self.app(scope, receive, send)
..\okto-r4-native-installed-zk_r383i\Lib\site-packages\starlette\middleware\base.py:103: in __call__
    await self.app(scope, receive, send)
..\okto-r4-native-installed-zk_r383i\Lib\site-packages\starlette\middleware\base.py:103: in __call__
    await self.app(scope, receive, send)
..\okto-r4-native-installed-zk_r383i\Lib\site-packages\starlette\middleware\exceptions.py:49: in __call__
    await self.app(scope, receive, send)
..\okto-r4-native-installed-zk_r383i\Lib\site-packages\fastapi\middleware\asyncexitstack.py:18: in __call__
    await self.app(scope, receive, send)
..\okto-r4-native-installed-zk_r383i\Lib\site-packages\starlette\routing.py:676: in __call__
    await self.middleware_stack(scope, receive, send)
..\okto-r4-native-installed-zk_r383i\Lib\site-packages\fastapi\routing.py:2773: in app
    await self.lifespan(scope, receive, send)
..\okto-r4-native-installed-zk_r383i\Lib\site-packages\starlette\routing.py:654: in lifespan
    async with self.lifespan_context(app) as maybe_state:
               ^^^^^^^^^^^^^^^^^^^^^^^^^^
C:\Python313\Lib\contextlib.py:214: in __aenter__
    return await anext(self.gen)
           ^^^^^^^^^^^^^^^^^^^^^
..\okto-r4-native-installed-zk_r383i\Lib\site-packages\fastapi\routing.py:247: in merged_lifespan
    async with original_context(app) as maybe_original_state:
               ^^^^^^^^^^^^^^^^^^^^^
C:\Python313\Lib\contextlib.py:214: in __aenter__
    return await anext(self.gen)
           ^^^^^^^^^^^^^^^^^^^^^
..\okto-r4-native-installed-zk_r383i\Lib\site-packages\fastapi\routing.py:247: in merged_lifespan
    async with original_context(app) as maybe_original_state:
               ^^^^^^^^^^^^^^^^^^^^^
C:\Python313\Lib\contextlib.py:214: in __aenter__
    return await anext(self.gen)
           ^^^^^^^^^^^^^^^^^^^^^
..\okto-r4-native-installed-zk_r383i\Lib\site-packages\fastapi\routing.py:247: in merged_lifespan
    async with original_context(app) as maybe_original_state:
               ^^^^^^^^^^^^^^^^^^^^^
C:\Python313\Lib\contextlib.py:214: in __aenter__
    return await anext(self.gen)
           ^^^^^^^^^^^^^^^^^^^^^
..\okto-r4-native-installed-zk_r383i\Lib\site-packages\fastapi\routing.py:247: in merged_lifespan
    async with original_context(app) as maybe_original_state:
               ^^^^^^^^^^^^^^^^^^^^^
C:\Python313\Lib\contextlib.py:214: in __aenter__
    return await anext(self.gen)
           ^^^^^^^^^^^^^^^^^^^^^
..\okto-r4-native-installed-zk_r383i\Lib\site-packages\fastapi\routing.py:247: in merged_lifespan
    async with original_context(app) as maybe_original_state:
               ^^^^^^^^^^^^^^^^^^^^^
C:\Python313\Lib\contextlib.py:214: in __aenter__
    return await anext(self.gen)
           ^^^^^^^^^^^^^^^^^^^^^
..\okto-r4-native-installed-zk_r383i\Lib\site-packages\fastapi\routing.py:247: in merged_lifespan
    async with original_context(app) as maybe_original_state:
               ^^^^^^^^^^^^^^^^^^^^^
C:\Python313\Lib\contextlib.py:214: in __aenter__
    return await anext(self.gen)
           ^^^^^^^^^^^^^^^^^^^^^
..\okto-r4-native-installed-zk_r383i\Lib\site-packages\fastapi\routing.py:247: in merged_lifespan
    async with original_context(app) as maybe_original_state:
               ^^^^^^^^^^^^^^^^^^^^^
C:\Python313\Lib\contextlib.py:214: in __aenter__
    return await anext(self.gen)
           ^^^^^^^^^^^^^^^^^^^^^
..\okto-r4-native-installed-zk_r383i\Lib\site-packages\okto_nexus\adapters\inbound\http\app.py:603: in lifespan
    await embedded_inventory.start()
..\okto-r4-native-installed-zk_r383i\Lib\site-packages\okto_nexus\bootstrap\embedded_inventory.py:57: in start
    return await asyncio.shield(self._startup_task)
           ^^^^^^^^^^^^^^^^^^^^^^^^^^^^^^^^^^^^^^^^
..\okto-r4-native-installed-zk_r383i\Lib\site-packages\okto_nexus\bootstrap\embedded_inventory.py:61: in _start
    await self.refresh()
..\okto-r4-native-installed-zk_r383i\Lib\site-packages\okto_nexus\bootstrap\embedded_inventory.py:71: in refresh
    return await asyncio.shield(self._refresh_task)
           ^^^^^^^^^^^^^^^^^^^^^^^^^^^^^^^^^^^^^^^^
..\okto-r4-native-installed-zk_r383i\Lib\site-packages\okto_nexus\bootstrap\embedded_inventory.py:75: in _refresh_owned
    return await self._refresh()
           ^^^^^^^^^^^^^^^^^^^^^
..\okto-r4-native-installed-zk_r383i\Lib\site-packages\okto_nexus\bootstrap\embedded_inventory.py:84: in _refresh
    discovery = await asyncio.to_thread(discover_local_candidates,
C:\Python313\Lib\asyncio\threads.py:25: in to_thread
    return await loop.run_in_executor(None, func_call)
           ^^^^^^^^^^^^^^^^^^^^^^^^^^^^^^^^^^^^^^^^^^^
C:\Python313\Lib\concurrent\futures\thread.py:59: in run
    result = self.fn(*self.args, **self.kwargs)
             ^^^^^^^^^^^^^^^^^^^^^^^^^^^^^^^^^^
..\okto-r4-native-installed-zk_r383i\Lib\site-packages\okto_nexus\adapters\outbound\execution\core_inventory.py:83: in discover_local_candidates
    return _core().discover_installations(
           ^^^^^^^
_ _ _ _ _ _ _ _ _ _ _ _ _ _ _ _ _ _ _ _ _ _ _ _ _ _ _ _ _ _ _ _ _ _ _ _ _ _ _ _

    def _core():
        import nexus_connector_core as core
    
        if core.__version__ != CORE_INVENTORY_VERSION:
>           raise RuntimeError(
                f"Core {CORE_INVENTORY_VERSION} is required for R4 inventory; "
                f"installed {core.__version__}"
            )
E           RuntimeError: Core 0.2.40.dev0 is required for R4 inventory; installed 0.2.41.dev0

..\okto-r4-native-installed-zk_r383i\Lib\site-packages\okto_nexus\adapters\outbound\execution\core_inventory.py:27: RuntimeError
_ ERROR at setup of test_invalid_events_leave_storage_unchanged[changed_revision] _

fixturedef = <FixtureDef argname='onboarding' scope='function' baseid='test_event_ingress.py'>
request = <SubRequest 'onboarding' for <Function test_invalid_events_leave_storage_unchanged[changed_revision]>>

    @pytest.hookimpl(wrapper=True)
    def pytest_fixture_setup(fixturedef: FixtureDef, request) -> object | None:
        if (
            fixturedef.argname == "event_loop_policy"
            and fixturedef.func.__module__ != __name__
        ):
            warnings.warn(
                PytestDeprecationWarning(_EVENT_LOOP_POLICY_FIXTURE_DEPRECATION_WARNING),
            )
        asyncio_mode = _get_asyncio_mode(request.config)
        if not _is_asyncio_fixture_function(fixturedef.func):
            if asyncio_mode == Mode.STRICT:
                # Ignore async fixtures without explicit asyncio mark in strict mode
                # This applies to pytest_trio fixtures, for example
                return (yield)
            if not _is_coroutine_or_asyncgen(fixturedef.func):
>               return (yield)
                        ^^^^^

..\okto-r4-native-installed-zk_r383i\Lib\site-packages\pytest_asyncio\plugin.py:926: 
_ _ _ _ _ _ _ _ _ _ _ _ _ _ _ _ _ _ _ _ _ _ _ _ _ _ _ _ _ _ _ _ _ _ _ _ _ _ _ _
D:\Projetos\Techridy\okto_labs_okto_nexus\tests\execution_r4\test_binding_operator.py:32: in onboarding
    with TestClient(app, raise_server_exceptions=False) as client:
         ^^^^^^^^^^^^^^^^^^^^^^^^^^^^^^^^^^^^^^^^^^^^^^
..\okto-r4-native-installed-zk_r383i\Lib\site-packages\starlette\testclient.py:517: in __enter__
    portal.call(self.wait_startup)
..\okto-r4-native-installed-zk_r383i\Lib\site-packages\anyio\from_thread.py:340: in call
    return cast(T_Retval, self.start_task_soon(func, *args).result())
                          ^^^^^^^^^^^^^^^^^^^^^^^^^^^^^^^^^^^^^^^^^^
C:\Python313\Lib\concurrent\futures\_base.py:456: in result
    return self.__get_result()
           ^^^^^^^^^^^^^^^^^^^
C:\Python313\Lib\concurrent\futures\_base.py:401: in __get_result
    raise self._exception
..\okto-r4-native-installed-zk_r383i\Lib\site-packages\anyio\from_thread.py:265: in _call_func
    retval = await retval_or_awaitable
             ^^^^^^^^^^^^^^^^^^^^^^^^^
..\okto-r4-native-installed-zk_r383i\Lib\site-packages\starlette\testclient.py:552: in wait_startup
    await receive()
..\okto-r4-native-installed-zk_r383i\Lib\site-packages\starlette\testclient.py:543: in receive
    self.task.result()
C:\Python313\Lib\concurrent\futures\_base.py:449: in result
    return self.__get_result()
           ^^^^^^^^^^^^^^^^^^^
C:\Python313\Lib\concurrent\futures\_base.py:401: in __get_result
    raise self._exception
..\okto-r4-native-installed-zk_r383i\Lib\site-packages\anyio\from_thread.py:265: in _call_func
    retval = await retval_or_awaitable
             ^^^^^^^^^^^^^^^^^^^^^^^^^
..\okto-r4-native-installed-zk_r383i\Lib\site-packages\starlette\testclient.py:533: in lifespan
    await self.app(scope, self.stream_receive.receive, self.stream_send.send)
..\okto-r4-native-installed-zk_r383i\Lib\site-packages\fastapi\applications.py:1202: in __call__
    await lifespan(
..\okto-r4-native-installed-zk_r383i\Lib\site-packages\fastapi\telemetry\_runtime.py:239: in lifespan
    await app(scope, wrapped_receive, wrapped_send)
..\okto-r4-native-installed-zk_r383i\Lib\site-packages\starlette\applications.py:96: in __call__
    await self.middleware_stack(scope, receive, send)
..\okto-r4-native-installed-zk_r383i\Lib\site-packages\starlette\middleware\errors.py:151: in __call__
    await self.app(scope, receive, send)
..\okto-r4-native-installed-zk_r383i\Lib\site-packages\fastapi\telemetry\_asgi.py:151: in __call__
    await self.app(scope, receive, send)
..\okto-r4-native-installed-zk_r383i\Lib\site-packages\starlette\middleware\base.py:103: in __call__
    await self.app(scope, receive, send)
..\okto-r4-native-installed-zk_r383i\Lib\site-packages\starlette\middleware\base.py:103: in __call__
    await self.app(scope, receive, send)
..\okto-r4-native-installed-zk_r383i\Lib\site-packages\starlette\middleware\base.py:103: in __call__
    await self.app(scope, receive, send)
..\okto-r4-native-installed-zk_r383i\Lib\site-packages\starlette\middleware\exceptions.py:49: in __call__
    await self.app(scope, receive, send)
..\okto-r4-native-installed-zk_r383i\Lib\site-packages\fastapi\middleware\asyncexitstack.py:18: in __call__
    await self.app(scope, receive, send)
..\okto-r4-native-installed-zk_r383i\Lib\site-packages\starlette\routing.py:676: in __call__
    await self.middleware_stack(scope, receive, send)
..\okto-r4-native-installed-zk_r383i\Lib\site-packages\fastapi\routing.py:2773: in app
    await self.lifespan(scope, receive, send)
..\okto-r4-native-installed-zk_r383i\Lib\site-packages\starlette\routing.py:654: in lifespan
    async with self.lifespan_context(app) as maybe_state:
               ^^^^^^^^^^^^^^^^^^^^^^^^^^
C:\Python313\Lib\contextlib.py:214: in __aenter__
    return await anext(self.gen)
           ^^^^^^^^^^^^^^^^^^^^^
..\okto-r4-native-installed-zk_r383i\Lib\site-packages\fastapi\routing.py:247: in merged_lifespan
    async with original_context(app) as maybe_original_state:
               ^^^^^^^^^^^^^^^^^^^^^
C:\Python313\Lib\contextlib.py:214: in __aenter__
    return await anext(self.gen)
           ^^^^^^^^^^^^^^^^^^^^^
..\okto-r4-native-installed-zk_r383i\Lib\site-packages\fastapi\routing.py:247: in merged_lifespan
    async with original_context(app) as maybe_original_state:
               ^^^^^^^^^^^^^^^^^^^^^
C:\Python313\Lib\contextlib.py:214: in __aenter__
    return await anext(self.gen)
           ^^^^^^^^^^^^^^^^^^^^^
..\okto-r4-native-installed-zk_r383i\Lib\site-packages\fastapi\routing.py:247: in merged_lifespan
    async with original_context(app) as maybe_original_state:
               ^^^^^^^^^^^^^^^^^^^^^
C:\Python313\Lib\contextlib.py:214: in __aenter__
    return await anext(self.gen)
           ^^^^^^^^^^^^^^^^^^^^^
..\okto-r4-native-installed-zk_r383i\Lib\site-packages\fastapi\routing.py:247: in merged_lifespan
    async with original_context(app) as maybe_original_state:
               ^^^^^^^^^^^^^^^^^^^^^
C:\Python313\Lib\contextlib.py:214: in __aenter__
    return await anext(self.gen)
           ^^^^^^^^^^^^^^^^^^^^^
..\okto-r4-native-installed-zk_r383i\Lib\site-packages\fastapi\routing.py:247: in merged_lifespan
    async with original_context(app) as maybe_original_state:
               ^^^^^^^^^^^^^^^^^^^^^
C:\Python313\Lib\contextlib.py:214: in __aenter__
    return await anext(self.gen)
           ^^^^^^^^^^^^^^^^^^^^^
..\okto-r4-native-installed-zk_r383i\Lib\site-packages\fastapi\routing.py:247: in merged_lifespan
    async with original_context(app) as maybe_original_state:
               ^^^^^^^^^^^^^^^^^^^^^
C:\Python313\Lib\contextlib.py:214: in __aenter__
    return await anext(self.gen)
           ^^^^^^^^^^^^^^^^^^^^^
..\okto-r4-native-installed-zk_r383i\Lib\site-packages\fastapi\routing.py:247: in merged_lifespan
    async with original_context(app) as maybe_original_state:
               ^^^^^^^^^^^^^^^^^^^^^
C:\Python313\Lib\contextlib.py:214: in __aenter__
    return await anext(self.gen)
           ^^^^^^^^^^^^^^^^^^^^^
..\okto-r4-native-installed-zk_r383i\Lib\site-packages\okto_nexus\adapters\inbound\http\app.py:603: in lifespan
    await embedded_inventory.start()
..\okto-r4-native-installed-zk_r383i\Lib\site-packages\okto_nexus\bootstrap\embedded_inventory.py:57: in start
    return await asyncio.shield(self._startup_task)
           ^^^^^^^^^^^^^^^^^^^^^^^^^^^^^^^^^^^^^^^^
..\okto-r4-native-installed-zk_r383i\Lib\site-packages\okto_nexus\bootstrap\embedded_inventory.py:61: in _start
    await self.refresh()
..\okto-r4-native-installed-zk_r383i\Lib\site-packages\okto_nexus\bootstrap\embedded_inventory.py:71: in refresh
    return await asyncio.shield(self._refresh_task)
           ^^^^^^^^^^^^^^^^^^^^^^^^^^^^^^^^^^^^^^^^
..\okto-r4-native-installed-zk_r383i\Lib\site-packages\okto_nexus\bootstrap\embedded_inventory.py:75: in _refresh_owned
    return await self._refresh()
           ^^^^^^^^^^^^^^^^^^^^^
..\okto-r4-native-installed-zk_r383i\Lib\site-packages\okto_nexus\bootstrap\embedded_inventory.py:84: in _refresh
    discovery = await asyncio.to_thread(discover_local_candidates,
C:\Python313\Lib\asyncio\threads.py:25: in to_thread
    return await loop.run_in_executor(None, func_call)
           ^^^^^^^^^^^^^^^^^^^^^^^^^^^^^^^^^^^^^^^^^^^
C:\Python313\Lib\concurrent\futures\thread.py:59: in run
    result = self.fn(*self.args, **self.kwargs)
             ^^^^^^^^^^^^^^^^^^^^^^^^^^^^^^^^^^
..\okto-r4-native-installed-zk_r383i\Lib\site-packages\okto_nexus\adapters\outbound\execution\core_inventory.py:83: in discover_local_candidates
    return _core().discover_installations(
           ^^^^^^^
_ _ _ _ _ _ _ _ _ _ _ _ _ _ _ _ _ _ _ _ _ _ _ _ _ _ _ _ _ _ _ _ _ _ _ _ _ _ _ _

    def _core():
        import nexus_connector_core as core
    
        if core.__version__ != CORE_INVENTORY_VERSION:
>           raise RuntimeError(
                f"Core {CORE_INVENTORY_VERSION} is required for R4 inventory; "
                f"installed {core.__version__}"
            )
E           RuntimeError: Core 0.2.40.dev0 is required for R4 inventory; installed 0.2.41.dev0

..\okto-r4-native-installed-zk_r383i\Lib\site-packages\okto_nexus\adapters\outbound\execution\core_inventory.py:27: RuntimeError
__ ERROR at setup of test_invalid_events_leave_storage_unchanged[oversized] ___

fixturedef = <FixtureDef argname='onboarding' scope='function' baseid='test_event_ingress.py'>
request = <SubRequest 'onboarding' for <Function test_invalid_events_leave_storage_unchanged[oversized]>>

    @pytest.hookimpl(wrapper=True)
    def pytest_fixture_setup(fixturedef: FixtureDef, request) -> object | None:
        if (
            fixturedef.argname == "event_loop_policy"
            and fixturedef.func.__module__ != __name__
        ):
            warnings.warn(
                PytestDeprecationWarning(_EVENT_LOOP_POLICY_FIXTURE_DEPRECATION_WARNING),
            )
        asyncio_mode = _get_asyncio_mode(request.config)
        if not _is_asyncio_fixture_function(fixturedef.func):
            if asyncio_mode == Mode.STRICT:
                # Ignore async fixtures without explicit asyncio mark in strict mode
                # This applies to pytest_trio fixtures, for example
                return (yield)
            if not _is_coroutine_or_asyncgen(fixturedef.func):
>               return (yield)
                        ^^^^^

..\okto-r4-native-installed-zk_r383i\Lib\site-packages\pytest_asyncio\plugin.py:926: 
_ _ _ _ _ _ _ _ _ _ _ _ _ _ _ _ _ _ _ _ _ _ _ _ _ _ _ _ _ _ _ _ _ _ _ _ _ _ _ _
D:\Projetos\Techridy\okto_labs_okto_nexus\tests\execution_r4\test_binding_operator.py:32: in onboarding
    with TestClient(app, raise_server_exceptions=False) as client:
         ^^^^^^^^^^^^^^^^^^^^^^^^^^^^^^^^^^^^^^^^^^^^^^
..\okto-r4-native-installed-zk_r383i\Lib\site-packages\starlette\testclient.py:517: in __enter__
    portal.call(self.wait_startup)
..\okto-r4-native-installed-zk_r383i\Lib\site-packages\anyio\from_thread.py:340: in call
    return cast(T_Retval, self.start_task_soon(func, *args).result())
                          ^^^^^^^^^^^^^^^^^^^^^^^^^^^^^^^^^^^^^^^^^^
C:\Python313\Lib\concurrent\futures\_base.py:456: in result
    return self.__get_result()
           ^^^^^^^^^^^^^^^^^^^
C:\Python313\Lib\concurrent\futures\_base.py:401: in __get_result
    raise self._exception
..\okto-r4-native-installed-zk_r383i\Lib\site-packages\anyio\from_thread.py:265: in _call_func
    retval = await retval_or_awaitable
             ^^^^^^^^^^^^^^^^^^^^^^^^^
..\okto-r4-native-installed-zk_r383i\Lib\site-packages\starlette\testclient.py:552: in wait_startup
    await receive()
..\okto-r4-native-installed-zk_r383i\Lib\site-packages\starlette\testclient.py:543: in receive
    self.task.result()
C:\Python313\Lib\concurrent\futures\_base.py:449: in result
    return self.__get_result()
           ^^^^^^^^^^^^^^^^^^^
C:\Python313\Lib\concurrent\futures\_base.py:401: in __get_result
    raise self._exception
..\okto-r4-native-installed-zk_r383i\Lib\site-packages\anyio\from_thread.py:265: in _call_func
    retval = await retval_or_awaitable
             ^^^^^^^^^^^^^^^^^^^^^^^^^
..\okto-r4-native-installed-zk_r383i\Lib\site-packages\starlette\testclient.py:533: in lifespan
    await self.app(scope, self.stream_receive.receive, self.stream_send.send)
..\okto-r4-native-installed-zk_r383i\Lib\site-packages\fastapi\applications.py:1202: in __call__
    await lifespan(
..\okto-r4-native-installed-zk_r383i\Lib\site-packages\fastapi\telemetry\_runtime.py:239: in lifespan
    await app(scope, wrapped_receive, wrapped_send)
..\okto-r4-native-installed-zk_r383i\Lib\site-packages\starlette\applications.py:96: in __call__
    await self.middleware_stack(scope, receive, send)
..\okto-r4-native-installed-zk_r383i\Lib\site-packages\starlette\middleware\errors.py:151: in __call__
    await self.app(scope, receive, send)
..\okto-r4-native-installed-zk_r383i\Lib\site-packages\fastapi\telemetry\_asgi.py:151: in __call__
    await self.app(scope, receive, send)
..\okto-r4-native-installed-zk_r383i\Lib\site-packages\starlette\middleware\base.py:103: in __call__
    await self.app(scope, receive, send)
..\okto-r4-native-installed-zk_r383i\Lib\site-packages\starlette\middleware\base.py:103: in __call__
    await self.app(scope, receive, send)
..\okto-r4-native-installed-zk_r383i\Lib\site-packages\starlette\middleware\base.py:103: in __call__
    await self.app(scope, receive, send)
..\okto-r4-native-installed-zk_r383i\Lib\site-packages\starlette\middleware\exceptions.py:49: in __call__
    await self.app(scope, receive, send)
..\okto-r4-native-installed-zk_r383i\Lib\site-packages\fastapi\middleware\asyncexitstack.py:18: in __call__
    await self.app(scope, receive, send)
..\okto-r4-native-installed-zk_r383i\Lib\site-packages\starlette\routing.py:676: in __call__
    await self.middleware_stack(scope, receive, send)
..\okto-r4-native-installed-zk_r383i\Lib\site-packages\fastapi\routing.py:2773: in app
    await self.lifespan(scope, receive, send)
..\okto-r4-native-installed-zk_r383i\Lib\site-packages\starlette\routing.py:654: in lifespan
    async with self.lifespan_context(app) as maybe_state:
               ^^^^^^^^^^^^^^^^^^^^^^^^^^
C:\Python313\Lib\contextlib.py:214: in __aenter__
    return await anext(self.gen)
           ^^^^^^^^^^^^^^^^^^^^^
..\okto-r4-native-installed-zk_r383i\Lib\site-packages\fastapi\routing.py:247: in merged_lifespan
    async with original_context(app) as maybe_original_state:
               ^^^^^^^^^^^^^^^^^^^^^
C:\Python313\Lib\contextlib.py:214: in __aenter__
    return await anext(self.gen)
           ^^^^^^^^^^^^^^^^^^^^^
..\okto-r4-native-installed-zk_r383i\Lib\site-packages\fastapi\routing.py:247: in merged_lifespan
    async with original_context(app) as maybe_original_state:
               ^^^^^^^^^^^^^^^^^^^^^
C:\Python313\Lib\contextlib.py:214: in __aenter__
    return await anext(self.gen)
           ^^^^^^^^^^^^^^^^^^^^^
..\okto-r4-native-installed-zk_r383i\Lib\site-packages\fastapi\routing.py:247: in merged_lifespan
    async with original_context(app) as maybe_original_state:
               ^^^^^^^^^^^^^^^^^^^^^
C:\Python313\Lib\contextlib.py:214: in __aenter__
    return await anext(self.gen)
           ^^^^^^^^^^^^^^^^^^^^^
..\okto-r4-native-installed-zk_r383i\Lib\site-packages\fastapi\routing.py:247: in merged_lifespan
    async with original_context(app) as maybe_original_state:
               ^^^^^^^^^^^^^^^^^^^^^
C:\Python313\Lib\contextlib.py:214: in __aenter__
    return await anext(self.gen)
           ^^^^^^^^^^^^^^^^^^^^^
..\okto-r4-native-installed-zk_r383i\Lib\site-packages\fastapi\routing.py:247: in merged_lifespan
    async with original_context(app) as maybe_original_state:
               ^^^^^^^^^^^^^^^^^^^^^
C:\Python313\Lib\contextlib.py:214: in __aenter__
    return await anext(self.gen)
           ^^^^^^^^^^^^^^^^^^^^^
..\okto-r4-native-installed-zk_r383i\Lib\site-packages\fastapi\routing.py:247: in merged_lifespan
    async with original_context(app) as maybe_original_state:
               ^^^^^^^^^^^^^^^^^^^^^
C:\Python313\Lib\contextlib.py:214: in __aenter__
    return await anext(self.gen)
           ^^^^^^^^^^^^^^^^^^^^^
..\okto-r4-native-installed-zk_r383i\Lib\site-packages\fastapi\routing.py:247: in merged_lifespan
    async with original_context(app) as maybe_original_state:
               ^^^^^^^^^^^^^^^^^^^^^
C:\Python313\Lib\contextlib.py:214: in __aenter__
    return await anext(self.gen)
           ^^^^^^^^^^^^^^^^^^^^^
..\okto-r4-native-installed-zk_r383i\Lib\site-packages\okto_nexus\adapters\inbound\http\app.py:603: in lifespan
    await embedded_inventory.start()
..\okto-r4-native-installed-zk_r383i\Lib\site-packages\okto_nexus\bootstrap\embedded_inventory.py:57: in start
    return await asyncio.shield(self._startup_task)
           ^^^^^^^^^^^^^^^^^^^^^^^^^^^^^^^^^^^^^^^^
..\okto-r4-native-installed-zk_r383i\Lib\site-packages\okto_nexus\bootstrap\embedded_inventory.py:61: in _start
    await self.refresh()
..\okto-r4-native-installed-zk_r383i\Lib\site-packages\okto_nexus\bootstrap\embedded_inventory.py:71: in refresh
    return await asyncio.shield(self._refresh_task)
           ^^^^^^^^^^^^^^^^^^^^^^^^^^^^^^^^^^^^^^^^
..\okto-r4-native-installed-zk_r383i\Lib\site-packages\okto_nexus\bootstrap\embedded_inventory.py:75: in _refresh_owned
    return await self._refresh()
           ^^^^^^^^^^^^^^^^^^^^^
..\okto-r4-native-installed-zk_r383i\Lib\site-packages\okto_nexus\bootstrap\embedded_inventory.py:84: in _refresh
    discovery = await asyncio.to_thread(discover_local_candidates,
C:\Python313\Lib\asyncio\threads.py:25: in to_thread
    return await loop.run_in_executor(None, func_call)
           ^^^^^^^^^^^^^^^^^^^^^^^^^^^^^^^^^^^^^^^^^^^
C:\Python313\Lib\concurrent\futures\thread.py:59: in run
    result = self.fn(*self.args, **self.kwargs)
             ^^^^^^^^^^^^^^^^^^^^^^^^^^^^^^^^^^
..\okto-r4-native-installed-zk_r383i\Lib\site-packages\okto_nexus\adapters\outbound\execution\core_inventory.py:83: in discover_local_candidates
    return _core().discover_installations(
           ^^^^^^^
_ _ _ _ _ _ _ _ _ _ _ _ _ _ _ _ _ _ _ _ _ _ _ _ _ _ _ _ _ _ _ _ _ _ _ _ _ _ _ _

    def _core():
        import nexus_connector_core as core
    
        if core.__version__ != CORE_INVENTORY_VERSION:
>           raise RuntimeError(
                f"Core {CORE_INVENTORY_VERSION} is required for R4 inventory; "
                f"installed {core.__version__}"
            )
E           RuntimeError: Core 0.2.40.dev0 is required for R4 inventory; installed 0.2.41.dev0

..\okto-r4-native-installed-zk_r383i\Lib\site-packages\okto_nexus\adapters\outbound\execution\core_inventory.py:27: RuntimeError
___ ERROR at setup of test_invalid_events_leave_storage_unchanged[far_gap] ____

fixturedef = <FixtureDef argname='onboarding' scope='function' baseid='test_event_ingress.py'>
request = <SubRequest 'onboarding' for <Function test_invalid_events_leave_storage_unchanged[far_gap]>>

    @pytest.hookimpl(wrapper=True)
    def pytest_fixture_setup(fixturedef: FixtureDef, request) -> object | None:
        if (
            fixturedef.argname == "event_loop_policy"
            and fixturedef.func.__module__ != __name__
        ):
            warnings.warn(
                PytestDeprecationWarning(_EVENT_LOOP_POLICY_FIXTURE_DEPRECATION_WARNING),
            )
        asyncio_mode = _get_asyncio_mode(request.config)
        if not _is_asyncio_fixture_function(fixturedef.func):
            if asyncio_mode == Mode.STRICT:
                # Ignore async fixtures without explicit asyncio mark in strict mode
                # This applies to pytest_trio fixtures, for example
                return (yield)
            if not _is_coroutine_or_asyncgen(fixturedef.func):
>               return (yield)
                        ^^^^^

..\okto-r4-native-installed-zk_r383i\Lib\site-packages\pytest_asyncio\plugin.py:926: 
_ _ _ _ _ _ _ _ _ _ _ _ _ _ _ _ _ _ _ _ _ _ _ _ _ _ _ _ _ _ _ _ _ _ _ _ _ _ _ _
D:\Projetos\Techridy\okto_labs_okto_nexus\tests\execution_r4\test_binding_operator.py:32: in onboarding
    with TestClient(app, raise_server_exceptions=False) as client:
         ^^^^^^^^^^^^^^^^^^^^^^^^^^^^^^^^^^^^^^^^^^^^^^
..\okto-r4-native-installed-zk_r383i\Lib\site-packages\starlette\testclient.py:517: in __enter__
    portal.call(self.wait_startup)
..\okto-r4-native-installed-zk_r383i\Lib\site-packages\anyio\from_thread.py:340: in call
    return cast(T_Retval, self.start_task_soon(func, *args).result())
                          ^^^^^^^^^^^^^^^^^^^^^^^^^^^^^^^^^^^^^^^^^^
C:\Python313\Lib\concurrent\futures\_base.py:456: in result
    return self.__get_result()
           ^^^^^^^^^^^^^^^^^^^
C:\Python313\Lib\concurrent\futures\_base.py:401: in __get_result
    raise self._exception
..\okto-r4-native-installed-zk_r383i\Lib\site-packages\anyio\from_thread.py:265: in _call_func
    retval = await retval_or_awaitable
             ^^^^^^^^^^^^^^^^^^^^^^^^^
..\okto-r4-native-installed-zk_r383i\Lib\site-packages\starlette\testclient.py:552: in wait_startup
    await receive()
..\okto-r4-native-installed-zk_r383i\Lib\site-packages\starlette\testclient.py:543: in receive
    self.task.result()
C:\Python313\Lib\concurrent\futures\_base.py:449: in result
    return self.__get_result()
           ^^^^^^^^^^^^^^^^^^^
C:\Python313\Lib\concurrent\futures\_base.py:401: in __get_result
    raise self._exception
..\okto-r4-native-installed-zk_r383i\Lib\site-packages\anyio\from_thread.py:265: in _call_func
    retval = await retval_or_awaitable
             ^^^^^^^^^^^^^^^^^^^^^^^^^
..\okto-r4-native-installed-zk_r383i\Lib\site-packages\starlette\testclient.py:533: in lifespan
    await self.app(scope, self.stream_receive.receive, self.stream_send.send)
..\okto-r4-native-installed-zk_r383i\Lib\site-packages\fastapi\applications.py:1202: in __call__
    await lifespan(
..\okto-r4-native-installed-zk_r383i\Lib\site-packages\fastapi\telemetry\_runtime.py:239: in lifespan
    await app(scope, wrapped_receive, wrapped_send)
..\okto-r4-native-installed-zk_r383i\Lib\site-packages\starlette\applications.py:96: in __call__
    await self.middleware_stack(scope, receive, send)
..\okto-r4-native-installed-zk_r383i\Lib\site-packages\starlette\middleware\errors.py:151: in __call__
    await self.app(scope, receive, send)
..\okto-r4-native-installed-zk_r383i\Lib\site-packages\fastapi\telemetry\_asgi.py:151: in __call__
    await self.app(scope, receive, send)
..\okto-r4-native-installed-zk_r383i\Lib\site-packages\starlette\middleware\base.py:103: in __call__
    await self.app(scope, receive, send)
..\okto-r4-native-installed-zk_r383i\Lib\site-packages\starlette\middleware\base.py:103: in __call__
    await self.app(scope, receive, send)
..\okto-r4-native-installed-zk_r383i\Lib\site-packages\starlette\middleware\base.py:103: in __call__
    await self.app(scope, receive, send)
..\okto-r4-native-installed-zk_r383i\Lib\site-packages\starlette\middleware\exceptions.py:49: in __call__
    await self.app(scope, receive, send)
..\okto-r4-native-installed-zk_r383i\Lib\site-packages\fastapi\middleware\asyncexitstack.py:18: in __call__
    await self.app(scope, receive, send)
..\okto-r4-native-installed-zk_r383i\Lib\site-packages\starlette\routing.py:676: in __call__
    await self.middleware_stack(scope, receive, send)
..\okto-r4-native-installed-zk_r383i\Lib\site-packages\fastapi\routing.py:2773: in app
    await self.lifespan(scope, receive, send)
..\okto-r4-native-installed-zk_r383i\Lib\site-packages\starlette\routing.py:654: in lifespan
    async with self.lifespan_context(app) as maybe_state:
               ^^^^^^^^^^^^^^^^^^^^^^^^^^
C:\Python313\Lib\contextlib.py:214: in __aenter__
    return await anext(self.gen)
           ^^^^^^^^^^^^^^^^^^^^^
..\okto-r4-native-installed-zk_r383i\Lib\site-packages\fastapi\routing.py:247: in merged_lifespan
    async with original_context(app) as maybe_original_state:
               ^^^^^^^^^^^^^^^^^^^^^
C:\Python313\Lib\contextlib.py:214: in __aenter__
    return await anext(self.gen)
           ^^^^^^^^^^^^^^^^^^^^^
..\okto-r4-native-installed-zk_r383i\Lib\site-packages\fastapi\routing.py:247: in merged_lifespan
    async with original_context(app) as maybe_original_state:
               ^^^^^^^^^^^^^^^^^^^^^
C:\Python313\Lib\contextlib.py:214: in __aenter__
    return await anext(self.gen)
           ^^^^^^^^^^^^^^^^^^^^^
..\okto-r4-native-installed-zk_r383i\Lib\site-packages\fastapi\routing.py:247: in merged_lifespan
    async with original_context(app) as maybe_original_state:
               ^^^^^^^^^^^^^^^^^^^^^
C:\Python313\Lib\contextlib.py:214: in __aenter__
    return await anext(self.gen)
           ^^^^^^^^^^^^^^^^^^^^^
..\okto-r4-native-installed-zk_r383i\Lib\site-packages\fastapi\routing.py:247: in merged_lifespan
    async with original_context(app) as maybe_original_state:
               ^^^^^^^^^^^^^^^^^^^^^
C:\Python313\Lib\contextlib.py:214: in __aenter__
    return await anext(self.gen)
           ^^^^^^^^^^^^^^^^^^^^^
..\okto-r4-native-installed-zk_r383i\Lib\site-packages\fastapi\routing.py:247: in merged_lifespan
    async with original_context(app) as maybe_original_state:
               ^^^^^^^^^^^^^^^^^^^^^
C:\Python313\Lib\contextlib.py:214: in __aenter__
    return await anext(self.gen)
           ^^^^^^^^^^^^^^^^^^^^^
..\okto-r4-native-installed-zk_r383i\Lib\site-packages\fastapi\routing.py:247: in merged_lifespan
    async with original_context(app) as maybe_original_state:
               ^^^^^^^^^^^^^^^^^^^^^
C:\Python313\Lib\contextlib.py:214: in __aenter__
    return await anext(self.gen)
           ^^^^^^^^^^^^^^^^^^^^^
..\okto-r4-native-installed-zk_r383i\Lib\site-packages\fastapi\routing.py:247: in merged_lifespan
    async with original_context(app) as maybe_original_state:
               ^^^^^^^^^^^^^^^^^^^^^
C:\Python313\Lib\contextlib.py:214: in __aenter__
    return await anext(self.gen)
           ^^^^^^^^^^^^^^^^^^^^^
..\okto-r4-native-installed-zk_r383i\Lib\site-packages\okto_nexus\adapters\inbound\http\app.py:603: in lifespan
    await embedded_inventory.start()
..\okto-r4-native-installed-zk_r383i\Lib\site-packages\okto_nexus\bootstrap\embedded_inventory.py:57: in start
    return await asyncio.shield(self._startup_task)
           ^^^^^^^^^^^^^^^^^^^^^^^^^^^^^^^^^^^^^^^^
..\okto-r4-native-installed-zk_r383i\Lib\site-packages\okto_nexus\bootstrap\embedded_inventory.py:61: in _start
    await self.refresh()
..\okto-r4-native-installed-zk_r383i\Lib\site-packages\okto_nexus\bootstrap\embedded_inventory.py:71: in refresh
    return await asyncio.shield(self._refresh_task)
           ^^^^^^^^^^^^^^^^^^^^^^^^^^^^^^^^^^^^^^^^
..\okto-r4-native-installed-zk_r383i\Lib\site-packages\okto_nexus\bootstrap\embedded_inventory.py:75: in _refresh_owned
    return await self._refresh()
           ^^^^^^^^^^^^^^^^^^^^^
..\okto-r4-native-installed-zk_r383i\Lib\site-packages\okto_nexus\bootstrap\embedded_inventory.py:84: in _refresh
    discovery = await asyncio.to_thread(discover_local_candidates,
C:\Python313\Lib\asyncio\threads.py:25: in to_thread
    return await loop.run_in_executor(None, func_call)
           ^^^^^^^^^^^^^^^^^^^^^^^^^^^^^^^^^^^^^^^^^^^
C:\Python313\Lib\concurrent\futures\thread.py:59: in run
    result = self.fn(*self.args, **self.kwargs)
             ^^^^^^^^^^^^^^^^^^^^^^^^^^^^^^^^^^
..\okto-r4-native-installed-zk_r383i\Lib\site-packages\okto_nexus\adapters\outbound\execution\core_inventory.py:83: in discover_local_candidates
    return _core().discover_installations(
           ^^^^^^^
_ _ _ _ _ _ _ _ _ _ _ _ _ _ _ _ _ _ _ _ _ _ _ _ _ _ _ _ _ _ _ _ _ _ _ _ _ _ _ _

    def _core():
        import nexus_connector_core as core
    
        if core.__version__ != CORE_INVENTORY_VERSION:
>           raise RuntimeError(
                f"Core {CORE_INVENTORY_VERSION} is required for R4 inventory; "
                f"installed {core.__version__}"
            )
E           RuntimeError: Core 0.2.40.dev0 is required for R4 inventory; installed 0.2.41.dev0

..\okto-r4-native-installed-zk_r383i\Lib\site-packages\okto_nexus\adapters\outbound\execution\core_inventory.py:27: RuntimeError
__________ ERROR at setup of test_storage_failure_never_returns_ack ___________

fixturedef = <FixtureDef argname='onboarding' scope='function' baseid='test_event_ingress.py'>
request = <SubRequest 'onboarding' for <Function test_storage_failure_never_returns_ack>>

    @pytest.hookimpl(wrapper=True)
    def pytest_fixture_setup(fixturedef: FixtureDef, request) -> object | None:
        if (
            fixturedef.argname == "event_loop_policy"
            and fixturedef.func.__module__ != __name__
        ):
            warnings.warn(
                PytestDeprecationWarning(_EVENT_LOOP_POLICY_FIXTURE_DEPRECATION_WARNING),
            )
        asyncio_mode = _get_asyncio_mode(request.config)
        if not _is_asyncio_fixture_function(fixturedef.func):
            if asyncio_mode == Mode.STRICT:
                # Ignore async fixtures without explicit asyncio mark in strict mode
                # This applies to pytest_trio fixtures, for example
                return (yield)
            if not _is_coroutine_or_asyncgen(fixturedef.func):
>               return (yield)
                        ^^^^^

..\okto-r4-native-installed-zk_r383i\Lib\site-packages\pytest_asyncio\plugin.py:926: 
_ _ _ _ _ _ _ _ _ _ _ _ _ _ _ _ _ _ _ _ _ _ _ _ _ _ _ _ _ _ _ _ _ _ _ _ _ _ _ _
D:\Projetos\Techridy\okto_labs_okto_nexus\tests\execution_r4\test_binding_operator.py:32: in onboarding
    with TestClient(app, raise_server_exceptions=False) as client:
         ^^^^^^^^^^^^^^^^^^^^^^^^^^^^^^^^^^^^^^^^^^^^^^
..\okto-r4-native-installed-zk_r383i\Lib\site-packages\starlette\testclient.py:517: in __enter__
    portal.call(self.wait_startup)
..\okto-r4-native-installed-zk_r383i\Lib\site-packages\anyio\from_thread.py:340: in call
    return cast(T_Retval, self.start_task_soon(func, *args).result())
                          ^^^^^^^^^^^^^^^^^^^^^^^^^^^^^^^^^^^^^^^^^^
C:\Python313\Lib\concurrent\futures\_base.py:456: in result
    return self.__get_result()
           ^^^^^^^^^^^^^^^^^^^
C:\Python313\Lib\concurrent\futures\_base.py:401: in __get_result
    raise self._exception
..\okto-r4-native-installed-zk_r383i\Lib\site-packages\anyio\from_thread.py:265: in _call_func
    retval = await retval_or_awaitable
             ^^^^^^^^^^^^^^^^^^^^^^^^^
..\okto-r4-native-installed-zk_r383i\Lib\site-packages\starlette\testclient.py:552: in wait_startup
    await receive()
..\okto-r4-native-installed-zk_r383i\Lib\site-packages\starlette\testclient.py:543: in receive
    self.task.result()
C:\Python313\Lib\concurrent\futures\_base.py:449: in result
    return self.__get_result()
           ^^^^^^^^^^^^^^^^^^^
C:\Python313\Lib\concurrent\futures\_base.py:401: in __get_result
    raise self._exception
..\okto-r4-native-installed-zk_r383i\Lib\site-packages\anyio\from_thread.py:265: in _call_func
    retval = await retval_or_awaitable
             ^^^^^^^^^^^^^^^^^^^^^^^^^
..\okto-r4-native-installed-zk_r383i\Lib\site-packages\starlette\testclient.py:533: in lifespan
    await self.app(scope, self.stream_receive.receive, self.stream_send.send)
..\okto-r4-native-installed-zk_r383i\Lib\site-packages\fastapi\applications.py:1202: in __call__
    await lifespan(
..\okto-r4-native-installed-zk_r383i\Lib\site-packages\fastapi\telemetry\_runtime.py:239: in lifespan
    await app(scope, wrapped_receive, wrapped_send)
..\okto-r4-native-installed-zk_r383i\Lib\site-packages\starlette\applications.py:96: in __call__
    await self.middleware_stack(scope, receive, send)
..\okto-r4-native-installed-zk_r383i\Lib\site-packages\starlette\middleware\errors.py:151: in __call__
    await self.app(scope, receive, send)
..\okto-r4-native-installed-zk_r383i\Lib\site-packages\fastapi\telemetry\_asgi.py:151: in __call__
    await self.app(scope, receive, send)
..\okto-r4-native-installed-zk_r383i\Lib\site-packages\starlette\middleware\base.py:103: in __call__
    await self.app(scope, receive, send)
..\okto-r4-native-installed-zk_r383i\Lib\site-packages\starlette\middleware\base.py:103: in __call__
    await self.app(scope, receive, send)
..\okto-r4-native-installed-zk_r383i\Lib\site-packages\starlette\middleware\base.py:103: in __call__
    await self.app(scope, receive, send)
..\okto-r4-native-installed-zk_r383i\Lib\site-packages\starlette\middleware\exceptions.py:49: in __call__
    await self.app(scope, receive, send)
..\okto-r4-native-installed-zk_r383i\Lib\site-packages\fastapi\middleware\asyncexitstack.py:18: in __call__
    await self.app(scope, receive, send)
..\okto-r4-native-installed-zk_r383i\Lib\site-packages\starlette\routing.py:676: in __call__
    await self.middleware_stack(scope, receive, send)
..\okto-r4-native-installed-zk_r383i\Lib\site-packages\fastapi\routing.py:2773: in app
    await self.lifespan(scope, receive, send)
..\okto-r4-native-installed-zk_r383i\Lib\site-packages\starlette\routing.py:654: in lifespan
    async with self.lifespan_context(app) as maybe_state:
               ^^^^^^^^^^^^^^^^^^^^^^^^^^
C:\Python313\Lib\contextlib.py:214: in __aenter__
    return await anext(self.gen)
           ^^^^^^^^^^^^^^^^^^^^^
..\okto-r4-native-installed-zk_r383i\Lib\site-packages\fastapi\routing.py:247: in merged_lifespan
    async with original_context(app) as maybe_original_state:
               ^^^^^^^^^^^^^^^^^^^^^
C:\Python313\Lib\contextlib.py:214: in __aenter__
    return await anext(self.gen)
           ^^^^^^^^^^^^^^^^^^^^^
..\okto-r4-native-installed-zk_r383i\Lib\site-packages\fastapi\routing.py:247: in merged_lifespan
    async with original_context(app) as maybe_original_state:
               ^^^^^^^^^^^^^^^^^^^^^
C:\Python313\Lib\contextlib.py:214: in __aenter__
    return await anext(self.gen)
           ^^^^^^^^^^^^^^^^^^^^^
..\okto-r4-native-installed-zk_r383i\Lib\site-packages\fastapi\routing.py:247: in merged_lifespan
    async with original_context(app) as maybe_original_state:
               ^^^^^^^^^^^^^^^^^^^^^
C:\Python313\Lib\contextlib.py:214: in __aenter__
    return await anext(self.gen)
           ^^^^^^^^^^^^^^^^^^^^^
..\okto-r4-native-installed-zk_r383i\Lib\site-packages\fastapi\routing.py:247: in merged_lifespan
    async with original_context(app) as maybe_original_state:
               ^^^^^^^^^^^^^^^^^^^^^
C:\Python313\Lib\contextlib.py:214: in __aenter__
    return await anext(self.gen)
           ^^^^^^^^^^^^^^^^^^^^^
..\okto-r4-native-installed-zk_r383i\Lib\site-packages\fastapi\routing.py:247: in merged_lifespan
    async with original_context(app) as maybe_original_state:
               ^^^^^^^^^^^^^^^^^^^^^
C:\Python313\Lib\contextlib.py:214: in __aenter__
    return await anext(self.gen)
           ^^^^^^^^^^^^^^^^^^^^^
..\okto-r4-native-installed-zk_r383i\Lib\site-packages\fastapi\routing.py:247: in merged_lifespan
    async with original_context(app) as maybe_original_state:
               ^^^^^^^^^^^^^^^^^^^^^
C:\Python313\Lib\contextlib.py:214: in __aenter__
    return await anext(self.gen)
           ^^^^^^^^^^^^^^^^^^^^^
..\okto-r4-native-installed-zk_r383i\Lib\site-packages\fastapi\routing.py:247: in merged_lifespan
    async with original_context(app) as maybe_original_state:
               ^^^^^^^^^^^^^^^^^^^^^
C:\Python313\Lib\contextlib.py:214: in __aenter__
    return await anext(self.gen)
           ^^^^^^^^^^^^^^^^^^^^^
..\okto-r4-native-installed-zk_r383i\Lib\site-packages\okto_nexus\adapters\inbound\http\app.py:603: in lifespan
    await embedded_inventory.start()
..\okto-r4-native-installed-zk_r383i\Lib\site-packages\okto_nexus\bootstrap\embedded_inventory.py:57: in start
    return await asyncio.shield(self._startup_task)
           ^^^^^^^^^^^^^^^^^^^^^^^^^^^^^^^^^^^^^^^^
..\okto-r4-native-installed-zk_r383i\Lib\site-packages\okto_nexus\bootstrap\embedded_inventory.py:61: in _start
    await self.refresh()
..\okto-r4-native-installed-zk_r383i\Lib\site-packages\okto_nexus\bootstrap\embedded_inventory.py:71: in refresh
    return await asyncio.shield(self._refresh_task)
           ^^^^^^^^^^^^^^^^^^^^^^^^^^^^^^^^^^^^^^^^
..\okto-r4-native-installed-zk_r383i\Lib\site-packages\okto_nexus\bootstrap\embedded_inventory.py:75: in _refresh_owned
    return await self._refresh()
           ^^^^^^^^^^^^^^^^^^^^^
..\okto-r4-native-installed-zk_r383i\Lib\site-packages\okto_nexus\bootstrap\embedded_inventory.py:84: in _refresh
    discovery = await asyncio.to_thread(discover_local_candidates,
C:\Python313\Lib\asyncio\threads.py:25: in to_thread
    return await loop.run_in_executor(None, func_call)
           ^^^^^^^^^^^^^^^^^^^^^^^^^^^^^^^^^^^^^^^^^^^
C:\Python313\Lib\concurrent\futures\thread.py:59: in run
    result = self.fn(*self.args, **self.kwargs)
             ^^^^^^^^^^^^^^^^^^^^^^^^^^^^^^^^^^
..\okto-r4-native-installed-zk_r383i\Lib\site-packages\okto_nexus\adapters\outbound\execution\core_inventory.py:83: in discover_local_candidates
    return _core().discover_installations(
           ^^^^^^^
_ _ _ _ _ _ _ _ _ _ _ _ _ _ _ _ _ _ _ _ _ _ _ _ _ _ _ _ _ _ _ _ _ _ _ _ _ _ _ _

    def _core():
        import nexus_connector_core as core
    
        if core.__version__ != CORE_INVENTORY_VERSION:
>           raise RuntimeError(
                f"Core {CORE_INVENTORY_VERSION} is required for R4 inventory; "
                f"installed {core.__version__}"
            )
E           RuntimeError: Core 0.2.40.dev0 is required for R4 inventory; installed 0.2.41.dev0

..\okto-r4-native-installed-zk_r383i\Lib\site-packages\okto_nexus\adapters\outbound\execution\core_inventory.py:27: RuntimeError
_ ERROR at setup of test_old_duplicate_survives_reopening_beyond_reducer_window _

fixturedef = <FixtureDef argname='onboarding' scope='function' baseid='test_event_ingress.py'>
request = <SubRequest 'onboarding' for <Function test_old_duplicate_survives_reopening_beyond_reducer_window>>

    @pytest.hookimpl(wrapper=True)
    def pytest_fixture_setup(fixturedef: FixtureDef, request) -> object | None:
        if (
            fixturedef.argname == "event_loop_policy"
            and fixturedef.func.__module__ != __name__
        ):
            warnings.warn(
                PytestDeprecationWarning(_EVENT_LOOP_POLICY_FIXTURE_DEPRECATION_WARNING),
            )
        asyncio_mode = _get_asyncio_mode(request.config)
        if not _is_asyncio_fixture_function(fixturedef.func):
            if asyncio_mode == Mode.STRICT:
                # Ignore async fixtures without explicit asyncio mark in strict mode
                # This applies to pytest_trio fixtures, for example
                return (yield)
            if not _is_coroutine_or_asyncgen(fixturedef.func):
>               return (yield)
                        ^^^^^

..\okto-r4-native-installed-zk_r383i\Lib\site-packages\pytest_asyncio\plugin.py:926: 
_ _ _ _ _ _ _ _ _ _ _ _ _ _ _ _ _ _ _ _ _ _ _ _ _ _ _ _ _ _ _ _ _ _ _ _ _ _ _ _
D:\Projetos\Techridy\okto_labs_okto_nexus\tests\execution_r4\test_binding_operator.py:32: in onboarding
    with TestClient(app, raise_server_exceptions=False) as client:
         ^^^^^^^^^^^^^^^^^^^^^^^^^^^^^^^^^^^^^^^^^^^^^^
..\okto-r4-native-installed-zk_r383i\Lib\site-packages\starlette\testclient.py:517: in __enter__
    portal.call(self.wait_startup)
..\okto-r4-native-installed-zk_r383i\Lib\site-packages\anyio\from_thread.py:340: in call
    return cast(T_Retval, self.start_task_soon(func, *args).result())
                          ^^^^^^^^^^^^^^^^^^^^^^^^^^^^^^^^^^^^^^^^^^
C:\Python313\Lib\concurrent\futures\_base.py:456: in result
    return self.__get_result()
           ^^^^^^^^^^^^^^^^^^^
C:\Python313\Lib\concurrent\futures\_base.py:401: in __get_result
    raise self._exception
..\okto-r4-native-installed-zk_r383i\Lib\site-packages\anyio\from_thread.py:265: in _call_func
    retval = await retval_or_awaitable
             ^^^^^^^^^^^^^^^^^^^^^^^^^
..\okto-r4-native-installed-zk_r383i\Lib\site-packages\starlette\testclient.py:552: in wait_startup
    await receive()
..\okto-r4-native-installed-zk_r383i\Lib\site-packages\starlette\testclient.py:543: in receive
    self.task.result()
C:\Python313\Lib\concurrent\futures\_base.py:449: in result
    return self.__get_result()
           ^^^^^^^^^^^^^^^^^^^
C:\Python313\Lib\concurrent\futures\_base.py:401: in __get_result
    raise self._exception
..\okto-r4-native-installed-zk_r383i\Lib\site-packages\anyio\from_thread.py:265: in _call_func
    retval = await retval_or_awaitable
             ^^^^^^^^^^^^^^^^^^^^^^^^^
..\okto-r4-native-installed-zk_r383i\Lib\site-packages\starlette\testclient.py:533: in lifespan
    await self.app(scope, self.stream_receive.receive, self.stream_send.send)
..\okto-r4-native-installed-zk_r383i\Lib\site-packages\fastapi\applications.py:1202: in __call__
    await lifespan(
..\okto-r4-native-installed-zk_r383i\Lib\site-packages\fastapi\telemetry\_runtime.py:239: in lifespan
    await app(scope, wrapped_receive, wrapped_send)
..\okto-r4-native-installed-zk_r383i\Lib\site-packages\starlette\applications.py:96: in __call__
    await self.middleware_stack(scope, receive, send)
..\okto-r4-native-installed-zk_r383i\Lib\site-packages\starlette\middleware\errors.py:151: in __call__
    await self.app(scope, receive, send)
..\okto-r4-native-installed-zk_r383i\Lib\site-packages\fastapi\telemetry\_asgi.py:151: in __call__
    await self.app(scope, receive, send)
..\okto-r4-native-installed-zk_r383i\Lib\site-packages\starlette\middleware\base.py:103: in __call__
    await self.app(scope, receive, send)
..\okto-r4-native-installed-zk_r383i\Lib\site-packages\starlette\middleware\base.py:103: in __call__
    await self.app(scope, receive, send)
..\okto-r4-native-installed-zk_r383i\Lib\site-packages\starlette\middleware\base.py:103: in __call__
    await self.app(scope, receive, send)
..\okto-r4-native-installed-zk_r383i\Lib\site-packages\starlette\middleware\exceptions.py:49: in __call__
    await self.app(scope, receive, send)
..\okto-r4-native-installed-zk_r383i\Lib\site-packages\fastapi\middleware\asyncexitstack.py:18: in __call__
    await self.app(scope, receive, send)
..\okto-r4-native-installed-zk_r383i\Lib\site-packages\starlette\routing.py:676: in __call__
    await self.middleware_stack(scope, receive, send)
..\okto-r4-native-installed-zk_r383i\Lib\site-packages\fastapi\routing.py:2773: in app
    await self.lifespan(scope, receive, send)
..\okto-r4-native-installed-zk_r383i\Lib\site-packages\starlette\routing.py:654: in lifespan
    async with self.lifespan_context(app) as maybe_state:
               ^^^^^^^^^^^^^^^^^^^^^^^^^^
C:\Python313\Lib\contextlib.py:214: in __aenter__
    return await anext(self.gen)
           ^^^^^^^^^^^^^^^^^^^^^
..\okto-r4-native-installed-zk_r383i\Lib\site-packages\fastapi\routing.py:247: in merged_lifespan
    async with original_context(app) as maybe_original_state:
               ^^^^^^^^^^^^^^^^^^^^^
C:\Python313\Lib\contextlib.py:214: in __aenter__
    return await anext(self.gen)
           ^^^^^^^^^^^^^^^^^^^^^
..\okto-r4-native-installed-zk_r383i\Lib\site-packages\fastapi\routing.py:247: in merged_lifespan
    async with original_context(app) as maybe_original_state:
               ^^^^^^^^^^^^^^^^^^^^^
C:\Python313\Lib\contextlib.py:214: in __aenter__
    return await anext(self.gen)
           ^^^^^^^^^^^^^^^^^^^^^
..\okto-r4-native-installed-zk_r383i\Lib\site-packages\fastapi\routing.py:247: in merged_lifespan
    async with original_context(app) as maybe_original_state:
               ^^^^^^^^^^^^^^^^^^^^^
C:\Python313\Lib\contextlib.py:214: in __aenter__
    return await anext(self.gen)
           ^^^^^^^^^^^^^^^^^^^^^
..\okto-r4-native-installed-zk_r383i\Lib\site-packages\fastapi\routing.py:247: in merged_lifespan
    async with original_context(app) as maybe_original_state:
               ^^^^^^^^^^^^^^^^^^^^^
C:\Python313\Lib\contextlib.py:214: in __aenter__
    return await anext(self.gen)
           ^^^^^^^^^^^^^^^^^^^^^
..\okto-r4-native-installed-zk_r383i\Lib\site-packages\fastapi\routing.py:247: in merged_lifespan
    async with original_context(app) as maybe_original_state:
               ^^^^^^^^^^^^^^^^^^^^^
C:\Python313\Lib\contextlib.py:214: in __aenter__
    return await anext(self.gen)
           ^^^^^^^^^^^^^^^^^^^^^
..\okto-r4-native-installed-zk_r383i\Lib\site-packages\fastapi\routing.py:247: in merged_lifespan
    async with original_context(app) as maybe_original_state:
               ^^^^^^^^^^^^^^^^^^^^^
C:\Python313\Lib\contextlib.py:214: in __aenter__
    return await anext(self.gen)
           ^^^^^^^^^^^^^^^^^^^^^
..\okto-r4-native-installed-zk_r383i\Lib\site-packages\fastapi\routing.py:247: in merged_lifespan
    async with original_context(app) as maybe_original_state:
               ^^^^^^^^^^^^^^^^^^^^^
C:\Python313\Lib\contextlib.py:214: in __aenter__
    return await anext(self.gen)
           ^^^^^^^^^^^^^^^^^^^^^
..\okto-r4-native-installed-zk_r383i\Lib\site-packages\okto_nexus\adapters\inbound\http\app.py:603: in lifespan
    await embedded_inventory.start()
..\okto-r4-native-installed-zk_r383i\Lib\site-packages\okto_nexus\bootstrap\embedded_inventory.py:57: in start
    return await asyncio.shield(self._startup_task)
           ^^^^^^^^^^^^^^^^^^^^^^^^^^^^^^^^^^^^^^^^
..\okto-r4-native-installed-zk_r383i\Lib\site-packages\okto_nexus\bootstrap\embedded_inventory.py:61: in _start
    await self.refresh()
..\okto-r4-native-installed-zk_r383i\Lib\site-packages\okto_nexus\bootstrap\embedded_inventory.py:71: in refresh
    return await asyncio.shield(self._refresh_task)
           ^^^^^^^^^^^^^^^^^^^^^^^^^^^^^^^^^^^^^^^^
..\okto-r4-native-installed-zk_r383i\Lib\site-packages\okto_nexus\bootstrap\embedded_inventory.py:75: in _refresh_owned
    return await self._refresh()
           ^^^^^^^^^^^^^^^^^^^^^
..\okto-r4-native-installed-zk_r383i\Lib\site-packages\okto_nexus\bootstrap\embedded_inventory.py:84: in _refresh
    discovery = await asyncio.to_thread(discover_local_candidates,
C:\Python313\Lib\asyncio\threads.py:25: in to_thread
    return await loop.run_in_executor(None, func_call)
           ^^^^^^^^^^^^^^^^^^^^^^^^^^^^^^^^^^^^^^^^^^^
C:\Python313\Lib\concurrent\futures\thread.py:59: in run
    result = self.fn(*self.args, **self.kwargs)
             ^^^^^^^^^^^^^^^^^^^^^^^^^^^^^^^^^^
..\okto-r4-native-installed-zk_r383i\Lib\site-packages\okto_nexus\adapters\outbound\execution\core_inventory.py:83: in discover_local_candidates
    return _core().discover_installations(
           ^^^^^^^
_ _ _ _ _ _ _ _ _ _ _ _ _ _ _ _ _ _ _ _ _ _ _ _ _ _ _ _ _ _ _ _ _ _ _ _ _ _ _ _

    def _core():
        import nexus_connector_core as core
    
        if core.__version__ != CORE_INVENTORY_VERSION:
>           raise RuntimeError(
                f"Core {CORE_INVENTORY_VERSION} is required for R4 inventory; "
                f"installed {core.__version__}"
            )
E           RuntimeError: Core 0.2.40.dev0 is required for R4 inventory; installed 0.2.41.dev0

..\okto-r4-native-installed-zk_r383i\Lib\site-packages\okto_nexus\adapters\outbound\execution\core_inventory.py:27: RuntimeError
_ ERROR at setup of test_automatic_mcp_configuration_claims_work_and_cleans_secret _

fixturedef = <FixtureDef argname='qualified_contract' scope='function' baseid='test_embedded_tools.py'>
request = <SubRequest 'qualified_contract' for <Function test_automatic_mcp_configuration_claims_work_and_cleans_secret>>

    @pytest.hookimpl(wrapper=True)
    def pytest_fixture_setup(fixturedef: FixtureDef, request) -> object | None:
        if (
            fixturedef.argname == "event_loop_policy"
            and fixturedef.func.__module__ != __name__
        ):
            warnings.warn(
                PytestDeprecationWarning(_EVENT_LOOP_POLICY_FIXTURE_DEPRECATION_WARNING),
            )
        asyncio_mode = _get_asyncio_mode(request.config)
        if not _is_asyncio_fixture_function(fixturedef.func):
            if asyncio_mode == Mode.STRICT:
                # Ignore async fixtures without explicit asyncio mark in strict mode
                # This applies to pytest_trio fixtures, for example
                return (yield)
            if not _is_coroutine_or_asyncgen(fixturedef.func):
>               return (yield)
                        ^^^^^

..\okto-r4-native-installed-zk_r383i\Lib\site-packages\pytest_asyncio\plugin.py:926: 
_ _ _ _ _ _ _ _ _ _ _ _ _ _ _ _ _ _ _ _ _ _ _ _ _ _ _ _ _ _ _ _ _ _ _ _ _ _ _ _
D:\Projetos\Techridy\okto_labs_okto_nexus\tests\execution_r4\test_embedded_dispatch.py:27: in qualified_contract
    info = runtime_v1.protocol_info()
           ^^^^^^^^^^^^^^^^^^^^^^^^^^
..\okto-r4-native-installed-zk_r383i\Lib\site-packages\okto_nexus\adapters\outbound\execution\core_inventory.py:36: in protocol_info
    core = _core()
           ^^^^^^^
_ _ _ _ _ _ _ _ _ _ _ _ _ _ _ _ _ _ _ _ _ _ _ _ _ _ _ _ _ _ _ _ _ _ _ _ _ _ _ _

    def _core():
        import nexus_connector_core as core
    
        if core.__version__ != CORE_INVENTORY_VERSION:
>           raise RuntimeError(
                f"Core {CORE_INVENTORY_VERSION} is required for R4 inventory; "
                f"installed {core.__version__}"
            )
E           RuntimeError: Core 0.2.40.dev0 is required for R4 inventory; installed 0.2.41.dev0

..\okto-r4-native-installed-zk_r383i\Lib\site-packages\okto_nexus\adapters\outbound\execution\core_inventory.py:27: RuntimeError
______ ERROR at setup of test_vault_failure_prevents_native_tool_launch _______

fixturedef = <FixtureDef argname='qualified_contract' scope='function' baseid='test_embedded_tools.py'>
request = <SubRequest 'qualified_contract' for <Function test_vault_failure_prevents_native_tool_launch>>

    @pytest.hookimpl(wrapper=True)
    def pytest_fixture_setup(fixturedef: FixtureDef, request) -> object | None:
        if (
            fixturedef.argname == "event_loop_policy"
            and fixturedef.func.__module__ != __name__
        ):
            warnings.warn(
                PytestDeprecationWarning(_EVENT_LOOP_POLICY_FIXTURE_DEPRECATION_WARNING),
            )
        asyncio_mode = _get_asyncio_mode(request.config)
        if not _is_asyncio_fixture_function(fixturedef.func):
            if asyncio_mode == Mode.STRICT:
                # Ignore async fixtures without explicit asyncio mark in strict mode
                # This applies to pytest_trio fixtures, for example
                return (yield)
            if not _is_coroutine_or_asyncgen(fixturedef.func):
>               return (yield)
                        ^^^^^

..\okto-r4-native-installed-zk_r383i\Lib\site-packages\pytest_asyncio\plugin.py:926: 
_ _ _ _ _ _ _ _ _ _ _ _ _ _ _ _ _ _ _ _ _ _ _ _ _ _ _ _ _ _ _ _ _ _ _ _ _ _ _ _
D:\Projetos\Techridy\okto_labs_okto_nexus\tests\execution_r4\test_embedded_dispatch.py:27: in qualified_contract
    info = runtime_v1.protocol_info()
           ^^^^^^^^^^^^^^^^^^^^^^^^^^
..\okto-r4-native-installed-zk_r383i\Lib\site-packages\okto_nexus\adapters\outbound\execution\core_inventory.py:36: in protocol_info
    core = _core()
           ^^^^^^^
_ _ _ _ _ _ _ _ _ _ _ _ _ _ _ _ _ _ _ _ _ _ _ _ _ _ _ _ _ _ _ _ _ _ _ _ _ _ _ _

    def _core():
        import nexus_connector_core as core
    
        if core.__version__ != CORE_INVENTORY_VERSION:
>           raise RuntimeError(
                f"Core {CORE_INVENTORY_VERSION} is required for R4 inventory; "
                f"installed {core.__version__}"
            )
E           RuntimeError: Core 0.2.40.dev0 is required for R4 inventory; installed 0.2.41.dev0

..\okto-r4-native-installed-zk_r383i\Lib\site-packages\okto_nexus\adapters\outbound\execution\core_inventory.py:27: RuntimeError
______ ERROR at setup of test_cancelled_tool_waiter_keeps_issuance_owned ______

fixturedef = <FixtureDef argname='qualified_contract' scope='function' baseid='test_embedded_tools.py'>
request = <SubRequest 'qualified_contract' for <Function test_cancelled_tool_waiter_keeps_issuance_owned>>

    @pytest.hookimpl(wrapper=True)
    def pytest_fixture_setup(fixturedef: FixtureDef, request) -> object | None:
        if (
            fixturedef.argname == "event_loop_policy"
            and fixturedef.func.__module__ != __name__
        ):
            warnings.warn(
                PytestDeprecationWarning(_EVENT_LOOP_POLICY_FIXTURE_DEPRECATION_WARNING),
            )
        asyncio_mode = _get_asyncio_mode(request.config)
        if not _is_asyncio_fixture_function(fixturedef.func):
            if asyncio_mode == Mode.STRICT:
                # Ignore async fixtures without explicit asyncio mark in strict mode
                # This applies to pytest_trio fixtures, for example
                return (yield)
            if not _is_coroutine_or_asyncgen(fixturedef.func):
>               return (yield)
                        ^^^^^

..\okto-r4-native-installed-zk_r383i\Lib\site-packages\pytest_asyncio\plugin.py:926: 
_ _ _ _ _ _ _ _ _ _ _ _ _ _ _ _ _ _ _ _ _ _ _ _ _ _ _ _ _ _ _ _ _ _ _ _ _ _ _ _
D:\Projetos\Techridy\okto_labs_okto_nexus\tests\execution_r4\test_embedded_dispatch.py:27: in qualified_contract
    info = runtime_v1.protocol_info()
           ^^^^^^^^^^^^^^^^^^^^^^^^^^
..\okto-r4-native-installed-zk_r383i\Lib\site-packages\okto_nexus\adapters\outbound\execution\core_inventory.py:36: in protocol_info
    core = _core()
           ^^^^^^^
_ _ _ _ _ _ _ _ _ _ _ _ _ _ _ _ _ _ _ _ _ _ _ _ _ _ _ _ _ _ _ _ _ _ _ _ _ _ _ _

    def _core():
        import nexus_connector_core as core
    
        if core.__version__ != CORE_INVENTORY_VERSION:
>           raise RuntimeError(
                f"Core {CORE_INVENTORY_VERSION} is required for R4 inventory; "
                f"installed {core.__version__}"
            )
E           RuntimeError: Core 0.2.40.dev0 is required for R4 inventory; installed 0.2.41.dev0

..\okto-r4-native-installed-zk_r383i\Lib\site-packages\okto_nexus\adapters\outbound\execution\core_inventory.py:27: RuntimeError
_ ERROR at setup of test_automatic_pi_bridge_survives_initial_deadline_with_applied_renewal[pi_rpc] _

fixturedef = <FixtureDef argname='qualified_contract' scope='function' baseid='test_embedded_tools.py'>
request = <SubRequest 'qualified_contract' for <Function test_automatic_pi_bridge_survives_initial_deadline_with_applied_renewal[pi_rpc]>>

    @pytest.hookimpl(wrapper=True)
    def pytest_fixture_setup(fixturedef: FixtureDef, request) -> object | None:
        if (
            fixturedef.argname == "event_loop_policy"
            and fixturedef.func.__module__ != __name__
        ):
            warnings.warn(
                PytestDeprecationWarning(_EVENT_LOOP_POLICY_FIXTURE_DEPRECATION_WARNING),
            )
        asyncio_mode = _get_asyncio_mode(request.config)
        if not _is_asyncio_fixture_function(fixturedef.func):
            if asyncio_mode == Mode.STRICT:
                # Ignore async fixtures without explicit asyncio mark in strict mode
                # This applies to pytest_trio fixtures, for example
                return (yield)
            if not _is_coroutine_or_asyncgen(fixturedef.func):
>               return (yield)
                        ^^^^^

..\okto-r4-native-installed-zk_r383i\Lib\site-packages\pytest_asyncio\plugin.py:926: 
_ _ _ _ _ _ _ _ _ _ _ _ _ _ _ _ _ _ _ _ _ _ _ _ _ _ _ _ _ _ _ _ _ _ _ _ _ _ _ _
D:\Projetos\Techridy\okto_labs_okto_nexus\tests\execution_r4\test_embedded_dispatch.py:27: in qualified_contract
    info = runtime_v1.protocol_info()
           ^^^^^^^^^^^^^^^^^^^^^^^^^^
..\okto-r4-native-installed-zk_r383i\Lib\site-packages\okto_nexus\adapters\outbound\execution\core_inventory.py:36: in protocol_info
    core = _core()
           ^^^^^^^
_ _ _ _ _ _ _ _ _ _ _ _ _ _ _ _ _ _ _ _ _ _ _ _ _ _ _ _ _ _ _ _ _ _ _ _ _ _ _ _

    def _core():
        import nexus_connector_core as core
    
        if core.__version__ != CORE_INVENTORY_VERSION:
>           raise RuntimeError(
                f"Core {CORE_INVENTORY_VERSION} is required for R4 inventory; "
                f"installed {core.__version__}"
            )
E           RuntimeError: Core 0.2.40.dev0 is required for R4 inventory; installed 0.2.41.dev0

..\okto-r4-native-installed-zk_r383i\Lib\site-packages\okto_nexus\adapters\outbound\execution\core_inventory.py:27: RuntimeError
_ ERROR at setup of test_approved_provider_home_uses_process_mcp_without_copying_login[codex_app_server] _

fixturedef = <FixtureDef argname='qualified_contract' scope='function' baseid='test_embedded_tools.py'>
request = <SubRequest 'qualified_contract' for <Function test_approved_provider_home_uses_process_mcp_without_copying_login[codex_app_server]>>

    @pytest.hookimpl(wrapper=True)
    def pytest_fixture_setup(fixturedef: FixtureDef, request) -> object | None:
        if (
            fixturedef.argname == "event_loop_policy"
            and fixturedef.func.__module__ != __name__
        ):
            warnings.warn(
                PytestDeprecationWarning(_EVENT_LOOP_POLICY_FIXTURE_DEPRECATION_WARNING),
            )
        asyncio_mode = _get_asyncio_mode(request.config)
        if not _is_asyncio_fixture_function(fixturedef.func):
            if asyncio_mode == Mode.STRICT:
                # Ignore async fixtures without explicit asyncio mark in strict mode
                # This applies to pytest_trio fixtures, for example
                return (yield)
            if not _is_coroutine_or_asyncgen(fixturedef.func):
>               return (yield)
                        ^^^^^

..\okto-r4-native-installed-zk_r383i\Lib\site-packages\pytest_asyncio\plugin.py:926: 
_ _ _ _ _ _ _ _ _ _ _ _ _ _ _ _ _ _ _ _ _ _ _ _ _ _ _ _ _ _ _ _ _ _ _ _ _ _ _ _
D:\Projetos\Techridy\okto_labs_okto_nexus\tests\execution_r4\test_embedded_dispatch.py:27: in qualified_contract
    info = runtime_v1.protocol_info()
           ^^^^^^^^^^^^^^^^^^^^^^^^^^
..\okto-r4-native-installed-zk_r383i\Lib\site-packages\okto_nexus\adapters\outbound\execution\core_inventory.py:36: in protocol_info
    core = _core()
           ^^^^^^^
_ _ _ _ _ _ _ _ _ _ _ _ _ _ _ _ _ _ _ _ _ _ _ _ _ _ _ _ _ _ _ _ _ _ _ _ _ _ _ _

    def _core():
        import nexus_connector_core as core
    
        if core.__version__ != CORE_INVENTORY_VERSION:
>           raise RuntimeError(
                f"Core {CORE_INVENTORY_VERSION} is required for R4 inventory; "
                f"installed {core.__version__}"
            )
E           RuntimeError: Core 0.2.40.dev0 is required for R4 inventory; installed 0.2.41.dev0

..\okto-r4-native-installed-zk_r383i\Lib\site-packages\okto_nexus\adapters\outbound\execution\core_inventory.py:27: RuntimeError
_ ERROR at setup of test_approved_provider_home_uses_process_mcp_without_copying_login[claude_stream] _

fixturedef = <FixtureDef argname='qualified_contract' scope='function' baseid='test_embedded_tools.py'>
request = <SubRequest 'qualified_contract' for <Function test_approved_provider_home_uses_process_mcp_without_copying_login[claude_stream]>>

    @pytest.hookimpl(wrapper=True)
    def pytest_fixture_setup(fixturedef: FixtureDef, request) -> object | None:
        if (
            fixturedef.argname == "event_loop_policy"
            and fixturedef.func.__module__ != __name__
        ):
            warnings.warn(
                PytestDeprecationWarning(_EVENT_LOOP_POLICY_FIXTURE_DEPRECATION_WARNING),
            )
        asyncio_mode = _get_asyncio_mode(request.config)
        if not _is_asyncio_fixture_function(fixturedef.func):
            if asyncio_mode == Mode.STRICT:
                # Ignore async fixtures without explicit asyncio mark in strict mode
                # This applies to pytest_trio fixtures, for example
                return (yield)
            if not _is_coroutine_or_asyncgen(fixturedef.func):
>               return (yield)
                        ^^^^^

..\okto-r4-native-installed-zk_r383i\Lib\site-packages\pytest_asyncio\plugin.py:926: 
_ _ _ _ _ _ _ _ _ _ _ _ _ _ _ _ _ _ _ _ _ _ _ _ _ _ _ _ _ _ _ _ _ _ _ _ _ _ _ _
D:\Projetos\Techridy\okto_labs_okto_nexus\tests\execution_r4\test_embedded_dispatch.py:27: in qualified_contract
    info = runtime_v1.protocol_info()
           ^^^^^^^^^^^^^^^^^^^^^^^^^^
..\okto-r4-native-installed-zk_r383i\Lib\site-packages\okto_nexus\adapters\outbound\execution\core_inventory.py:36: in protocol_info
    core = _core()
           ^^^^^^^
_ _ _ _ _ _ _ _ _ _ _ _ _ _ _ _ _ _ _ _ _ _ _ _ _ _ _ _ _ _ _ _ _ _ _ _ _ _ _ _

    def _core():
        import nexus_connector_core as core
    
        if core.__version__ != CORE_INVENTORY_VERSION:
>           raise RuntimeError(
                f"Core {CORE_INVENTORY_VERSION} is required for R4 inventory; "
                f"installed {core.__version__}"
            )
E           RuntimeError: Core 0.2.40.dev0 is required for R4 inventory; installed 0.2.41.dev0

..\okto-r4-native-installed-zk_r383i\Lib\site-packages\okto_nexus\adapters\outbound\execution\core_inventory.py:27: RuntimeError
______ ERROR at setup of test_approved_local_configuration_reaches_core _______

fixturedef = <FixtureDef argname='local_setup' scope='function' baseid='test_local_launch.py'>
request = <SubRequest 'local_setup' for <Function test_approved_local_configuration_reaches_core>>

    @pytest.hookimpl(wrapper=True)
    def pytest_fixture_setup(fixturedef: FixtureDef, request) -> object | None:
        if (
            fixturedef.argname == "event_loop_policy"
            and fixturedef.func.__module__ != __name__
        ):
            warnings.warn(
                PytestDeprecationWarning(_EVENT_LOOP_POLICY_FIXTURE_DEPRECATION_WARNING),
            )
        asyncio_mode = _get_asyncio_mode(request.config)
        if not _is_asyncio_fixture_function(fixturedef.func):
            if asyncio_mode == Mode.STRICT:
                # Ignore async fixtures without explicit asyncio mark in strict mode
                # This applies to pytest_trio fixtures, for example
                return (yield)
            if not _is_coroutine_or_asyncgen(fixturedef.func):
>               return (yield)
                        ^^^^^

..\okto-r4-native-installed-zk_r383i\Lib\site-packages\pytest_asyncio\plugin.py:926: 
_ _ _ _ _ _ _ _ _ _ _ _ _ _ _ _ _ _ _ _ _ _ _ _ _ _ _ _ _ _ _ _ _ _ _ _ _ _ _ _
D:\Projetos\Techridy\okto_labs_okto_nexus\tests\execution_r4\test_local_realization.py:35: in local_setup
    with TestClient(app, raise_server_exceptions=False) as client:
         ^^^^^^^^^^^^^^^^^^^^^^^^^^^^^^^^^^^^^^^^^^^^^^
..\okto-r4-native-installed-zk_r383i\Lib\site-packages\starlette\testclient.py:517: in __enter__
    portal.call(self.wait_startup)
..\okto-r4-native-installed-zk_r383i\Lib\site-packages\anyio\from_thread.py:340: in call
    return cast(T_Retval, self.start_task_soon(func, *args).result())
                          ^^^^^^^^^^^^^^^^^^^^^^^^^^^^^^^^^^^^^^^^^^
C:\Python313\Lib\concurrent\futures\_base.py:456: in result
    return self.__get_result()
           ^^^^^^^^^^^^^^^^^^^
C:\Python313\Lib\concurrent\futures\_base.py:401: in __get_result
    raise self._exception
..\okto-r4-native-installed-zk_r383i\Lib\site-packages\anyio\from_thread.py:265: in _call_func
    retval = await retval_or_awaitable
             ^^^^^^^^^^^^^^^^^^^^^^^^^
..\okto-r4-native-installed-zk_r383i\Lib\site-packages\starlette\testclient.py:552: in wait_startup
    await receive()
..\okto-r4-native-installed-zk_r383i\Lib\site-packages\starlette\testclient.py:543: in receive
    self.task.result()
C:\Python313\Lib\concurrent\futures\_base.py:449: in result
    return self.__get_result()
           ^^^^^^^^^^^^^^^^^^^
C:\Python313\Lib\concurrent\futures\_base.py:401: in __get_result
    raise self._exception
..\okto-r4-native-installed-zk_r383i\Lib\site-packages\anyio\from_thread.py:265: in _call_func
    retval = await retval_or_awaitable
             ^^^^^^^^^^^^^^^^^^^^^^^^^
..\okto-r4-native-installed-zk_r383i\Lib\site-packages\starlette\testclient.py:533: in lifespan
    await self.app(scope, self.stream_receive.receive, self.stream_send.send)
..\okto-r4-native-installed-zk_r383i\Lib\site-packages\fastapi\applications.py:1202: in __call__
    await lifespan(
..\okto-r4-native-installed-zk_r383i\Lib\site-packages\fastapi\telemetry\_runtime.py:239: in lifespan
    await app(scope, wrapped_receive, wrapped_send)
..\okto-r4-native-installed-zk_r383i\Lib\site-packages\starlette\applications.py:96: in __call__
    await self.middleware_stack(scope, receive, send)
..\okto-r4-native-installed-zk_r383i\Lib\site-packages\starlette\middleware\errors.py:151: in __call__
    await self.app(scope, receive, send)
..\okto-r4-native-installed-zk_r383i\Lib\site-packages\fastapi\telemetry\_asgi.py:151: in __call__
    await self.app(scope, receive, send)
..\okto-r4-native-installed-zk_r383i\Lib\site-packages\starlette\middleware\base.py:103: in __call__
    await self.app(scope, receive, send)
..\okto-r4-native-installed-zk_r383i\Lib\site-packages\starlette\middleware\base.py:103: in __call__
    await self.app(scope, receive, send)
..\okto-r4-native-installed-zk_r383i\Lib\site-packages\starlette\middleware\base.py:103: in __call__
    await self.app(scope, receive, send)
..\okto-r4-native-installed-zk_r383i\Lib\site-packages\starlette\middleware\exceptions.py:49: in __call__
    await self.app(scope, receive, send)
..\okto-r4-native-installed-zk_r383i\Lib\site-packages\fastapi\middleware\asyncexitstack.py:18: in __call__
    await self.app(scope, receive, send)
..\okto-r4-native-installed-zk_r383i\Lib\site-packages\starlette\routing.py:676: in __call__
    await self.middleware_stack(scope, receive, send)
..\okto-r4-native-installed-zk_r383i\Lib\site-packages\fastapi\routing.py:2773: in app
    await self.lifespan(scope, receive, send)
..\okto-r4-native-installed-zk_r383i\Lib\site-packages\starlette\routing.py:654: in lifespan
    async with self.lifespan_context(app) as maybe_state:
               ^^^^^^^^^^^^^^^^^^^^^^^^^^
C:\Python313\Lib\contextlib.py:214: in __aenter__
    return await anext(self.gen)
           ^^^^^^^^^^^^^^^^^^^^^
..\okto-r4-native-installed-zk_r383i\Lib\site-packages\fastapi\routing.py:247: in merged_lifespan
    async with original_context(app) as maybe_original_state:
               ^^^^^^^^^^^^^^^^^^^^^
C:\Python313\Lib\contextlib.py:214: in __aenter__
    return await anext(self.gen)
           ^^^^^^^^^^^^^^^^^^^^^
..\okto-r4-native-installed-zk_r383i\Lib\site-packages\fastapi\routing.py:247: in merged_lifespan
    async with original_context(app) as maybe_original_state:
               ^^^^^^^^^^^^^^^^^^^^^
C:\Python313\Lib\contextlib.py:214: in __aenter__
    return await anext(self.gen)
           ^^^^^^^^^^^^^^^^^^^^^
..\okto-r4-native-installed-zk_r383i\Lib\site-packages\fastapi\routing.py:247: in merged_lifespan
    async with original_context(app) as maybe_original_state:
               ^^^^^^^^^^^^^^^^^^^^^
C:\Python313\Lib\contextlib.py:214: in __aenter__
    return await anext(self.gen)
           ^^^^^^^^^^^^^^^^^^^^^
..\okto-r4-native-installed-zk_r383i\Lib\site-packages\fastapi\routing.py:247: in merged_lifespan
    async with original_context(app) as maybe_original_state:
               ^^^^^^^^^^^^^^^^^^^^^
C:\Python313\Lib\contextlib.py:214: in __aenter__
    return await anext(self.gen)
           ^^^^^^^^^^^^^^^^^^^^^
..\okto-r4-native-installed-zk_r383i\Lib\site-packages\fastapi\routing.py:247: in merged_lifespan
    async with original_context(app) as maybe_original_state:
               ^^^^^^^^^^^^^^^^^^^^^
C:\Python313\Lib\contextlib.py:214: in __aenter__
    return await anext(self.gen)
           ^^^^^^^^^^^^^^^^^^^^^
..\okto-r4-native-installed-zk_r383i\Lib\site-packages\fastapi\routing.py:247: in merged_lifespan
    async with original_context(app) as maybe_original_state:
               ^^^^^^^^^^^^^^^^^^^^^
C:\Python313\Lib\contextlib.py:214: in __aenter__
    return await anext(self.gen)
           ^^^^^^^^^^^^^^^^^^^^^
..\okto-r4-native-installed-zk_r383i\Lib\site-packages\fastapi\routing.py:247: in merged_lifespan
    async with original_context(app) as maybe_original_state:
               ^^^^^^^^^^^^^^^^^^^^^
C:\Python313\Lib\contextlib.py:214: in __aenter__
    return await anext(self.gen)
           ^^^^^^^^^^^^^^^^^^^^^
..\okto-r4-native-installed-zk_r383i\Lib\site-packages\okto_nexus\adapters\inbound\http\app.py:603: in lifespan
    await embedded_inventory.start()
..\okto-r4-native-installed-zk_r383i\Lib\site-packages\okto_nexus\bootstrap\embedded_inventory.py:57: in start
    return await asyncio.shield(self._startup_task)
           ^^^^^^^^^^^^^^^^^^^^^^^^^^^^^^^^^^^^^^^^
..\okto-r4-native-installed-zk_r383i\Lib\site-packages\okto_nexus\bootstrap\embedded_inventory.py:61: in _start
    await self.refresh()
..\okto-r4-native-installed-zk_r383i\Lib\site-packages\okto_nexus\bootstrap\embedded_inventory.py:71: in refresh
    return await asyncio.shield(self._refresh_task)
           ^^^^^^^^^^^^^^^^^^^^^^^^^^^^^^^^^^^^^^^^
..\okto-r4-native-installed-zk_r383i\Lib\site-packages\okto_nexus\bootstrap\embedded_inventory.py:75: in _refresh_owned
    return await self._refresh()
           ^^^^^^^^^^^^^^^^^^^^^
..\okto-r4-native-installed-zk_r383i\Lib\site-packages\okto_nexus\bootstrap\embedded_inventory.py:88: in _refresh
    publication = await asyncio.to_thread(self._publish, candidates, age_ms)
                  ^^^^^^^^^^^^^^^^^^^^^^^^^^^^^^^^^^^^^^^^^^^^^^^^^^^^^^^^^^
C:\Python313\Lib\asyncio\threads.py:25: in to_thread
    return await loop.run_in_executor(None, func_call)
           ^^^^^^^^^^^^^^^^^^^^^^^^^^^^^^^^^^^^^^^^^^^
C:\Python313\Lib\concurrent\futures\thread.py:59: in run
    result = self.fn(*self.args, **self.kwargs)
             ^^^^^^^^^^^^^^^^^^^^^^^^^^^^^^^^^^
..\okto-r4-native-installed-zk_r383i\Lib\site-packages\okto_nexus\bootstrap\embedded_inventory.py:101: in _publish
    snapshot = local_inventory_snapshot(candidates,
..\okto-r4-native-installed-zk_r383i\Lib\site-packages\okto_nexus\adapters\outbound\execution\core_inventory.py:95: in local_inventory_snapshot
    core = _core()
           ^^^^^^^
_ _ _ _ _ _ _ _ _ _ _ _ _ _ _ _ _ _ _ _ _ _ _ _ _ _ _ _ _ _ _ _ _ _ _ _ _ _ _ _

    def _core():
        import nexus_connector_core as core
    
        if core.__version__ != CORE_INVENTORY_VERSION:
>           raise RuntimeError(
                f"Core {CORE_INVENTORY_VERSION} is required for R4 inventory; "
                f"installed {core.__version__}"
            )
E           RuntimeError: Core 0.2.40.dev0 is required for R4 inventory; installed 0.2.41.dev0

..\okto-r4-native-installed-zk_r383i\Lib\site-packages\okto_nexus\adapters\outbound\execution\core_inventory.py:27: RuntimeError
_____ ERROR at setup of test_local_configuration_drift_is_refused[record] _____

fixturedef = <FixtureDef argname='local_setup' scope='function' baseid='test_local_launch.py'>
request = <SubRequest 'local_setup' for <Function test_local_configuration_drift_is_refused[record]>>

    @pytest.hookimpl(wrapper=True)
    def pytest_fixture_setup(fixturedef: FixtureDef, request) -> object | None:
        if (
            fixturedef.argname == "event_loop_policy"
            and fixturedef.func.__module__ != __name__
        ):
            warnings.warn(
                PytestDeprecationWarning(_EVENT_LOOP_POLICY_FIXTURE_DEPRECATION_WARNING),
            )
        asyncio_mode = _get_asyncio_mode(request.config)
        if not _is_asyncio_fixture_function(fixturedef.func):
            if asyncio_mode == Mode.STRICT:
                # Ignore async fixtures without explicit asyncio mark in strict mode
                # This applies to pytest_trio fixtures, for example
                return (yield)
            if not _is_coroutine_or_asyncgen(fixturedef.func):
>               return (yield)
                        ^^^^^

..\okto-r4-native-installed-zk_r383i\Lib\site-packages\pytest_asyncio\plugin.py:926: 
_ _ _ _ _ _ _ _ _ _ _ _ _ _ _ _ _ _ _ _ _ _ _ _ _ _ _ _ _ _ _ _ _ _ _ _ _ _ _ _
D:\Projetos\Techridy\okto_labs_okto_nexus\tests\execution_r4\test_local_realization.py:35: in local_setup
    with TestClient(app, raise_server_exceptions=False) as client:
         ^^^^^^^^^^^^^^^^^^^^^^^^^^^^^^^^^^^^^^^^^^^^^^
..\okto-r4-native-installed-zk_r383i\Lib\site-packages\starlette\testclient.py:517: in __enter__
    portal.call(self.wait_startup)
..\okto-r4-native-installed-zk_r383i\Lib\site-packages\anyio\from_thread.py:340: in call
    return cast(T_Retval, self.start_task_soon(func, *args).result())
                          ^^^^^^^^^^^^^^^^^^^^^^^^^^^^^^^^^^^^^^^^^^
C:\Python313\Lib\concurrent\futures\_base.py:456: in result
    return self.__get_result()
           ^^^^^^^^^^^^^^^^^^^
C:\Python313\Lib\concurrent\futures\_base.py:401: in __get_result
    raise self._exception
..\okto-r4-native-installed-zk_r383i\Lib\site-packages\anyio\from_thread.py:265: in _call_func
    retval = await retval_or_awaitable
             ^^^^^^^^^^^^^^^^^^^^^^^^^
..\okto-r4-native-installed-zk_r383i\Lib\site-packages\starlette\testclient.py:552: in wait_startup
    await receive()
..\okto-r4-native-installed-zk_r383i\Lib\site-packages\starlette\testclient.py:543: in receive
    self.task.result()
C:\Python313\Lib\concurrent\futures\_base.py:449: in result
    return self.__get_result()
           ^^^^^^^^^^^^^^^^^^^
C:\Python313\Lib\concurrent\futures\_base.py:401: in __get_result
    raise self._exception
..\okto-r4-native-installed-zk_r383i\Lib\site-packages\anyio\from_thread.py:265: in _call_func
    retval = await retval_or_awaitable
             ^^^^^^^^^^^^^^^^^^^^^^^^^
..\okto-r4-native-installed-zk_r383i\Lib\site-packages\starlette\testclient.py:533: in lifespan
    await self.app(scope, self.stream_receive.receive, self.stream_send.send)
..\okto-r4-native-installed-zk_r383i\Lib\site-packages\fastapi\applications.py:1202: in __call__
    await lifespan(
..\okto-r4-native-installed-zk_r383i\Lib\site-packages\fastapi\telemetry\_runtime.py:239: in lifespan
    await app(scope, wrapped_receive, wrapped_send)
..\okto-r4-native-installed-zk_r383i\Lib\site-packages\starlette\applications.py:96: in __call__
    await self.middleware_stack(scope, receive, send)
..\okto-r4-native-installed-zk_r383i\Lib\site-packages\starlette\middleware\errors.py:151: in __call__
    await self.app(scope, receive, send)
..\okto-r4-native-installed-zk_r383i\Lib\site-packages\fastapi\telemetry\_asgi.py:151: in __call__
    await self.app(scope, receive, send)
..\okto-r4-native-installed-zk_r383i\Lib\site-packages\starlette\middleware\base.py:103: in __call__
    await self.app(scope, receive, send)
..\okto-r4-native-installed-zk_r383i\Lib\site-packages\starlette\middleware\base.py:103: in __call__
    await self.app(scope, receive, send)
..\okto-r4-native-installed-zk_r383i\Lib\site-packages\starlette\middleware\base.py:103: in __call__
    await self.app(scope, receive, send)
..\okto-r4-native-installed-zk_r383i\Lib\site-packages\starlette\middleware\exceptions.py:49: in __call__
    await self.app(scope, receive, send)
..\okto-r4-native-installed-zk_r383i\Lib\site-packages\fastapi\middleware\asyncexitstack.py:18: in __call__
    await self.app(scope, receive, send)
..\okto-r4-native-installed-zk_r383i\Lib\site-packages\starlette\routing.py:676: in __call__
    await self.middleware_stack(scope, receive, send)
..\okto-r4-native-installed-zk_r383i\Lib\site-packages\fastapi\routing.py:2773: in app
    await self.lifespan(scope, receive, send)
..\okto-r4-native-installed-zk_r383i\Lib\site-packages\starlette\routing.py:654: in lifespan
    async with self.lifespan_context(app) as maybe_state:
               ^^^^^^^^^^^^^^^^^^^^^^^^^^
C:\Python313\Lib\contextlib.py:214: in __aenter__
    return await anext(self.gen)
           ^^^^^^^^^^^^^^^^^^^^^
..\okto-r4-native-installed-zk_r383i\Lib\site-packages\fastapi\routing.py:247: in merged_lifespan
    async with original_context(app) as maybe_original_state:
               ^^^^^^^^^^^^^^^^^^^^^
C:\Python313\Lib\contextlib.py:214: in __aenter__
    return await anext(self.gen)
           ^^^^^^^^^^^^^^^^^^^^^
..\okto-r4-native-installed-zk_r383i\Lib\site-packages\fastapi\routing.py:247: in merged_lifespan
    async with original_context(app) as maybe_original_state:
               ^^^^^^^^^^^^^^^^^^^^^
C:\Python313\Lib\contextlib.py:214: in __aenter__
    return await anext(self.gen)
           ^^^^^^^^^^^^^^^^^^^^^
..\okto-r4-native-installed-zk_r383i\Lib\site-packages\fastapi\routing.py:247: in merged_lifespan
    async with original_context(app) as maybe_original_state:
               ^^^^^^^^^^^^^^^^^^^^^
C:\Python313\Lib\contextlib.py:214: in __aenter__
    return await anext(self.gen)
           ^^^^^^^^^^^^^^^^^^^^^
..\okto-r4-native-installed-zk_r383i\Lib\site-packages\fastapi\routing.py:247: in merged_lifespan
    async with original_context(app) as maybe_original_state:
               ^^^^^^^^^^^^^^^^^^^^^
C:\Python313\Lib\contextlib.py:214: in __aenter__
    return await anext(self.gen)
           ^^^^^^^^^^^^^^^^^^^^^
..\okto-r4-native-installed-zk_r383i\Lib\site-packages\fastapi\routing.py:247: in merged_lifespan
    async with original_context(app) as maybe_original_state:
               ^^^^^^^^^^^^^^^^^^^^^
C:\Python313\Lib\contextlib.py:214: in __aenter__
    return await anext(self.gen)
           ^^^^^^^^^^^^^^^^^^^^^
..\okto-r4-native-installed-zk_r383i\Lib\site-packages\fastapi\routing.py:247: in merged_lifespan
    async with original_context(app) as maybe_original_state:
               ^^^^^^^^^^^^^^^^^^^^^
C:\Python313\Lib\contextlib.py:214: in __aenter__
    return await anext(self.gen)
           ^^^^^^^^^^^^^^^^^^^^^
..\okto-r4-native-installed-zk_r383i\Lib\site-packages\fastapi\routing.py:247: in merged_lifespan
    async with original_context(app) as maybe_original_state:
               ^^^^^^^^^^^^^^^^^^^^^
C:\Python313\Lib\contextlib.py:214: in __aenter__
    return await anext(self.gen)
           ^^^^^^^^^^^^^^^^^^^^^
..\okto-r4-native-installed-zk_r383i\Lib\site-packages\okto_nexus\adapters\inbound\http\app.py:603: in lifespan
    await embedded_inventory.start()
..\okto-r4-native-installed-zk_r383i\Lib\site-packages\okto_nexus\bootstrap\embedded_inventory.py:57: in start
    return await asyncio.shield(self._startup_task)
           ^^^^^^^^^^^^^^^^^^^^^^^^^^^^^^^^^^^^^^^^
..\okto-r4-native-installed-zk_r383i\Lib\site-packages\okto_nexus\bootstrap\embedded_inventory.py:61: in _start
    await self.refresh()
..\okto-r4-native-installed-zk_r383i\Lib\site-packages\okto_nexus\bootstrap\embedded_inventory.py:71: in refresh
    return await asyncio.shield(self._refresh_task)
           ^^^^^^^^^^^^^^^^^^^^^^^^^^^^^^^^^^^^^^^^
..\okto-r4-native-installed-zk_r383i\Lib\site-packages\okto_nexus\bootstrap\embedded_inventory.py:75: in _refresh_owned
    return await self._refresh()
           ^^^^^^^^^^^^^^^^^^^^^
..\okto-r4-native-installed-zk_r383i\Lib\site-packages\okto_nexus\bootstrap\embedded_inventory.py:88: in _refresh
    publication = await asyncio.to_thread(self._publish, candidates, age_ms)
                  ^^^^^^^^^^^^^^^^^^^^^^^^^^^^^^^^^^^^^^^^^^^^^^^^^^^^^^^^^^
C:\Python313\Lib\asyncio\threads.py:25: in to_thread
    return await loop.run_in_executor(None, func_call)
           ^^^^^^^^^^^^^^^^^^^^^^^^^^^^^^^^^^^^^^^^^^^
C:\Python313\Lib\concurrent\futures\thread.py:59: in run
    result = self.fn(*self.args, **self.kwargs)
             ^^^^^^^^^^^^^^^^^^^^^^^^^^^^^^^^^^
..\okto-r4-native-installed-zk_r383i\Lib\site-packages\okto_nexus\bootstrap\embedded_inventory.py:101: in _publish
    snapshot = local_inventory_snapshot(candidates,
..\okto-r4-native-installed-zk_r383i\Lib\site-packages\okto_nexus\adapters\outbound\execution\core_inventory.py:95: in local_inventory_snapshot
    core = _core()
           ^^^^^^^
_ _ _ _ _ _ _ _ _ _ _ _ _ _ _ _ _ _ _ _ _ _ _ _ _ _ _ _ _ _ _ _ _ _ _ _ _ _ _ _

    def _core():
        import nexus_connector_core as core
    
        if core.__version__ != CORE_INVENTORY_VERSION:
>           raise RuntimeError(
                f"Core {CORE_INVENTORY_VERSION} is required for R4 inventory; "
                f"installed {core.__version__}"
            )
E           RuntimeError: Core 0.2.40.dev0 is required for R4 inventory; installed 0.2.41.dev0

..\okto-r4-native-installed-zk_r383i\Lib\site-packages\okto_nexus\adapters\outbound\execution\core_inventory.py:27: RuntimeError
______ ERROR at setup of test_local_configuration_drift_is_refused[root] ______

fixturedef = <FixtureDef argname='local_setup' scope='function' baseid='test_local_launch.py'>
request = <SubRequest 'local_setup' for <Function test_local_configuration_drift_is_refused[root]>>

    @pytest.hookimpl(wrapper=True)
    def pytest_fixture_setup(fixturedef: FixtureDef, request) -> object | None:
        if (
            fixturedef.argname == "event_loop_policy"
            and fixturedef.func.__module__ != __name__
        ):
            warnings.warn(
                PytestDeprecationWarning(_EVENT_LOOP_POLICY_FIXTURE_DEPRECATION_WARNING),
            )
        asyncio_mode = _get_asyncio_mode(request.config)
        if not _is_asyncio_fixture_function(fixturedef.func):
            if asyncio_mode == Mode.STRICT:
                # Ignore async fixtures without explicit asyncio mark in strict mode
                # This applies to pytest_trio fixtures, for example
                return (yield)
            if not _is_coroutine_or_asyncgen(fixturedef.func):
>               return (yield)
                        ^^^^^

..\okto-r4-native-installed-zk_r383i\Lib\site-packages\pytest_asyncio\plugin.py:926: 
_ _ _ _ _ _ _ _ _ _ _ _ _ _ _ _ _ _ _ _ _ _ _ _ _ _ _ _ _ _ _ _ _ _ _ _ _ _ _ _
D:\Projetos\Techridy\okto_labs_okto_nexus\tests\execution_r4\test_local_realization.py:35: in local_setup
    with TestClient(app, raise_server_exceptions=False) as client:
         ^^^^^^^^^^^^^^^^^^^^^^^^^^^^^^^^^^^^^^^^^^^^^^
..\okto-r4-native-installed-zk_r383i\Lib\site-packages\starlette\testclient.py:517: in __enter__
    portal.call(self.wait_startup)
..\okto-r4-native-installed-zk_r383i\Lib\site-packages\anyio\from_thread.py:340: in call
    return cast(T_Retval, self.start_task_soon(func, *args).result())
                          ^^^^^^^^^^^^^^^^^^^^^^^^^^^^^^^^^^^^^^^^^^
C:\Python313\Lib\concurrent\futures\_base.py:456: in result
    return self.__get_result()
           ^^^^^^^^^^^^^^^^^^^
C:\Python313\Lib\concurrent\futures\_base.py:401: in __get_result
    raise self._exception
..\okto-r4-native-installed-zk_r383i\Lib\site-packages\anyio\from_thread.py:265: in _call_func
    retval = await retval_or_awaitable
             ^^^^^^^^^^^^^^^^^^^^^^^^^
..\okto-r4-native-installed-zk_r383i\Lib\site-packages\starlette\testclient.py:552: in wait_startup
    await receive()
..\okto-r4-native-installed-zk_r383i\Lib\site-packages\starlette\testclient.py:543: in receive
    self.task.result()
C:\Python313\Lib\concurrent\futures\_base.py:449: in result
    return self.__get_result()
           ^^^^^^^^^^^^^^^^^^^
C:\Python313\Lib\concurrent\futures\_base.py:401: in __get_result
    raise self._exception
..\okto-r4-native-installed-zk_r383i\Lib\site-packages\anyio\from_thread.py:265: in _call_func
    retval = await retval_or_awaitable
             ^^^^^^^^^^^^^^^^^^^^^^^^^
..\okto-r4-native-installed-zk_r383i\Lib\site-packages\starlette\testclient.py:533: in lifespan
    await self.app(scope, self.stream_receive.receive, self.stream_send.send)
..\okto-r4-native-installed-zk_r383i\Lib\site-packages\fastapi\applications.py:1202: in __call__
    await lifespan(
..\okto-r4-native-installed-zk_r383i\Lib\site-packages\fastapi\telemetry\_runtime.py:239: in lifespan
    await app(scope, wrapped_receive, wrapped_send)
..\okto-r4-native-installed-zk_r383i\Lib\site-packages\starlette\applications.py:96: in __call__
    await self.middleware_stack(scope, receive, send)
..\okto-r4-native-installed-zk_r383i\Lib\site-packages\starlette\middleware\errors.py:151: in __call__
    await self.app(scope, receive, send)
..\okto-r4-native-installed-zk_r383i\Lib\site-packages\fastapi\telemetry\_asgi.py:151: in __call__
    await self.app(scope, receive, send)
..\okto-r4-native-installed-zk_r383i\Lib\site-packages\starlette\middleware\base.py:103: in __call__
    await self.app(scope, receive, send)
..\okto-r4-native-installed-zk_r383i\Lib\site-packages\starlette\middleware\base.py:103: in __call__
    await self.app(scope, receive, send)
..\okto-r4-native-installed-zk_r383i\Lib\site-packages\starlette\middleware\base.py:103: in __call__
    await self.app(scope, receive, send)
..\okto-r4-native-installed-zk_r383i\Lib\site-packages\starlette\middleware\exceptions.py:49: in __call__
    await self.app(scope, receive, send)
..\okto-r4-native-installed-zk_r383i\Lib\site-packages\fastapi\middleware\asyncexitstack.py:18: in __call__
    await self.app(scope, receive, send)
..\okto-r4-native-installed-zk_r383i\Lib\site-packages\starlette\routing.py:676: in __call__
    await self.middleware_stack(scope, receive, send)
..\okto-r4-native-installed-zk_r383i\Lib\site-packages\fastapi\routing.py:2773: in app
    await self.lifespan(scope, receive, send)
..\okto-r4-native-installed-zk_r383i\Lib\site-packages\starlette\routing.py:654: in lifespan
    async with self.lifespan_context(app) as maybe_state:
               ^^^^^^^^^^^^^^^^^^^^^^^^^^
C:\Python313\Lib\contextlib.py:214: in __aenter__
    return await anext(self.gen)
           ^^^^^^^^^^^^^^^^^^^^^
..\okto-r4-native-installed-zk_r383i\Lib\site-packages\fastapi\routing.py:247: in merged_lifespan
    async with original_context(app) as maybe_original_state:
               ^^^^^^^^^^^^^^^^^^^^^
C:\Python313\Lib\contextlib.py:214: in __aenter__
    return await anext(self.gen)
           ^^^^^^^^^^^^^^^^^^^^^
..\okto-r4-native-installed-zk_r383i\Lib\site-packages\fastapi\routing.py:247: in merged_lifespan
    async with original_context(app) as maybe_original_state:
               ^^^^^^^^^^^^^^^^^^^^^
C:\Python313\Lib\contextlib.py:214: in __aenter__
    return await anext(self.gen)
           ^^^^^^^^^^^^^^^^^^^^^
..\okto-r4-native-installed-zk_r383i\Lib\site-packages\fastapi\routing.py:247: in merged_lifespan
    async with original_context(app) as maybe_original_state:
               ^^^^^^^^^^^^^^^^^^^^^
C:\Python313\Lib\contextlib.py:214: in __aenter__
    return await anext(self.gen)
           ^^^^^^^^^^^^^^^^^^^^^
..\okto-r4-native-installed-zk_r383i\Lib\site-packages\fastapi\routing.py:247: in merged_lifespan
    async with original_context(app) as maybe_original_state:
               ^^^^^^^^^^^^^^^^^^^^^
C:\Python313\Lib\contextlib.py:214: in __aenter__
    return await anext(self.gen)
           ^^^^^^^^^^^^^^^^^^^^^
..\okto-r4-native-installed-zk_r383i\Lib\site-packages\fastapi\routing.py:247: in merged_lifespan
    async with original_context(app) as maybe_original_state:
               ^^^^^^^^^^^^^^^^^^^^^
C:\Python313\Lib\contextlib.py:214: in __aenter__
    return await anext(self.gen)
           ^^^^^^^^^^^^^^^^^^^^^
..\okto-r4-native-installed-zk_r383i\Lib\site-packages\fastapi\routing.py:247: in merged_lifespan
    async with original_context(app) as maybe_original_state:
               ^^^^^^^^^^^^^^^^^^^^^
C:\Python313\Lib\contextlib.py:214: in __aenter__
    return await anext(self.gen)
           ^^^^^^^^^^^^^^^^^^^^^
..\okto-r4-native-installed-zk_r383i\Lib\site-packages\fastapi\routing.py:247: in merged_lifespan
    async with original_context(app) as maybe_original_state:
               ^^^^^^^^^^^^^^^^^^^^^
C:\Python313\Lib\contextlib.py:214: in __aenter__
    return await anext(self.gen)
           ^^^^^^^^^^^^^^^^^^^^^
..\okto-r4-native-installed-zk_r383i\Lib\site-packages\okto_nexus\adapters\inbound\http\app.py:603: in lifespan
    await embedded_inventory.start()
..\okto-r4-native-installed-zk_r383i\Lib\site-packages\okto_nexus\bootstrap\embedded_inventory.py:57: in start
    return await asyncio.shield(self._startup_task)
           ^^^^^^^^^^^^^^^^^^^^^^^^^^^^^^^^^^^^^^^^
..\okto-r4-native-installed-zk_r383i\Lib\site-packages\okto_nexus\bootstrap\embedded_inventory.py:61: in _start
    await self.refresh()
..\okto-r4-native-installed-zk_r383i\Lib\site-packages\okto_nexus\bootstrap\embedded_inventory.py:71: in refresh
    return await asyncio.shield(self._refresh_task)
           ^^^^^^^^^^^^^^^^^^^^^^^^^^^^^^^^^^^^^^^^
..\okto-r4-native-installed-zk_r383i\Lib\site-packages\okto_nexus\bootstrap\embedded_inventory.py:75: in _refresh_owned
    return await self._refresh()
           ^^^^^^^^^^^^^^^^^^^^^
..\okto-r4-native-installed-zk_r383i\Lib\site-packages\okto_nexus\bootstrap\embedded_inventory.py:88: in _refresh
    publication = await asyncio.to_thread(self._publish, candidates, age_ms)
                  ^^^^^^^^^^^^^^^^^^^^^^^^^^^^^^^^^^^^^^^^^^^^^^^^^^^^^^^^^^
C:\Python313\Lib\asyncio\threads.py:25: in to_thread
    return await loop.run_in_executor(None, func_call)
           ^^^^^^^^^^^^^^^^^^^^^^^^^^^^^^^^^^^^^^^^^^^
C:\Python313\Lib\concurrent\futures\thread.py:59: in run
    result = self.fn(*self.args, **self.kwargs)
             ^^^^^^^^^^^^^^^^^^^^^^^^^^^^^^^^^^
..\okto-r4-native-installed-zk_r383i\Lib\site-packages\okto_nexus\bootstrap\embedded_inventory.py:101: in _publish
    snapshot = local_inventory_snapshot(candidates,
..\okto-r4-native-installed-zk_r383i\Lib\site-packages\okto_nexus\adapters\outbound\execution\core_inventory.py:95: in local_inventory_snapshot
    core = _core()
           ^^^^^^^
_ _ _ _ _ _ _ _ _ _ _ _ _ _ _ _ _ _ _ _ _ _ _ _ _ _ _ _ _ _ _ _ _ _ _ _ _ _ _ _

    def _core():
        import nexus_connector_core as core
    
        if core.__version__ != CORE_INVENTORY_VERSION:
>           raise RuntimeError(
                f"Core {CORE_INVENTORY_VERSION} is required for R4 inventory; "
                f"installed {core.__version__}"
            )
E           RuntimeError: Core 0.2.40.dev0 is required for R4 inventory; installed 0.2.41.dev0

..\okto-r4-native-installed-zk_r383i\Lib\site-packages\okto_nexus\adapters\outbound\execution\core_inventory.py:27: RuntimeError
_____ ERROR at setup of test_local_configuration_drift_is_refused[binary] _____

fixturedef = <FixtureDef argname='local_setup' scope='function' baseid='test_local_launch.py'>
request = <SubRequest 'local_setup' for <Function test_local_configuration_drift_is_refused[binary]>>

    @pytest.hookimpl(wrapper=True)
    def pytest_fixture_setup(fixturedef: FixtureDef, request) -> object | None:
        if (
            fixturedef.argname == "event_loop_policy"
            and fixturedef.func.__module__ != __name__
        ):
            warnings.warn(
                PytestDeprecationWarning(_EVENT_LOOP_POLICY_FIXTURE_DEPRECATION_WARNING),
            )
        asyncio_mode = _get_asyncio_mode(request.config)
        if not _is_asyncio_fixture_function(fixturedef.func):
            if asyncio_mode == Mode.STRICT:
                # Ignore async fixtures without explicit asyncio mark in strict mode
                # This applies to pytest_trio fixtures, for example
                return (yield)
            if not _is_coroutine_or_asyncgen(fixturedef.func):
>               return (yield)
                        ^^^^^

..\okto-r4-native-installed-zk_r383i\Lib\site-packages\pytest_asyncio\plugin.py:926: 
_ _ _ _ _ _ _ _ _ _ _ _ _ _ _ _ _ _ _ _ _ _ _ _ _ _ _ _ _ _ _ _ _ _ _ _ _ _ _ _
D:\Projetos\Techridy\okto_labs_okto_nexus\tests\execution_r4\test_local_realization.py:35: in local_setup
    with TestClient(app, raise_server_exceptions=False) as client:
         ^^^^^^^^^^^^^^^^^^^^^^^^^^^^^^^^^^^^^^^^^^^^^^
..\okto-r4-native-installed-zk_r383i\Lib\site-packages\starlette\testclient.py:517: in __enter__
    portal.call(self.wait_startup)
..\okto-r4-native-installed-zk_r383i\Lib\site-packages\anyio\from_thread.py:340: in call
    return cast(T_Retval, self.start_task_soon(func, *args).result())
                          ^^^^^^^^^^^^^^^^^^^^^^^^^^^^^^^^^^^^^^^^^^
C:\Python313\Lib\concurrent\futures\_base.py:456: in result
    return self.__get_result()
           ^^^^^^^^^^^^^^^^^^^
C:\Python313\Lib\concurrent\futures\_base.py:401: in __get_result
    raise self._exception
..\okto-r4-native-installed-zk_r383i\Lib\site-packages\anyio\from_thread.py:265: in _call_func
    retval = await retval_or_awaitable
             ^^^^^^^^^^^^^^^^^^^^^^^^^
..\okto-r4-native-installed-zk_r383i\Lib\site-packages\starlette\testclient.py:552: in wait_startup
    await receive()
..\okto-r4-native-installed-zk_r383i\Lib\site-packages\starlette\testclient.py:543: in receive
    self.task.result()
C:\Python313\Lib\concurrent\futures\_base.py:449: in result
    return self.__get_result()
           ^^^^^^^^^^^^^^^^^^^
C:\Python313\Lib\concurrent\futures\_base.py:401: in __get_result
    raise self._exception
..\okto-r4-native-installed-zk_r383i\Lib\site-packages\anyio\from_thread.py:265: in _call_func
    retval = await retval_or_awaitable
             ^^^^^^^^^^^^^^^^^^^^^^^^^
..\okto-r4-native-installed-zk_r383i\Lib\site-packages\starlette\testclient.py:533: in lifespan
    await self.app(scope, self.stream_receive.receive, self.stream_send.send)
..\okto-r4-native-installed-zk_r383i\Lib\site-packages\fastapi\applications.py:1202: in __call__
    await lifespan(
..\okto-r4-native-installed-zk_r383i\Lib\site-packages\fastapi\telemetry\_runtime.py:239: in lifespan
    await app(scope, wrapped_receive, wrapped_send)
..\okto-r4-native-installed-zk_r383i\Lib\site-packages\starlette\applications.py:96: in __call__
    await self.middleware_stack(scope, receive, send)
..\okto-r4-native-installed-zk_r383i\Lib\site-packages\starlette\middleware\errors.py:151: in __call__
    await self.app(scope, receive, send)
..\okto-r4-native-installed-zk_r383i\Lib\site-packages\fastapi\telemetry\_asgi.py:151: in __call__
    await self.app(scope, receive, send)
..\okto-r4-native-installed-zk_r383i\Lib\site-packages\starlette\middleware\base.py:103: in __call__
    await self.app(scope, receive, send)
..\okto-r4-native-installed-zk_r383i\Lib\site-packages\starlette\middleware\base.py:103: in __call__
    await self.app(scope, receive, send)
..\okto-r4-native-installed-zk_r383i\Lib\site-packages\starlette\middleware\base.py:103: in __call__
    await self.app(scope, receive, send)
..\okto-r4-native-installed-zk_r383i\Lib\site-packages\starlette\middleware\exceptions.py:49: in __call__
    await self.app(scope, receive, send)
..\okto-r4-native-installed-zk_r383i\Lib\site-packages\fastapi\middleware\asyncexitstack.py:18: in __call__
    await self.app(scope, receive, send)
..\okto-r4-native-installed-zk_r383i\Lib\site-packages\starlette\routing.py:676: in __call__
    await self.middleware_stack(scope, receive, send)
..\okto-r4-native-installed-zk_r383i\Lib\site-packages\fastapi\routing.py:2773: in app
    await self.lifespan(scope, receive, send)
..\okto-r4-native-installed-zk_r383i\Lib\site-packages\starlette\routing.py:654: in lifespan
    async with self.lifespan_context(app) as maybe_state:
               ^^^^^^^^^^^^^^^^^^^^^^^^^^
C:\Python313\Lib\contextlib.py:214: in __aenter__
    return await anext(self.gen)
           ^^^^^^^^^^^^^^^^^^^^^
..\okto-r4-native-installed-zk_r383i\Lib\site-packages\fastapi\routing.py:247: in merged_lifespan
    async with original_context(app) as maybe_original_state:
               ^^^^^^^^^^^^^^^^^^^^^
C:\Python313\Lib\contextlib.py:214: in __aenter__
    return await anext(self.gen)
           ^^^^^^^^^^^^^^^^^^^^^
..\okto-r4-native-installed-zk_r383i\Lib\site-packages\fastapi\routing.py:247: in merged_lifespan
    async with original_context(app) as maybe_original_state:
               ^^^^^^^^^^^^^^^^^^^^^
C:\Python313\Lib\contextlib.py:214: in __aenter__
    return await anext(self.gen)
           ^^^^^^^^^^^^^^^^^^^^^
..\okto-r4-native-installed-zk_r383i\Lib\site-packages\fastapi\routing.py:247: in merged_lifespan
    async with original_context(app) as maybe_original_state:
               ^^^^^^^^^^^^^^^^^^^^^
C:\Python313\Lib\contextlib.py:214: in __aenter__
    return await anext(self.gen)
           ^^^^^^^^^^^^^^^^^^^^^
..\okto-r4-native-installed-zk_r383i\Lib\site-packages\fastapi\routing.py:247: in merged_lifespan
    async with original_context(app) as maybe_original_state:
               ^^^^^^^^^^^^^^^^^^^^^
C:\Python313\Lib\contextlib.py:214: in __aenter__
    return await anext(self.gen)
           ^^^^^^^^^^^^^^^^^^^^^
..\okto-r4-native-installed-zk_r383i\Lib\site-packages\fastapi\routing.py:247: in merged_lifespan
    async with original_context(app) as maybe_original_state:
               ^^^^^^^^^^^^^^^^^^^^^
C:\Python313\Lib\contextlib.py:214: in __aenter__
    return await anext(self.gen)
           ^^^^^^^^^^^^^^^^^^^^^
..\okto-r4-native-installed-zk_r383i\Lib\site-packages\fastapi\routing.py:247: in merged_lifespan
    async with original_context(app) as maybe_original_state:
               ^^^^^^^^^^^^^^^^^^^^^
C:\Python313\Lib\contextlib.py:214: in __aenter__
    return await anext(self.gen)
           ^^^^^^^^^^^^^^^^^^^^^
..\okto-r4-native-installed-zk_r383i\Lib\site-packages\fastapi\routing.py:247: in merged_lifespan
    async with original_context(app) as maybe_original_state:
               ^^^^^^^^^^^^^^^^^^^^^
C:\Python313\Lib\contextlib.py:214: in __aenter__
    return await anext(self.gen)
           ^^^^^^^^^^^^^^^^^^^^^
..\okto-r4-native-installed-zk_r383i\Lib\site-packages\okto_nexus\adapters\inbound\http\app.py:603: in lifespan
    await embedded_inventory.start()
..\okto-r4-native-installed-zk_r383i\Lib\site-packages\okto_nexus\bootstrap\embedded_inventory.py:57: in start
    return await asyncio.shield(self._startup_task)
           ^^^^^^^^^^^^^^^^^^^^^^^^^^^^^^^^^^^^^^^^
..\okto-r4-native-installed-zk_r383i\Lib\site-packages\okto_nexus\bootstrap\embedded_inventory.py:61: in _start
    await self.refresh()
..\okto-r4-native-installed-zk_r383i\Lib\site-packages\okto_nexus\bootstrap\embedded_inventory.py:71: in refresh
    return await asyncio.shield(self._refresh_task)
           ^^^^^^^^^^^^^^^^^^^^^^^^^^^^^^^^^^^^^^^^
..\okto-r4-native-installed-zk_r383i\Lib\site-packages\okto_nexus\bootstrap\embedded_inventory.py:75: in _refresh_owned
    return await self._refresh()
           ^^^^^^^^^^^^^^^^^^^^^
..\okto-r4-native-installed-zk_r383i\Lib\site-packages\okto_nexus\bootstrap\embedded_inventory.py:88: in _refresh
    publication = await asyncio.to_thread(self._publish, candidates, age_ms)
                  ^^^^^^^^^^^^^^^^^^^^^^^^^^^^^^^^^^^^^^^^^^^^^^^^^^^^^^^^^^
C:\Python313\Lib\asyncio\threads.py:25: in to_thread
    return await loop.run_in_executor(None, func_call)
           ^^^^^^^^^^^^^^^^^^^^^^^^^^^^^^^^^^^^^^^^^^^
C:\Python313\Lib\concurrent\futures\thread.py:59: in run
    result = self.fn(*self.args, **self.kwargs)
             ^^^^^^^^^^^^^^^^^^^^^^^^^^^^^^^^^^
..\okto-r4-native-installed-zk_r383i\Lib\site-packages\okto_nexus\bootstrap\embedded_inventory.py:101: in _publish
    snapshot = local_inventory_snapshot(candidates,
..\okto-r4-native-installed-zk_r383i\Lib\site-packages\okto_nexus\adapters\outbound\execution\core_inventory.py:95: in local_inventory_snapshot
    core = _core()
           ^^^^^^^
_ _ _ _ _ _ _ _ _ _ _ _ _ _ _ _ _ _ _ _ _ _ _ _ _ _ _ _ _ _ _ _ _ _ _ _ _ _ _ _

    def _core():
        import nexus_connector_core as core
    
        if core.__version__ != CORE_INVENTORY_VERSION:
>           raise RuntimeError(
                f"Core {CORE_INVENTORY_VERSION} is required for R4 inventory; "
                f"installed {core.__version__}"
            )
E           RuntimeError: Core 0.2.40.dev0 is required for R4 inventory; installed 0.2.41.dev0

..\okto-r4-native-installed-zk_r383i\Lib\site-packages\okto_nexus\adapters\outbound\execution\core_inventory.py:27: RuntimeError
_____ ERROR at setup of test_local_configuration_drift_is_refused[owner] ______

fixturedef = <FixtureDef argname='local_setup' scope='function' baseid='test_local_launch.py'>
request = <SubRequest 'local_setup' for <Function test_local_configuration_drift_is_refused[owner]>>

    @pytest.hookimpl(wrapper=True)
    def pytest_fixture_setup(fixturedef: FixtureDef, request) -> object | None:
        if (
            fixturedef.argname == "event_loop_policy"
            and fixturedef.func.__module__ != __name__
        ):
            warnings.warn(
                PytestDeprecationWarning(_EVENT_LOOP_POLICY_FIXTURE_DEPRECATION_WARNING),
            )
        asyncio_mode = _get_asyncio_mode(request.config)
        if not _is_asyncio_fixture_function(fixturedef.func):
            if asyncio_mode == Mode.STRICT:
                # Ignore async fixtures without explicit asyncio mark in strict mode
                # This applies to pytest_trio fixtures, for example
                return (yield)
            if not _is_coroutine_or_asyncgen(fixturedef.func):
>               return (yield)
                        ^^^^^

..\okto-r4-native-installed-zk_r383i\Lib\site-packages\pytest_asyncio\plugin.py:926: 
_ _ _ _ _ _ _ _ _ _ _ _ _ _ _ _ _ _ _ _ _ _ _ _ _ _ _ _ _ _ _ _ _ _ _ _ _ _ _ _
D:\Projetos\Techridy\okto_labs_okto_nexus\tests\execution_r4\test_local_realization.py:35: in local_setup
    with TestClient(app, raise_server_exceptions=False) as client:
         ^^^^^^^^^^^^^^^^^^^^^^^^^^^^^^^^^^^^^^^^^^^^^^
..\okto-r4-native-installed-zk_r383i\Lib\site-packages\starlette\testclient.py:517: in __enter__
    portal.call(self.wait_startup)
..\okto-r4-native-installed-zk_r383i\Lib\site-packages\anyio\from_thread.py:340: in call
    return cast(T_Retval, self.start_task_soon(func, *args).result())
                          ^^^^^^^^^^^^^^^^^^^^^^^^^^^^^^^^^^^^^^^^^^
C:\Python313\Lib\concurrent\futures\_base.py:456: in result
    return self.__get_result()
           ^^^^^^^^^^^^^^^^^^^
C:\Python313\Lib\concurrent\futures\_base.py:401: in __get_result
    raise self._exception
..\okto-r4-native-installed-zk_r383i\Lib\site-packages\anyio\from_thread.py:265: in _call_func
    retval = await retval_or_awaitable
             ^^^^^^^^^^^^^^^^^^^^^^^^^
..\okto-r4-native-installed-zk_r383i\Lib\site-packages\starlette\testclient.py:552: in wait_startup
    await receive()
..\okto-r4-native-installed-zk_r383i\Lib\site-packages\starlette\testclient.py:543: in receive
    self.task.result()
C:\Python313\Lib\concurrent\futures\_base.py:449: in result
    return self.__get_result()
           ^^^^^^^^^^^^^^^^^^^
C:\Python313\Lib\concurrent\futures\_base.py:401: in __get_result
    raise self._exception
..\okto-r4-native-installed-zk_r383i\Lib\site-packages\anyio\from_thread.py:265: in _call_func
    retval = await retval_or_awaitable
             ^^^^^^^^^^^^^^^^^^^^^^^^^
..\okto-r4-native-installed-zk_r383i\Lib\site-packages\starlette\testclient.py:533: in lifespan
    await self.app(scope, self.stream_receive.receive, self.stream_send.send)
..\okto-r4-native-installed-zk_r383i\Lib\site-packages\fastapi\applications.py:1202: in __call__
    await lifespan(
..\okto-r4-native-installed-zk_r383i\Lib\site-packages\fastapi\telemetry\_runtime.py:239: in lifespan
    await app(scope, wrapped_receive, wrapped_send)
..\okto-r4-native-installed-zk_r383i\Lib\site-packages\starlette\applications.py:96: in __call__
    await self.middleware_stack(scope, receive, send)
..\okto-r4-native-installed-zk_r383i\Lib\site-packages\starlette\middleware\errors.py:151: in __call__
    await self.app(scope, receive, send)
..\okto-r4-native-installed-zk_r383i\Lib\site-packages\fastapi\telemetry\_asgi.py:151: in __call__
    await self.app(scope, receive, send)
..\okto-r4-native-installed-zk_r383i\Lib\site-packages\starlette\middleware\base.py:103: in __call__
    await self.app(scope, receive, send)
..\okto-r4-native-installed-zk_r383i\Lib\site-packages\starlette\middleware\base.py:103: in __call__
    await self.app(scope, receive, send)
..\okto-r4-native-installed-zk_r383i\Lib\site-packages\starlette\middleware\base.py:103: in __call__
    await self.app(scope, receive, send)
..\okto-r4-native-installed-zk_r383i\Lib\site-packages\starlette\middleware\exceptions.py:49: in __call__
    await self.app(scope, receive, send)
..\okto-r4-native-installed-zk_r383i\Lib\site-packages\fastapi\middleware\asyncexitstack.py:18: in __call__
    await self.app(scope, receive, send)
..\okto-r4-native-installed-zk_r383i\Lib\site-packages\starlette\routing.py:676: in __call__
    await self.middleware_stack(scope, receive, send)
..\okto-r4-native-installed-zk_r383i\Lib\site-packages\fastapi\routing.py:2773: in app
    await self.lifespan(scope, receive, send)
..\okto-r4-native-installed-zk_r383i\Lib\site-packages\starlette\routing.py:654: in lifespan
    async with self.lifespan_context(app) as maybe_state:
               ^^^^^^^^^^^^^^^^^^^^^^^^^^
C:\Python313\Lib\contextlib.py:214: in __aenter__
    return await anext(self.gen)
           ^^^^^^^^^^^^^^^^^^^^^
..\okto-r4-native-installed-zk_r383i\Lib\site-packages\fastapi\routing.py:247: in merged_lifespan
    async with original_context(app) as maybe_original_state:
               ^^^^^^^^^^^^^^^^^^^^^
C:\Python313\Lib\contextlib.py:214: in __aenter__
    return await anext(self.gen)
           ^^^^^^^^^^^^^^^^^^^^^
..\okto-r4-native-installed-zk_r383i\Lib\site-packages\fastapi\routing.py:247: in merged_lifespan
    async with original_context(app) as maybe_original_state:
               ^^^^^^^^^^^^^^^^^^^^^
C:\Python313\Lib\contextlib.py:214: in __aenter__
    return await anext(self.gen)
           ^^^^^^^^^^^^^^^^^^^^^
..\okto-r4-native-installed-zk_r383i\Lib\site-packages\fastapi\routing.py:247: in merged_lifespan
    async with original_context(app) as maybe_original_state:
               ^^^^^^^^^^^^^^^^^^^^^
C:\Python313\Lib\contextlib.py:214: in __aenter__
    return await anext(self.gen)
           ^^^^^^^^^^^^^^^^^^^^^
..\okto-r4-native-installed-zk_r383i\Lib\site-packages\fastapi\routing.py:247: in merged_lifespan
    async with original_context(app) as maybe_original_state:
               ^^^^^^^^^^^^^^^^^^^^^
C:\Python313\Lib\contextlib.py:214: in __aenter__
    return await anext(self.gen)
           ^^^^^^^^^^^^^^^^^^^^^
..\okto-r4-native-installed-zk_r383i\Lib\site-packages\fastapi\routing.py:247: in merged_lifespan
    async with original_context(app) as maybe_original_state:
               ^^^^^^^^^^^^^^^^^^^^^
C:\Python313\Lib\contextlib.py:214: in __aenter__
    return await anext(self.gen)
           ^^^^^^^^^^^^^^^^^^^^^
..\okto-r4-native-installed-zk_r383i\Lib\site-packages\fastapi\routing.py:247: in merged_lifespan
    async with original_context(app) as maybe_original_state:
               ^^^^^^^^^^^^^^^^^^^^^
C:\Python313\Lib\contextlib.py:214: in __aenter__
    return await anext(self.gen)
           ^^^^^^^^^^^^^^^^^^^^^
..\okto-r4-native-installed-zk_r383i\Lib\site-packages\fastapi\routing.py:247: in merged_lifespan
    async with original_context(app) as maybe_original_state:
               ^^^^^^^^^^^^^^^^^^^^^
C:\Python313\Lib\contextlib.py:214: in __aenter__
    return await anext(self.gen)
           ^^^^^^^^^^^^^^^^^^^^^
..\okto-r4-native-installed-zk_r383i\Lib\site-packages\okto_nexus\adapters\inbound\http\app.py:603: in lifespan
    await embedded_inventory.start()
..\okto-r4-native-installed-zk_r383i\Lib\site-packages\okto_nexus\bootstrap\embedded_inventory.py:57: in start
    return await asyncio.shield(self._startup_task)
           ^^^^^^^^^^^^^^^^^^^^^^^^^^^^^^^^^^^^^^^^
..\okto-r4-native-installed-zk_r383i\Lib\site-packages\okto_nexus\bootstrap\embedded_inventory.py:61: in _start
    await self.refresh()
..\okto-r4-native-installed-zk_r383i\Lib\site-packages\okto_nexus\bootstrap\embedded_inventory.py:71: in refresh
    return await asyncio.shield(self._refresh_task)
           ^^^^^^^^^^^^^^^^^^^^^^^^^^^^^^^^^^^^^^^^
..\okto-r4-native-installed-zk_r383i\Lib\site-packages\okto_nexus\bootstrap\embedded_inventory.py:75: in _refresh_owned
    return await self._refresh()
           ^^^^^^^^^^^^^^^^^^^^^
..\okto-r4-native-installed-zk_r383i\Lib\site-packages\okto_nexus\bootstrap\embedded_inventory.py:88: in _refresh
    publication = await asyncio.to_thread(self._publish, candidates, age_ms)
                  ^^^^^^^^^^^^^^^^^^^^^^^^^^^^^^^^^^^^^^^^^^^^^^^^^^^^^^^^^^
C:\Python313\Lib\asyncio\threads.py:25: in to_thread
    return await loop.run_in_executor(None, func_call)
           ^^^^^^^^^^^^^^^^^^^^^^^^^^^^^^^^^^^^^^^^^^^
C:\Python313\Lib\concurrent\futures\thread.py:59: in run
    result = self.fn(*self.args, **self.kwargs)
             ^^^^^^^^^^^^^^^^^^^^^^^^^^^^^^^^^^
..\okto-r4-native-installed-zk_r383i\Lib\site-packages\okto_nexus\bootstrap\embedded_inventory.py:101: in _publish
    snapshot = local_inventory_snapshot(candidates,
..\okto-r4-native-installed-zk_r383i\Lib\site-packages\okto_nexus\adapters\outbound\execution\core_inventory.py:95: in local_inventory_snapshot
    core = _core()
           ^^^^^^^
_ _ _ _ _ _ _ _ _ _ _ _ _ _ _ _ _ _ _ _ _ _ _ _ _ _ _ _ _ _ _ _ _ _ _ _ _ _ _ _

    def _core():
        import nexus_connector_core as core
    
        if core.__version__ != CORE_INVENTORY_VERSION:
>           raise RuntimeError(
                f"Core {CORE_INVENTORY_VERSION} is required for R4 inventory; "
                f"installed {core.__version__}"
            )
E           RuntimeError: Core 0.2.40.dev0 is required for R4 inventory; installed 0.2.41.dev0

..\okto-r4-native-installed-zk_r383i\Lib\site-packages\okto_nexus\adapters\outbound\execution\core_inventory.py:27: RuntimeError
____ ERROR at setup of test_local_configuration_drift_is_refused[profile] _____

fixturedef = <FixtureDef argname='local_setup' scope='function' baseid='test_local_launch.py'>
request = <SubRequest 'local_setup' for <Function test_local_configuration_drift_is_refused[profile]>>

    @pytest.hookimpl(wrapper=True)
    def pytest_fixture_setup(fixturedef: FixtureDef, request) -> object | None:
        if (
            fixturedef.argname == "event_loop_policy"
            and fixturedef.func.__module__ != __name__
        ):
            warnings.warn(
                PytestDeprecationWarning(_EVENT_LOOP_POLICY_FIXTURE_DEPRECATION_WARNING),
            )
        asyncio_mode = _get_asyncio_mode(request.config)
        if not _is_asyncio_fixture_function(fixturedef.func):
            if asyncio_mode == Mode.STRICT:
                # Ignore async fixtures without explicit asyncio mark in strict mode
                # This applies to pytest_trio fixtures, for example
                return (yield)
            if not _is_coroutine_or_asyncgen(fixturedef.func):
>               return (yield)
                        ^^^^^

..\okto-r4-native-installed-zk_r383i\Lib\site-packages\pytest_asyncio\plugin.py:926: 
_ _ _ _ _ _ _ _ _ _ _ _ _ _ _ _ _ _ _ _ _ _ _ _ _ _ _ _ _ _ _ _ _ _ _ _ _ _ _ _
D:\Projetos\Techridy\okto_labs_okto_nexus\tests\execution_r4\test_local_realization.py:35: in local_setup
    with TestClient(app, raise_server_exceptions=False) as client:
         ^^^^^^^^^^^^^^^^^^^^^^^^^^^^^^^^^^^^^^^^^^^^^^
..\okto-r4-native-installed-zk_r383i\Lib\site-packages\starlette\testclient.py:517: in __enter__
    portal.call(self.wait_startup)
..\okto-r4-native-installed-zk_r383i\Lib\site-packages\anyio\from_thread.py:340: in call
    return cast(T_Retval, self.start_task_soon(func, *args).result())
                          ^^^^^^^^^^^^^^^^^^^^^^^^^^^^^^^^^^^^^^^^^^
C:\Python313\Lib\concurrent\futures\_base.py:456: in result
    return self.__get_result()
           ^^^^^^^^^^^^^^^^^^^
C:\Python313\Lib\concurrent\futures\_base.py:401: in __get_result
    raise self._exception
..\okto-r4-native-installed-zk_r383i\Lib\site-packages\anyio\from_thread.py:265: in _call_func
    retval = await retval_or_awaitable
             ^^^^^^^^^^^^^^^^^^^^^^^^^
..\okto-r4-native-installed-zk_r383i\Lib\site-packages\starlette\testclient.py:552: in wait_startup
    await receive()
..\okto-r4-native-installed-zk_r383i\Lib\site-packages\starlette\testclient.py:543: in receive
    self.task.result()
C:\Python313\Lib\concurrent\futures\_base.py:449: in result
    return self.__get_result()
           ^^^^^^^^^^^^^^^^^^^
C:\Python313\Lib\concurrent\futures\_base.py:401: in __get_result
    raise self._exception
..\okto-r4-native-installed-zk_r383i\Lib\site-packages\anyio\from_thread.py:265: in _call_func
    retval = await retval_or_awaitable
             ^^^^^^^^^^^^^^^^^^^^^^^^^
..\okto-r4-native-installed-zk_r383i\Lib\site-packages\starlette\testclient.py:533: in lifespan
    await self.app(scope, self.stream_receive.receive, self.stream_send.send)
..\okto-r4-native-installed-zk_r383i\Lib\site-packages\fastapi\applications.py:1202: in __call__
    await lifespan(
..\okto-r4-native-installed-zk_r383i\Lib\site-packages\fastapi\telemetry\_runtime.py:239: in lifespan
    await app(scope, wrapped_receive, wrapped_send)
..\okto-r4-native-installed-zk_r383i\Lib\site-packages\starlette\applications.py:96: in __call__
    await self.middleware_stack(scope, receive, send)
..\okto-r4-native-installed-zk_r383i\Lib\site-packages\starlette\middleware\errors.py:151: in __call__
    await self.app(scope, receive, send)
..\okto-r4-native-installed-zk_r383i\Lib\site-packages\fastapi\telemetry\_asgi.py:151: in __call__
    await self.app(scope, receive, send)
..\okto-r4-native-installed-zk_r383i\Lib\site-packages\starlette\middleware\base.py:103: in __call__
    await self.app(scope, receive, send)
..\okto-r4-native-installed-zk_r383i\Lib\site-packages\starlette\middleware\base.py:103: in __call__
    await self.app(scope, receive, send)
..\okto-r4-native-installed-zk_r383i\Lib\site-packages\starlette\middleware\base.py:103: in __call__
    await self.app(scope, receive, send)
..\okto-r4-native-installed-zk_r383i\Lib\site-packages\starlette\middleware\exceptions.py:49: in __call__
    await self.app(scope, receive, send)
..\okto-r4-native-installed-zk_r383i\Lib\site-packages\fastapi\middleware\asyncexitstack.py:18: in __call__
    await self.app(scope, receive, send)
..\okto-r4-native-installed-zk_r383i\Lib\site-packages\starlette\routing.py:676: in __call__
    await self.middleware_stack(scope, receive, send)
..\okto-r4-native-installed-zk_r383i\Lib\site-packages\fastapi\routing.py:2773: in app
    await self.lifespan(scope, receive, send)
..\okto-r4-native-installed-zk_r383i\Lib\site-packages\starlette\routing.py:654: in lifespan
    async with self.lifespan_context(app) as maybe_state:
               ^^^^^^^^^^^^^^^^^^^^^^^^^^
C:\Python313\Lib\contextlib.py:214: in __aenter__
    return await anext(self.gen)
           ^^^^^^^^^^^^^^^^^^^^^
..\okto-r4-native-installed-zk_r383i\Lib\site-packages\fastapi\routing.py:247: in merged_lifespan
    async with original_context(app) as maybe_original_state:
               ^^^^^^^^^^^^^^^^^^^^^
C:\Python313\Lib\contextlib.py:214: in __aenter__
    return await anext(self.gen)
           ^^^^^^^^^^^^^^^^^^^^^
..\okto-r4-native-installed-zk_r383i\Lib\site-packages\fastapi\routing.py:247: in merged_lifespan
    async with original_context(app) as maybe_original_state:
               ^^^^^^^^^^^^^^^^^^^^^
C:\Python313\Lib\contextlib.py:214: in __aenter__
    return await anext(self.gen)
           ^^^^^^^^^^^^^^^^^^^^^
..\okto-r4-native-installed-zk_r383i\Lib\site-packages\fastapi\routing.py:247: in merged_lifespan
    async with original_context(app) as maybe_original_state:
               ^^^^^^^^^^^^^^^^^^^^^
C:\Python313\Lib\contextlib.py:214: in __aenter__
    return await anext(self.gen)
           ^^^^^^^^^^^^^^^^^^^^^
..\okto-r4-native-installed-zk_r383i\Lib\site-packages\fastapi\routing.py:247: in merged_lifespan
    async with original_context(app) as maybe_original_state:
               ^^^^^^^^^^^^^^^^^^^^^
C:\Python313\Lib\contextlib.py:214: in __aenter__
    return await anext(self.gen)
           ^^^^^^^^^^^^^^^^^^^^^
..\okto-r4-native-installed-zk_r383i\Lib\site-packages\fastapi\routing.py:247: in merged_lifespan
    async with original_context(app) as maybe_original_state:
               ^^^^^^^^^^^^^^^^^^^^^
C:\Python313\Lib\contextlib.py:214: in __aenter__
    return await anext(self.gen)
           ^^^^^^^^^^^^^^^^^^^^^
..\okto-r4-native-installed-zk_r383i\Lib\site-packages\fastapi\routing.py:247: in merged_lifespan
    async with original_context(app) as maybe_original_state:
               ^^^^^^^^^^^^^^^^^^^^^
C:\Python313\Lib\contextlib.py:214: in __aenter__
    return await anext(self.gen)
           ^^^^^^^^^^^^^^^^^^^^^
..\okto-r4-native-installed-zk_r383i\Lib\site-packages\fastapi\routing.py:247: in merged_lifespan
    async with original_context(app) as maybe_original_state:
               ^^^^^^^^^^^^^^^^^^^^^
C:\Python313\Lib\contextlib.py:214: in __aenter__
    return await anext(self.gen)
           ^^^^^^^^^^^^^^^^^^^^^
..\okto-r4-native-installed-zk_r383i\Lib\site-packages\okto_nexus\adapters\inbound\http\app.py:603: in lifespan
    await embedded_inventory.start()
..\okto-r4-native-installed-zk_r383i\Lib\site-packages\okto_nexus\bootstrap\embedded_inventory.py:57: in start
    return await asyncio.shield(self._startup_task)
           ^^^^^^^^^^^^^^^^^^^^^^^^^^^^^^^^^^^^^^^^
..\okto-r4-native-installed-zk_r383i\Lib\site-packages\okto_nexus\bootstrap\embedded_inventory.py:61: in _start
    await self.refresh()
..\okto-r4-native-installed-zk_r383i\Lib\site-packages\okto_nexus\bootstrap\embedded_inventory.py:71: in refresh
    return await asyncio.shield(self._refresh_task)
           ^^^^^^^^^^^^^^^^^^^^^^^^^^^^^^^^^^^^^^^^
..\okto-r4-native-installed-zk_r383i\Lib\site-packages\okto_nexus\bootstrap\embedded_inventory.py:75: in _refresh_owned
    return await self._refresh()
           ^^^^^^^^^^^^^^^^^^^^^
..\okto-r4-native-installed-zk_r383i\Lib\site-packages\okto_nexus\bootstrap\embedded_inventory.py:88: in _refresh
    publication = await asyncio.to_thread(self._publish, candidates, age_ms)
                  ^^^^^^^^^^^^^^^^^^^^^^^^^^^^^^^^^^^^^^^^^^^^^^^^^^^^^^^^^^
C:\Python313\Lib\asyncio\threads.py:25: in to_thread
    return await loop.run_in_executor(None, func_call)
           ^^^^^^^^^^^^^^^^^^^^^^^^^^^^^^^^^^^^^^^^^^^
C:\Python313\Lib\concurrent\futures\thread.py:59: in run
    result = self.fn(*self.args, **self.kwargs)
             ^^^^^^^^^^^^^^^^^^^^^^^^^^^^^^^^^^
..\okto-r4-native-installed-zk_r383i\Lib\site-packages\okto_nexus\bootstrap\embedded_inventory.py:101: in _publish
    snapshot = local_inventory_snapshot(candidates,
..\okto-r4-native-installed-zk_r383i\Lib\site-packages\okto_nexus\adapters\outbound\execution\core_inventory.py:95: in local_inventory_snapshot
    core = _core()
           ^^^^^^^
_ _ _ _ _ _ _ _ _ _ _ _ _ _ _ _ _ _ _ _ _ _ _ _ _ _ _ _ _ _ _ _ _ _ _ _ _ _ _ _

    def _core():
        import nexus_connector_core as core
    
        if core.__version__ != CORE_INVENTORY_VERSION:
>           raise RuntimeError(
                f"Core {CORE_INVENTORY_VERSION} is required for R4 inventory; "
                f"installed {core.__version__}"
            )
E           RuntimeError: Core 0.2.40.dev0 is required for R4 inventory; installed 0.2.41.dev0

..\okto-r4-native-installed-zk_r383i\Lib\site-packages\okto_nexus\adapters\outbound\execution\core_inventory.py:27: RuntimeError
_ ERROR at setup of test_authority_change_during_secret_resolution_is_refused _

fixturedef = <FixtureDef argname='local_setup' scope='function' baseid='test_local_launch.py'>
request = <SubRequest 'local_setup' for <Function test_authority_change_during_secret_resolution_is_refused>>

    @pytest.hookimpl(wrapper=True)
    def pytest_fixture_setup(fixturedef: FixtureDef, request) -> object | None:
        if (
            fixturedef.argname == "event_loop_policy"
            and fixturedef.func.__module__ != __name__
        ):
            warnings.warn(
                PytestDeprecationWarning(_EVENT_LOOP_POLICY_FIXTURE_DEPRECATION_WARNING),
            )
        asyncio_mode = _get_asyncio_mode(request.config)
        if not _is_asyncio_fixture_function(fixturedef.func):
            if asyncio_mode == Mode.STRICT:
                # Ignore async fixtures without explicit asyncio mark in strict mode
                # This applies to pytest_trio fixtures, for example
                return (yield)
            if not _is_coroutine_or_asyncgen(fixturedef.func):
>               return (yield)
                        ^^^^^

..\okto-r4-native-installed-zk_r383i\Lib\site-packages\pytest_asyncio\plugin.py:926: 
_ _ _ _ _ _ _ _ _ _ _ _ _ _ _ _ _ _ _ _ _ _ _ _ _ _ _ _ _ _ _ _ _ _ _ _ _ _ _ _
D:\Projetos\Techridy\okto_labs_okto_nexus\tests\execution_r4\test_local_realization.py:35: in local_setup
    with TestClient(app, raise_server_exceptions=False) as client:
         ^^^^^^^^^^^^^^^^^^^^^^^^^^^^^^^^^^^^^^^^^^^^^^
..\okto-r4-native-installed-zk_r383i\Lib\site-packages\starlette\testclient.py:517: in __enter__
    portal.call(self.wait_startup)
..\okto-r4-native-installed-zk_r383i\Lib\site-packages\anyio\from_thread.py:340: in call
    return cast(T_Retval, self.start_task_soon(func, *args).result())
                          ^^^^^^^^^^^^^^^^^^^^^^^^^^^^^^^^^^^^^^^^^^
C:\Python313\Lib\concurrent\futures\_base.py:456: in result
    return self.__get_result()
           ^^^^^^^^^^^^^^^^^^^
C:\Python313\Lib\concurrent\futures\_base.py:401: in __get_result
    raise self._exception
..\okto-r4-native-installed-zk_r383i\Lib\site-packages\anyio\from_thread.py:265: in _call_func
    retval = await retval_or_awaitable
             ^^^^^^^^^^^^^^^^^^^^^^^^^
..\okto-r4-native-installed-zk_r383i\Lib\site-packages\starlette\testclient.py:552: in wait_startup
    await receive()
..\okto-r4-native-installed-zk_r383i\Lib\site-packages\starlette\testclient.py:543: in receive
    self.task.result()
C:\Python313\Lib\concurrent\futures\_base.py:449: in result
    return self.__get_result()
           ^^^^^^^^^^^^^^^^^^^
C:\Python313\Lib\concurrent\futures\_base.py:401: in __get_result
    raise self._exception
..\okto-r4-native-installed-zk_r383i\Lib\site-packages\anyio\from_thread.py:265: in _call_func
    retval = await retval_or_awaitable
             ^^^^^^^^^^^^^^^^^^^^^^^^^
..\okto-r4-native-installed-zk_r383i\Lib\site-packages\starlette\testclient.py:533: in lifespan
    await self.app(scope, self.stream_receive.receive, self.stream_send.send)
..\okto-r4-native-installed-zk_r383i\Lib\site-packages\fastapi\applications.py:1202: in __call__
    await lifespan(
..\okto-r4-native-installed-zk_r383i\Lib\site-packages\fastapi\telemetry\_runtime.py:239: in lifespan
    await app(scope, wrapped_receive, wrapped_send)
..\okto-r4-native-installed-zk_r383i\Lib\site-packages\starlette\applications.py:96: in __call__
    await self.middleware_stack(scope, receive, send)
..\okto-r4-native-installed-zk_r383i\Lib\site-packages\starlette\middleware\errors.py:151: in __call__
    await self.app(scope, receive, send)
..\okto-r4-native-installed-zk_r383i\Lib\site-packages\fastapi\telemetry\_asgi.py:151: in __call__
    await self.app(scope, receive, send)
..\okto-r4-native-installed-zk_r383i\Lib\site-packages\starlette\middleware\base.py:103: in __call__
    await self.app(scope, receive, send)
..\okto-r4-native-installed-zk_r383i\Lib\site-packages\starlette\middleware\base.py:103: in __call__
    await self.app(scope, receive, send)
..\okto-r4-native-installed-zk_r383i\Lib\site-packages\starlette\middleware\base.py:103: in __call__
    await self.app(scope, receive, send)
..\okto-r4-native-installed-zk_r383i\Lib\site-packages\starlette\middleware\exceptions.py:49: in __call__
    await self.app(scope, receive, send)
..\okto-r4-native-installed-zk_r383i\Lib\site-packages\fastapi\middleware\asyncexitstack.py:18: in __call__
    await self.app(scope, receive, send)
..\okto-r4-native-installed-zk_r383i\Lib\site-packages\starlette\routing.py:676: in __call__
    await self.middleware_stack(scope, receive, send)
..\okto-r4-native-installed-zk_r383i\Lib\site-packages\fastapi\routing.py:2773: in app
    await self.lifespan(scope, receive, send)
..\okto-r4-native-installed-zk_r383i\Lib\site-packages\starlette\routing.py:654: in lifespan
    async with self.lifespan_context(app) as maybe_state:
               ^^^^^^^^^^^^^^^^^^^^^^^^^^
C:\Python313\Lib\contextlib.py:214: in __aenter__
    return await anext(self.gen)
           ^^^^^^^^^^^^^^^^^^^^^
..\okto-r4-native-installed-zk_r383i\Lib\site-packages\fastapi\routing.py:247: in merged_lifespan
    async with original_context(app) as maybe_original_state:
               ^^^^^^^^^^^^^^^^^^^^^
C:\Python313\Lib\contextlib.py:214: in __aenter__
    return await anext(self.gen)
           ^^^^^^^^^^^^^^^^^^^^^
..\okto-r4-native-installed-zk_r383i\Lib\site-packages\fastapi\routing.py:247: in merged_lifespan
    async with original_context(app) as maybe_original_state:
               ^^^^^^^^^^^^^^^^^^^^^
C:\Python313\Lib\contextlib.py:214: in __aenter__
    return await anext(self.gen)
           ^^^^^^^^^^^^^^^^^^^^^
..\okto-r4-native-installed-zk_r383i\Lib\site-packages\fastapi\routing.py:247: in merged_lifespan
    async with original_context(app) as maybe_original_state:
               ^^^^^^^^^^^^^^^^^^^^^
C:\Python313\Lib\contextlib.py:214: in __aenter__
    return await anext(self.gen)
           ^^^^^^^^^^^^^^^^^^^^^
..\okto-r4-native-installed-zk_r383i\Lib\site-packages\fastapi\routing.py:247: in merged_lifespan
    async with original_context(app) as maybe_original_state:
               ^^^^^^^^^^^^^^^^^^^^^
C:\Python313\Lib\contextlib.py:214: in __aenter__
    return await anext(self.gen)
           ^^^^^^^^^^^^^^^^^^^^^
..\okto-r4-native-installed-zk_r383i\Lib\site-packages\fastapi\routing.py:247: in merged_lifespan
    async with original_context(app) as maybe_original_state:
               ^^^^^^^^^^^^^^^^^^^^^
C:\Python313\Lib\contextlib.py:214: in __aenter__
    return await anext(self.gen)
           ^^^^^^^^^^^^^^^^^^^^^
..\okto-r4-native-installed-zk_r383i\Lib\site-packages\fastapi\routing.py:247: in merged_lifespan
    async with original_context(app) as maybe_original_state:
               ^^^^^^^^^^^^^^^^^^^^^
C:\Python313\Lib\contextlib.py:214: in __aenter__
    return await anext(self.gen)
           ^^^^^^^^^^^^^^^^^^^^^
..\okto-r4-native-installed-zk_r383i\Lib\site-packages\fastapi\routing.py:247: in merged_lifespan
    async with original_context(app) as maybe_original_state:
               ^^^^^^^^^^^^^^^^^^^^^
C:\Python313\Lib\contextlib.py:214: in __aenter__
    return await anext(self.gen)
           ^^^^^^^^^^^^^^^^^^^^^
..\okto-r4-native-installed-zk_r383i\Lib\site-packages\okto_nexus\adapters\inbound\http\app.py:603: in lifespan
    await embedded_inventory.start()
..\okto-r4-native-installed-zk_r383i\Lib\site-packages\okto_nexus\bootstrap\embedded_inventory.py:57: in start
    return await asyncio.shield(self._startup_task)
           ^^^^^^^^^^^^^^^^^^^^^^^^^^^^^^^^^^^^^^^^
..\okto-r4-native-installed-zk_r383i\Lib\site-packages\okto_nexus\bootstrap\embedded_inventory.py:61: in _start
    await self.refresh()
..\okto-r4-native-installed-zk_r383i\Lib\site-packages\okto_nexus\bootstrap\embedded_inventory.py:71: in refresh
    return await asyncio.shield(self._refresh_task)
           ^^^^^^^^^^^^^^^^^^^^^^^^^^^^^^^^^^^^^^^^
..\okto-r4-native-installed-zk_r383i\Lib\site-packages\okto_nexus\bootstrap\embedded_inventory.py:75: in _refresh_owned
    return await self._refresh()
           ^^^^^^^^^^^^^^^^^^^^^
..\okto-r4-native-installed-zk_r383i\Lib\site-packages\okto_nexus\bootstrap\embedded_inventory.py:88: in _refresh
    publication = await asyncio.to_thread(self._publish, candidates, age_ms)
                  ^^^^^^^^^^^^^^^^^^^^^^^^^^^^^^^^^^^^^^^^^^^^^^^^^^^^^^^^^^
C:\Python313\Lib\asyncio\threads.py:25: in to_thread
    return await loop.run_in_executor(None, func_call)
           ^^^^^^^^^^^^^^^^^^^^^^^^^^^^^^^^^^^^^^^^^^^
C:\Python313\Lib\concurrent\futures\thread.py:59: in run
    result = self.fn(*self.args, **self.kwargs)
             ^^^^^^^^^^^^^^^^^^^^^^^^^^^^^^^^^^
..\okto-r4-native-installed-zk_r383i\Lib\site-packages\okto_nexus\bootstrap\embedded_inventory.py:101: in _publish
    snapshot = local_inventory_snapshot(candidates,
..\okto-r4-native-installed-zk_r383i\Lib\site-packages\okto_nexus\adapters\outbound\execution\core_inventory.py:95: in local_inventory_snapshot
    core = _core()
           ^^^^^^^
_ _ _ _ _ _ _ _ _ _ _ _ _ _ _ _ _ _ _ _ _ _ _ _ _ _ _ _ _ _ _ _ _ _ _ _ _ _ _ _

    def _core():
        import nexus_connector_core as core
    
        if core.__version__ != CORE_INVENTORY_VERSION:
>           raise RuntimeError(
                f"Core {CORE_INVENTORY_VERSION} is required for R4 inventory; "
                f"installed {core.__version__}"
            )
E           RuntimeError: Core 0.2.40.dev0 is required for R4 inventory; installed 0.2.41.dev0

..\okto-r4-native-installed-zk_r383i\Lib\site-packages\okto_nexus\adapters\outbound\execution\core_inventory.py:27: RuntimeError
_ ERROR at setup of test_missing_or_nexus_credentials_cannot_be_provider_secrets[None] _

fixturedef = <FixtureDef argname='local_setup' scope='function' baseid='test_local_launch.py'>
request = <SubRequest 'local_setup' for <Function test_missing_or_nexus_credentials_cannot_be_provider_secrets[None]>>

    @pytest.hookimpl(wrapper=True)
    def pytest_fixture_setup(fixturedef: FixtureDef, request) -> object | None:
        if (
            fixturedef.argname == "event_loop_policy"
            and fixturedef.func.__module__ != __name__
        ):
            warnings.warn(
                PytestDeprecationWarning(_EVENT_LOOP_POLICY_FIXTURE_DEPRECATION_WARNING),
            )
        asyncio_mode = _get_asyncio_mode(request.config)
        if not _is_asyncio_fixture_function(fixturedef.func):
            if asyncio_mode == Mode.STRICT:
                # Ignore async fixtures without explicit asyncio mark in strict mode
                # This applies to pytest_trio fixtures, for example
                return (yield)
            if not _is_coroutine_or_asyncgen(fixturedef.func):
>               return (yield)
                        ^^^^^

..\okto-r4-native-installed-zk_r383i\Lib\site-packages\pytest_asyncio\plugin.py:926: 
_ _ _ _ _ _ _ _ _ _ _ _ _ _ _ _ _ _ _ _ _ _ _ _ _ _ _ _ _ _ _ _ _ _ _ _ _ _ _ _
D:\Projetos\Techridy\okto_labs_okto_nexus\tests\execution_r4\test_local_realization.py:35: in local_setup
    with TestClient(app, raise_server_exceptions=False) as client:
         ^^^^^^^^^^^^^^^^^^^^^^^^^^^^^^^^^^^^^^^^^^^^^^
..\okto-r4-native-installed-zk_r383i\Lib\site-packages\starlette\testclient.py:517: in __enter__
    portal.call(self.wait_startup)
..\okto-r4-native-installed-zk_r383i\Lib\site-packages\anyio\from_thread.py:340: in call
    return cast(T_Retval, self.start_task_soon(func, *args).result())
                          ^^^^^^^^^^^^^^^^^^^^^^^^^^^^^^^^^^^^^^^^^^
C:\Python313\Lib\concurrent\futures\_base.py:456: in result
    return self.__get_result()
           ^^^^^^^^^^^^^^^^^^^
C:\Python313\Lib\concurrent\futures\_base.py:401: in __get_result
    raise self._exception
..\okto-r4-native-installed-zk_r383i\Lib\site-packages\anyio\from_thread.py:265: in _call_func
    retval = await retval_or_awaitable
             ^^^^^^^^^^^^^^^^^^^^^^^^^
..\okto-r4-native-installed-zk_r383i\Lib\site-packages\starlette\testclient.py:552: in wait_startup
    await receive()
..\okto-r4-native-installed-zk_r383i\Lib\site-packages\starlette\testclient.py:543: in receive
    self.task.result()
C:\Python313\Lib\concurrent\futures\_base.py:449: in result
    return self.__get_result()
           ^^^^^^^^^^^^^^^^^^^
C:\Python313\Lib\concurrent\futures\_base.py:401: in __get_result
    raise self._exception
..\okto-r4-native-installed-zk_r383i\Lib\site-packages\anyio\from_thread.py:265: in _call_func
    retval = await retval_or_awaitable
             ^^^^^^^^^^^^^^^^^^^^^^^^^
..\okto-r4-native-installed-zk_r383i\Lib\site-packages\starlette\testclient.py:533: in lifespan
    await self.app(scope, self.stream_receive.receive, self.stream_send.send)
..\okto-r4-native-installed-zk_r383i\Lib\site-packages\fastapi\applications.py:1202: in __call__
    await lifespan(
..\okto-r4-native-installed-zk_r383i\Lib\site-packages\fastapi\telemetry\_runtime.py:239: in lifespan
    await app(scope, wrapped_receive, wrapped_send)
..\okto-r4-native-installed-zk_r383i\Lib\site-packages\starlette\applications.py:96: in __call__
    await self.middleware_stack(scope, receive, send)
..\okto-r4-native-installed-zk_r383i\Lib\site-packages\starlette\middleware\errors.py:151: in __call__
    await self.app(scope, receive, send)
..\okto-r4-native-installed-zk_r383i\Lib\site-packages\fastapi\telemetry\_asgi.py:151: in __call__
    await self.app(scope, receive, send)
..\okto-r4-native-installed-zk_r383i\Lib\site-packages\starlette\middleware\base.py:103: in __call__
    await self.app(scope, receive, send)
..\okto-r4-native-installed-zk_r383i\Lib\site-packages\starlette\middleware\base.py:103: in __call__
    await self.app(scope, receive, send)
..\okto-r4-native-installed-zk_r383i\Lib\site-packages\starlette\middleware\base.py:103: in __call__
    await self.app(scope, receive, send)
..\okto-r4-native-installed-zk_r383i\Lib\site-packages\starlette\middleware\exceptions.py:49: in __call__
    await self.app(scope, receive, send)
..\okto-r4-native-installed-zk_r383i\Lib\site-packages\fastapi\middleware\asyncexitstack.py:18: in __call__
    await self.app(scope, receive, send)
..\okto-r4-native-installed-zk_r383i\Lib\site-packages\starlette\routing.py:676: in __call__
    await self.middleware_stack(scope, receive, send)
..\okto-r4-native-installed-zk_r383i\Lib\site-packages\fastapi\routing.py:2773: in app
    await self.lifespan(scope, receive, send)
..\okto-r4-native-installed-zk_r383i\Lib\site-packages\starlette\routing.py:654: in lifespan
    async with self.lifespan_context(app) as maybe_state:
               ^^^^^^^^^^^^^^^^^^^^^^^^^^
C:\Python313\Lib\contextlib.py:214: in __aenter__
    return await anext(self.gen)
           ^^^^^^^^^^^^^^^^^^^^^
..\okto-r4-native-installed-zk_r383i\Lib\site-packages\fastapi\routing.py:247: in merged_lifespan
    async with original_context(app) as maybe_original_state:
               ^^^^^^^^^^^^^^^^^^^^^
C:\Python313\Lib\contextlib.py:214: in __aenter__
    return await anext(self.gen)
           ^^^^^^^^^^^^^^^^^^^^^
..\okto-r4-native-installed-zk_r383i\Lib\site-packages\fastapi\routing.py:247: in merged_lifespan
    async with original_context(app) as maybe_original_state:
               ^^^^^^^^^^^^^^^^^^^^^
C:\Python313\Lib\contextlib.py:214: in __aenter__
    return await anext(self.gen)
           ^^^^^^^^^^^^^^^^^^^^^
..\okto-r4-native-installed-zk_r383i\Lib\site-packages\fastapi\routing.py:247: in merged_lifespan
    async with original_context(app) as maybe_original_state:
               ^^^^^^^^^^^^^^^^^^^^^
C:\Python313\Lib\contextlib.py:214: in __aenter__
    return await anext(self.gen)
           ^^^^^^^^^^^^^^^^^^^^^
..\okto-r4-native-installed-zk_r383i\Lib\site-packages\fastapi\routing.py:247: in merged_lifespan
    async with original_context(app) as maybe_original_state:
               ^^^^^^^^^^^^^^^^^^^^^
C:\Python313\Lib\contextlib.py:214: in __aenter__
    return await anext(self.gen)
           ^^^^^^^^^^^^^^^^^^^^^
..\okto-r4-native-installed-zk_r383i\Lib\site-packages\fastapi\routing.py:247: in merged_lifespan
    async with original_context(app) as maybe_original_state:
               ^^^^^^^^^^^^^^^^^^^^^
C:\Python313\Lib\contextlib.py:214: in __aenter__
    return await anext(self.gen)
           ^^^^^^^^^^^^^^^^^^^^^
..\okto-r4-native-installed-zk_r383i\Lib\site-packages\fastapi\routing.py:247: in merged_lifespan
    async with original_context(app) as maybe_original_state:
               ^^^^^^^^^^^^^^^^^^^^^
C:\Python313\Lib\contextlib.py:214: in __aenter__
    return await anext(self.gen)
           ^^^^^^^^^^^^^^^^^^^^^
..\okto-r4-native-installed-zk_r383i\Lib\site-packages\fastapi\routing.py:247: in merged_lifespan
    async with original_context(app) as maybe_original_state:
               ^^^^^^^^^^^^^^^^^^^^^
C:\Python313\Lib\contextlib.py:214: in __aenter__
    return await anext(self.gen)
           ^^^^^^^^^^^^^^^^^^^^^
..\okto-r4-native-installed-zk_r383i\Lib\site-packages\okto_nexus\adapters\inbound\http\app.py:603: in lifespan
    await embedded_inventory.start()
..\okto-r4-native-installed-zk_r383i\Lib\site-packages\okto_nexus\bootstrap\embedded_inventory.py:57: in start
    return await asyncio.shield(self._startup_task)
           ^^^^^^^^^^^^^^^^^^^^^^^^^^^^^^^^^^^^^^^^
..\okto-r4-native-installed-zk_r383i\Lib\site-packages\okto_nexus\bootstrap\embedded_inventory.py:61: in _start
    await self.refresh()
..\okto-r4-native-installed-zk_r383i\Lib\site-packages\okto_nexus\bootstrap\embedded_inventory.py:71: in refresh
    return await asyncio.shield(self._refresh_task)
           ^^^^^^^^^^^^^^^^^^^^^^^^^^^^^^^^^^^^^^^^
..\okto-r4-native-installed-zk_r383i\Lib\site-packages\okto_nexus\bootstrap\embedded_inventory.py:75: in _refresh_owned
    return await self._refresh()
           ^^^^^^^^^^^^^^^^^^^^^
..\okto-r4-native-installed-zk_r383i\Lib\site-packages\okto_nexus\bootstrap\embedded_inventory.py:88: in _refresh
    publication = await asyncio.to_thread(self._publish, candidates, age_ms)
                  ^^^^^^^^^^^^^^^^^^^^^^^^^^^^^^^^^^^^^^^^^^^^^^^^^^^^^^^^^^
C:\Python313\Lib\asyncio\threads.py:25: in to_thread
    return await loop.run_in_executor(None, func_call)
           ^^^^^^^^^^^^^^^^^^^^^^^^^^^^^^^^^^^^^^^^^^^
C:\Python313\Lib\concurrent\futures\thread.py:59: in run
    result = self.fn(*self.args, **self.kwargs)
             ^^^^^^^^^^^^^^^^^^^^^^^^^^^^^^^^^^
..\okto-r4-native-installed-zk_r383i\Lib\site-packages\okto_nexus\bootstrap\embedded_inventory.py:101: in _publish
    snapshot = local_inventory_snapshot(candidates,
..\okto-r4-native-installed-zk_r383i\Lib\site-packages\okto_nexus\adapters\outbound\execution\core_inventory.py:95: in local_inventory_snapshot
    core = _core()
           ^^^^^^^
_ _ _ _ _ _ _ _ _ _ _ _ _ _ _ _ _ _ _ _ _ _ _ _ _ _ _ _ _ _ _ _ _ _ _ _ _ _ _ _

    def _core():
        import nexus_connector_core as core
    
        if core.__version__ != CORE_INVENTORY_VERSION:
>           raise RuntimeError(
                f"Core {CORE_INVENTORY_VERSION} is required for R4 inventory; "
                f"installed {core.__version__}"
            )
E           RuntimeError: Core 0.2.40.dev0 is required for R4 inventory; installed 0.2.41.dev0

..\okto-r4-native-installed-zk_r383i\Lib\site-packages\okto_nexus\adapters\outbound\execution\core_inventory.py:27: RuntimeError
_ ERROR at setup of test_missing_or_nexus_credentials_cannot_be_provider_secrets[nxc4_not_a_provider_secret] _

fixturedef = <FixtureDef argname='local_setup' scope='function' baseid='test_local_launch.py'>
request = <SubRequest 'local_setup' for <Function test_missing_or_nexus_credentials_cannot_be_provider_secrets[nxc4_not_a_provider_secret]>>

    @pytest.hookimpl(wrapper=True)
    def pytest_fixture_setup(fixturedef: FixtureDef, request) -> object | None:
        if (
            fixturedef.argname == "event_loop_policy"
            and fixturedef.func.__module__ != __name__
        ):
            warnings.warn(
                PytestDeprecationWarning(_EVENT_LOOP_POLICY_FIXTURE_DEPRECATION_WARNING),
            )
        asyncio_mode = _get_asyncio_mode(request.config)
        if not _is_asyncio_fixture_function(fixturedef.func):
            if asyncio_mode == Mode.STRICT:
                # Ignore async fixtures without explicit asyncio mark in strict mode
                # This applies to pytest_trio fixtures, for example
                return (yield)
            if not _is_coroutine_or_asyncgen(fixturedef.func):
>               return (yield)
                        ^^^^^

..\okto-r4-native-installed-zk_r383i\Lib\site-packages\pytest_asyncio\plugin.py:926: 
_ _ _ _ _ _ _ _ _ _ _ _ _ _ _ _ _ _ _ _ _ _ _ _ _ _ _ _ _ _ _ _ _ _ _ _ _ _ _ _
D:\Projetos\Techridy\okto_labs_okto_nexus\tests\execution_r4\test_local_realization.py:35: in local_setup
    with TestClient(app, raise_server_exceptions=False) as client:
         ^^^^^^^^^^^^^^^^^^^^^^^^^^^^^^^^^^^^^^^^^^^^^^
..\okto-r4-native-installed-zk_r383i\Lib\site-packages\starlette\testclient.py:517: in __enter__
    portal.call(self.wait_startup)
..\okto-r4-native-installed-zk_r383i\Lib\site-packages\anyio\from_thread.py:340: in call
    return cast(T_Retval, self.start_task_soon(func, *args).result())
                          ^^^^^^^^^^^^^^^^^^^^^^^^^^^^^^^^^^^^^^^^^^
C:\Python313\Lib\concurrent\futures\_base.py:456: in result
    return self.__get_result()
           ^^^^^^^^^^^^^^^^^^^
C:\Python313\Lib\concurrent\futures\_base.py:401: in __get_result
    raise self._exception
..\okto-r4-native-installed-zk_r383i\Lib\site-packages\anyio\from_thread.py:265: in _call_func
    retval = await retval_or_awaitable
             ^^^^^^^^^^^^^^^^^^^^^^^^^
..\okto-r4-native-installed-zk_r383i\Lib\site-packages\starlette\testclient.py:552: in wait_startup
    await receive()
..\okto-r4-native-installed-zk_r383i\Lib\site-packages\starlette\testclient.py:543: in receive
    self.task.result()
C:\Python313\Lib\concurrent\futures\_base.py:449: in result
    return self.__get_result()
           ^^^^^^^^^^^^^^^^^^^
C:\Python313\Lib\concurrent\futures\_base.py:401: in __get_result
    raise self._exception
..\okto-r4-native-installed-zk_r383i\Lib\site-packages\anyio\from_thread.py:265: in _call_func
    retval = await retval_or_awaitable
             ^^^^^^^^^^^^^^^^^^^^^^^^^
..\okto-r4-native-installed-zk_r383i\Lib\site-packages\starlette\testclient.py:533: in lifespan
    await self.app(scope, self.stream_receive.receive, self.stream_send.send)
..\okto-r4-native-installed-zk_r383i\Lib\site-packages\fastapi\applications.py:1202: in __call__
    await lifespan(
..\okto-r4-native-installed-zk_r383i\Lib\site-packages\fastapi\telemetry\_runtime.py:239: in lifespan
    await app(scope, wrapped_receive, wrapped_send)
..\okto-r4-native-installed-zk_r383i\Lib\site-packages\starlette\applications.py:96: in __call__
    await self.middleware_stack(scope, receive, send)
..\okto-r4-native-installed-zk_r383i\Lib\site-packages\starlette\middleware\errors.py:151: in __call__
    await self.app(scope, receive, send)
..\okto-r4-native-installed-zk_r383i\Lib\site-packages\fastapi\telemetry\_asgi.py:151: in __call__
    await self.app(scope, receive, send)
..\okto-r4-native-installed-zk_r383i\Lib\site-packages\starlette\middleware\base.py:103: in __call__
    await self.app(scope, receive, send)
..\okto-r4-native-installed-zk_r383i\Lib\site-packages\starlette\middleware\base.py:103: in __call__
    await self.app(scope, receive, send)
..\okto-r4-native-installed-zk_r383i\Lib\site-packages\starlette\middleware\base.py:103: in __call__
    await self.app(scope, receive, send)
..\okto-r4-native-installed-zk_r383i\Lib\site-packages\starlette\middleware\exceptions.py:49: in __call__
    await self.app(scope, receive, send)
..\okto-r4-native-installed-zk_r383i\Lib\site-packages\fastapi\middleware\asyncexitstack.py:18: in __call__
    await self.app(scope, receive, send)
..\okto-r4-native-installed-zk_r383i\Lib\site-packages\starlette\routing.py:676: in __call__
    await self.middleware_stack(scope, receive, send)
..\okto-r4-native-installed-zk_r383i\Lib\site-packages\fastapi\routing.py:2773: in app
    await self.lifespan(scope, receive, send)
..\okto-r4-native-installed-zk_r383i\Lib\site-packages\starlette\routing.py:654: in lifespan
    async with self.lifespan_context(app) as maybe_state:
               ^^^^^^^^^^^^^^^^^^^^^^^^^^
C:\Python313\Lib\contextlib.py:214: in __aenter__
    return await anext(self.gen)
           ^^^^^^^^^^^^^^^^^^^^^
..\okto-r4-native-installed-zk_r383i\Lib\site-packages\fastapi\routing.py:247: in merged_lifespan
    async with original_context(app) as maybe_original_state:
               ^^^^^^^^^^^^^^^^^^^^^
C:\Python313\Lib\contextlib.py:214: in __aenter__
    return await anext(self.gen)
           ^^^^^^^^^^^^^^^^^^^^^
..\okto-r4-native-installed-zk_r383i\Lib\site-packages\fastapi\routing.py:247: in merged_lifespan
    async with original_context(app) as maybe_original_state:
               ^^^^^^^^^^^^^^^^^^^^^
C:\Python313\Lib\contextlib.py:214: in __aenter__
    return await anext(self.gen)
           ^^^^^^^^^^^^^^^^^^^^^
..\okto-r4-native-installed-zk_r383i\Lib\site-packages\fastapi\routing.py:247: in merged_lifespan
    async with original_context(app) as maybe_original_state:
               ^^^^^^^^^^^^^^^^^^^^^
C:\Python313\Lib\contextlib.py:214: in __aenter__
    return await anext(self.gen)
           ^^^^^^^^^^^^^^^^^^^^^
..\okto-r4-native-installed-zk_r383i\Lib\site-packages\fastapi\routing.py:247: in merged_lifespan
    async with original_context(app) as maybe_original_state:
               ^^^^^^^^^^^^^^^^^^^^^
C:\Python313\Lib\contextlib.py:214: in __aenter__
    return await anext(self.gen)
           ^^^^^^^^^^^^^^^^^^^^^
..\okto-r4-native-installed-zk_r383i\Lib\site-packages\fastapi\routing.py:247: in merged_lifespan
    async with original_context(app) as maybe_original_state:
               ^^^^^^^^^^^^^^^^^^^^^
C:\Python313\Lib\contextlib.py:214: in __aenter__
    return await anext(self.gen)
           ^^^^^^^^^^^^^^^^^^^^^
..\okto-r4-native-installed-zk_r383i\Lib\site-packages\fastapi\routing.py:247: in merged_lifespan
    async with original_context(app) as maybe_original_state:
               ^^^^^^^^^^^^^^^^^^^^^
C:\Python313\Lib\contextlib.py:214: in __aenter__
    return await anext(self.gen)
           ^^^^^^^^^^^^^^^^^^^^^
..\okto-r4-native-installed-zk_r383i\Lib\site-packages\fastapi\routing.py:247: in merged_lifespan
    async with original_context(app) as maybe_original_state:
               ^^^^^^^^^^^^^^^^^^^^^
C:\Python313\Lib\contextlib.py:214: in __aenter__
    return await anext(self.gen)
           ^^^^^^^^^^^^^^^^^^^^^
..\okto-r4-native-installed-zk_r383i\Lib\site-packages\okto_nexus\adapters\inbound\http\app.py:603: in lifespan
    await embedded_inventory.start()
..\okto-r4-native-installed-zk_r383i\Lib\site-packages\okto_nexus\bootstrap\embedded_inventory.py:57: in start
    return await asyncio.shield(self._startup_task)
           ^^^^^^^^^^^^^^^^^^^^^^^^^^^^^^^^^^^^^^^^
..\okto-r4-native-installed-zk_r383i\Lib\site-packages\okto_nexus\bootstrap\embedded_inventory.py:61: in _start
    await self.refresh()
..\okto-r4-native-installed-zk_r383i\Lib\site-packages\okto_nexus\bootstrap\embedded_inventory.py:71: in refresh
    return await asyncio.shield(self._refresh_task)
           ^^^^^^^^^^^^^^^^^^^^^^^^^^^^^^^^^^^^^^^^
..\okto-r4-native-installed-zk_r383i\Lib\site-packages\okto_nexus\bootstrap\embedded_inventory.py:75: in _refresh_owned
    return await self._refresh()
           ^^^^^^^^^^^^^^^^^^^^^
..\okto-r4-native-installed-zk_r383i\Lib\site-packages\okto_nexus\bootstrap\embedded_inventory.py:88: in _refresh
    publication = await asyncio.to_thread(self._publish, candidates, age_ms)
                  ^^^^^^^^^^^^^^^^^^^^^^^^^^^^^^^^^^^^^^^^^^^^^^^^^^^^^^^^^^
C:\Python313\Lib\asyncio\threads.py:25: in to_thread
    return await loop.run_in_executor(None, func_call)
           ^^^^^^^^^^^^^^^^^^^^^^^^^^^^^^^^^^^^^^^^^^^
C:\Python313\Lib\concurrent\futures\thread.py:59: in run
    result = self.fn(*self.args, **self.kwargs)
             ^^^^^^^^^^^^^^^^^^^^^^^^^^^^^^^^^^
..\okto-r4-native-installed-zk_r383i\Lib\site-packages\okto_nexus\bootstrap\embedded_inventory.py:101: in _publish
    snapshot = local_inventory_snapshot(candidates,
..\okto-r4-native-installed-zk_r383i\Lib\site-packages\okto_nexus\adapters\outbound\execution\core_inventory.py:95: in local_inventory_snapshot
    core = _core()
           ^^^^^^^
_ _ _ _ _ _ _ _ _ _ _ _ _ _ _ _ _ _ _ _ _ _ _ _ _ _ _ _ _ _ _ _ _ _ _ _ _ _ _ _

    def _core():
        import nexus_connector_core as core
    
        if core.__version__ != CORE_INVENTORY_VERSION:
>           raise RuntimeError(
                f"Core {CORE_INVENTORY_VERSION} is required for R4 inventory; "
                f"installed {core.__version__}"
            )
E           RuntimeError: Core 0.2.40.dev0 is required for R4 inventory; installed 0.2.41.dev0

..\okto-r4-native-installed-zk_r383i\Lib\site-packages\okto_nexus\adapters\outbound\execution\core_inventory.py:27: RuntimeError
============================== warnings summary ===============================
..\okto-r4-native-installed-zk_r383i\Lib\site-packages\fastapi\testclient.py:1
  C:\Users\jpamb\AppData\Local\Temp\okto-r4-native-installed-zk_r383i\Lib\site-packages\fastapi\testclient.py:1: StarletteDeprecationWarning: Using `httpx` with `starlette.testclient` is deprecated; install `httpx2` instead.
    from starlette.testclient import TestClient as TestClient  # noqa

-- Docs: https://docs.pytest.org/en/stable/how-to/capture-warnings.html
=========================== short test summary info ===========================
ERROR D:\Projetos\Techridy\okto_labs_okto_nexus\tests\execution_r4\test_native_request_ingress.py::test_intact_proposal_redacted_display_and_replay_after_reopen
ERROR D:\Projetos\Techridy\okto_labs_okto_nexus\tests\execution_r4\test_native_request_ingress.py::test_gap_does_not_publish_request_or_refresh_its_expiry
ERROR D:\Projetos\Techridy\okto_labs_okto_nexus\tests\execution_r4\test_native_request_ingress.py::test_reused_native_id_with_different_content_rolls_back_entire_ack[params]
ERROR D:\Projetos\Techridy\okto_labs_okto_nexus\tests\execution_r4\test_native_request_ingress.py::test_reused_native_id_with_different_content_rolls_back_entire_ack[hash]
ERROR D:\Projetos\Techridy\okto_labs_okto_nexus\tests\execution_r4\test_native_request_ingress.py::test_reused_native_id_with_different_content_rolls_back_entire_ack[turn]
ERROR D:\Projetos\Techridy\okto_labs_okto_nexus\tests\execution_r4\test_native_request_ingress.py::test_reused_native_id_with_different_content_rolls_back_entire_ack[category]
ERROR D:\Projetos\Techridy\okto_labs_okto_nexus\tests\execution_r4\test_native_request_ingress.py::test_reused_native_id_with_different_content_rolls_back_entire_ack[operation]
ERROR D:\Projetos\Techridy\okto_labs_okto_nexus\tests\execution_r4\test_native_request_ingress.py::test_invalid_request_never_commits_event_or_request[no_operation]
ERROR D:\Projetos\Techridy\okto_labs_okto_nexus\tests\execution_r4\test_native_request_ingress.py::test_invalid_request_never_commits_event_or_request[not_turn]
ERROR D:\Projetos\Techridy\okto_labs_okto_nexus\tests\execution_r4\test_native_request_ingress.py::test_invalid_request_never_commits_event_or_request[scope]
ERROR D:\Projetos\Techridy\okto_labs_okto_nexus\tests\execution_r4\test_native_request_ingress.py::test_invalid_request_never_commits_event_or_request[future_generation]
ERROR D:\Projetos\Techridy\okto_labs_okto_nexus\tests\execution_r4\test_native_request_ingress.py::test_invalid_request_never_commits_event_or_request[bool_id]
ERROR D:\Projetos\Techridy\okto_labs_okto_nexus\tests\execution_r4\test_native_request_ingress.py::test_invalid_request_never_commits_event_or_request[bad_hash]
ERROR D:\Projetos\Techridy\okto_labs_okto_nexus\tests\execution_r4\test_native_request_ingress.py::test_invalid_request_never_commits_event_or_request[no_display]
ERROR D:\Projetos\Techridy\okto_labs_okto_nexus\tests\execution_r4\test_native_request_ingress.py::test_invalid_request_never_commits_event_or_request[administrative]
ERROR D:\Projetos\Techridy\okto_labs_okto_nexus\tests\execution_r4\test_native_request_ingress.py::test_typed_ids_are_distinct
ERROR D:\Projetos\Techridy\okto_labs_okto_nexus\tests\execution_r4\test_native_request_ingress.py::test_terminal_turn_cannot_leave_or_reopen_a_pending_request[False]
ERROR D:\Projetos\Techridy\okto_labs_okto_nexus\tests\execution_r4\test_native_request_ingress.py::test_terminal_turn_cannot_leave_or_reopen_a_pending_request[True]
ERROR D:\Projetos\Techridy\okto_labs_okto_nexus\tests\execution_r4\test_native_request_ingress.py::test_storage_failure_cannot_acknowledge_a_missing_request
ERROR D:\Projetos\Techridy\okto_labs_okto_nexus\tests\execution_r4\test_native_request_ingress.py::test_core_classifies_native_approval_and_input[item/tool/requestUserInput-params0-None-input_request-native_input]
ERROR D:\Projetos\Techridy\okto_labs_okto_nexus\tests\execution_r4\test_native_request_ingress.py::test_core_classifies_native_approval_and_input[control_request:can_use_tool-params1-3-approval_request-native_approval]
ERROR D:\Projetos\Techridy\okto_labs_okto_nexus\tests\execution_r4\test_native_request_ingress.py::test_core_classifies_native_approval_and_input[control_request:can_use_tool-params2-3-input_request-native_input]
ERROR D:\Projetos\Techridy\okto_labs_okto_nexus\tests\execution_r4\test_native_request_ingress.py::test_same_native_id_in_two_stream_namespaces_is_distinct
ERROR D:\Projetos\Techridy\okto_labs_okto_nexus\tests\execution_r4\test_native_request_ingress.py::test_old_generation_is_retained_without_actionable_authority
ERROR D:\Projetos\Techridy\okto_labs_okto_nexus\tests\execution_r4\test_event_ingress.py::test_gap_replay_and_conflict
ERROR D:\Projetos\Techridy\okto_labs_okto_nexus\tests\execution_r4\test_event_ingress.py::test_invalid_events_leave_storage_unchanged[wrong_channel]
ERROR D:\Projetos\Techridy\okto_labs_okto_nexus\tests\execution_r4\test_event_ingress.py::test_invalid_events_leave_storage_unchanged[wrong_event_scope]
ERROR D:\Projetos\Techridy\okto_labs_okto_nexus\tests\execution_r4\test_event_ingress.py::test_invalid_events_leave_storage_unchanged[wrong_session]
ERROR D:\Projetos\Techridy\okto_labs_okto_nexus\tests\execution_r4\test_event_ingress.py::test_invalid_events_leave_storage_unchanged[wrong_binding]
ERROR D:\Projetos\Techridy\okto_labs_okto_nexus\tests\execution_r4\test_event_ingress.py::test_invalid_events_leave_storage_unchanged[wrong_agent]
ERROR D:\Projetos\Techridy\okto_labs_okto_nexus\tests\execution_r4\test_event_ingress.py::test_invalid_events_leave_storage_unchanged[unknown_operation]
ERROR D:\Projetos\Techridy\okto_labs_okto_nexus\tests\execution_r4\test_event_ingress.py::test_invalid_events_leave_storage_unchanged[epoch_changed]
ERROR D:\Projetos\Techridy\okto_labs_okto_nexus\tests\execution_r4\test_event_ingress.py::test_invalid_events_leave_storage_unchanged[expired_lane]
ERROR D:\Projetos\Techridy\okto_labs_okto_nexus\tests\execution_r4\test_event_ingress.py::test_invalid_events_leave_storage_unchanged[revoked_ticket]
ERROR D:\Projetos\Techridy\okto_labs_okto_nexus\tests\execution_r4\test_event_ingress.py::test_invalid_events_leave_storage_unchanged[old_generation]
ERROR D:\Projetos\Techridy\okto_labs_okto_nexus\tests\execution_r4\test_event_ingress.py::test_invalid_events_leave_storage_unchanged[changed_revision]
ERROR D:\Projetos\Techridy\okto_labs_okto_nexus\tests\execution_r4\test_event_ingress.py::test_invalid_events_leave_storage_unchanged[oversized]
ERROR D:\Projetos\Techridy\okto_labs_okto_nexus\tests\execution_r4\test_event_ingress.py::test_invalid_events_leave_storage_unchanged[far_gap]
ERROR D:\Projetos\Techridy\okto_labs_okto_nexus\tests\execution_r4\test_event_ingress.py::test_storage_failure_never_returns_ack
ERROR D:\Projetos\Techridy\okto_labs_okto_nexus\tests\execution_r4\test_event_ingress.py::test_old_duplicate_survives_reopening_beyond_reducer_window
ERROR D:\Projetos\Techridy\okto_labs_okto_nexus\tests\execution_r4\test_embedded_tools.py::test_automatic_mcp_configuration_claims_work_and_cleans_secret
ERROR D:\Projetos\Techridy\okto_labs_okto_nexus\tests\execution_r4\test_embedded_tools.py::test_vault_failure_prevents_native_tool_launch
ERROR D:\Projetos\Techridy\okto_labs_okto_nexus\tests\execution_r4\test_embedded_tools.py::test_cancelled_tool_waiter_keeps_issuance_owned
ERROR D:\Projetos\Techridy\okto_labs_okto_nexus\tests\execution_r4\test_embedded_tools.py::test_automatic_pi_bridge_survives_initial_deadline_with_applied_renewal[pi_rpc]
ERROR D:\Projetos\Techridy\okto_labs_okto_nexus\tests\execution_r4\test_embedded_tools.py::test_approved_provider_home_uses_process_mcp_without_copying_login[codex_app_server]
ERROR D:\Projetos\Techridy\okto_labs_okto_nexus\tests\execution_r4\test_embedded_tools.py::test_approved_provider_home_uses_process_mcp_without_copying_login[claude_stream]
ERROR D:\Projetos\Techridy\okto_labs_okto_nexus\tests\execution_r4\test_local_launch.py::test_approved_local_configuration_reaches_core
ERROR D:\Projetos\Techridy\okto_labs_okto_nexus\tests\execution_r4\test_local_launch.py::test_local_configuration_drift_is_refused[record]
ERROR D:\Projetos\Techridy\okto_labs_okto_nexus\tests\execution_r4\test_local_launch.py::test_local_configuration_drift_is_refused[root]
ERROR D:\Projetos\Techridy\okto_labs_okto_nexus\tests\execution_r4\test_local_launch.py::test_local_configuration_drift_is_refused[binary]
ERROR D:\Projetos\Techridy\okto_labs_okto_nexus\tests\execution_r4\test_local_launch.py::test_local_configuration_drift_is_refused[owner]
ERROR D:\Projetos\Techridy\okto_labs_okto_nexus\tests\execution_r4\test_local_launch.py::test_local_configuration_drift_is_refused[profile]
ERROR D:\Projetos\Techridy\okto_labs_okto_nexus\tests\execution_r4\test_local_launch.py::test_authority_change_during_secret_resolution_is_refused
ERROR D:\Projetos\Techridy\okto_labs_okto_nexus\tests\execution_r4\test_local_launch.py::test_missing_or_nexus_credentials_cannot_be_provider_secrets[None]
ERROR D:\Projetos\Techridy\okto_labs_okto_nexus\tests\execution_r4\test_local_launch.py::test_missing_or_nexus_credentials_cannot_be_provider_secrets[nxc4_not_a_provider_secret]
1 warning, 55 errors in 131.04s (0:02:11)
